solid OpenSCAD_Model
  facet normal -0.9877 -0.156363 0
    outer loop
      vertex -52.8689 -34.0975 0
      vertex -52.9671 -33.4772 17
      vertex -52.9671 -33.4772 0
    endloop
  endfacet
  facet normal -0.9877 -0.156363 0
    outer loop
      vertex -52.9671 -33.4772 17
      vertex -52.8689 -34.0975 0
      vertex -52.8689 -34.0975 17
    endloop
  endfacet
  facet normal -0.965901 -0.258911 0
    outer loop
      vertex -52.7063 -34.7041 0
      vertex -52.8689 -34.0975 17
      vertex -52.8689 -34.0975 0
    endloop
  endfacet
  facet normal -0.965901 -0.258911 0
    outer loop
      vertex -52.8689 -34.0975 17
      vertex -52.7063 -34.7041 0
      vertex -52.7063 -34.7041 17
    endloop
  endfacet
  facet normal 0 0 -1
    outer loop
      vertex -20.7117 -21.1 0
      vertex 20.7117 -21.1 0
      vertex -20.5834 -21.3518 0
    endloop
  endfacet
  facet normal 0 0 -1
    outer loop
      vertex 21.0435 20.6433 0
      vertex -20.3648 22.1678 0
      vertex -20.35 22.45 0
    endloop
  endfacet
  facet normal 0 0 -1
    outer loop
      vertex 20.7117 -21.1 0
      vertex -20.7117 -21.1 0
      vertex 20.8657 -20.863 0
    endloop
  endfacet
  facet normal 0 0 -1
    outer loop
      vertex 21.0435 20.6433 0
      vertex -20.409 21.8886 0
      vertex -20.3648 22.1678 0
    endloop
  endfacet
  facet normal 0 0 -1
    outer loop
      vertex -20.8657 -20.863 0
      vertex 20.8657 -20.863 0
      vertex -20.7117 -21.1 0
    endloop
  endfacet
  facet normal 0 0 -1
    outer loop
      vertex 21.0435 20.6433 0
      vertex -20.4821 21.6157 0
      vertex -20.409 21.8886 0
    endloop
  endfacet
  facet normal 0 0 -1
    outer loop
      vertex 20.8657 -20.863 0
      vertex -20.8657 -20.863 0
      vertex 21.0435 -20.6433 0
    endloop
  endfacet
  facet normal 0 0 -1
    outer loop
      vertex 21.0435 20.6433 0
      vertex -20.5834 21.3518 0
      vertex -20.4821 21.6157 0
    endloop
  endfacet
  facet normal 0 0 -1
    outer loop
      vertex -21.0435 -20.6433 0
      vertex 21.0435 -20.6433 0
      vertex -20.8657 -20.863 0
    endloop
  endfacet
  facet normal 0 0 -1
    outer loop
      vertex 21.0435 20.6433 0
      vertex -20.7117 21.1 0
      vertex -20.5834 21.3518 0
    endloop
  endfacet
  facet normal 0 0 -1
    outer loop
      vertex 21.0435 -20.6433 0
      vertex -21.0435 -20.6433 0
      vertex 21.0435 20.6433 0
    endloop
  endfacet
  facet normal 0 0 -1
    outer loop
      vertex 21.0435 20.6433 0
      vertex -20.8657 20.863 0
      vertex -20.7117 21.1 0
    endloop
  endfacet
  facet normal 0 0 -1
    outer loop
      vertex -21.0435 20.6433 0
      vertex 21.0435 20.6433 0
      vertex -21.0435 -20.6433 0
    endloop
  endfacet
  facet normal 0 0 -1
    outer loop
      vertex 21.0435 20.6433 0
      vertex -21.0435 20.6433 0
      vertex -20.8657 20.863 0
    endloop
  endfacet
  facet normal 0 0 -1
    outer loop
      vertex -21.2433 -20.4435 0
      vertex -21.0435 20.6433 0
      vertex -21.0435 -20.6433 0
    endloop
  endfacet
  facet normal 0 0 -1
    outer loop
      vertex -21.2433 -20.4435 0
      vertex -21.2433 20.4435 0
      vertex -21.0435 20.6433 0
    endloop
  endfacet
  facet normal 0 0 -1
    outer loop
      vertex -21.463 -20.2657 0
      vertex -21.2433 20.4435 0
      vertex -21.2433 -20.4435 0
    endloop
  endfacet
  facet normal 0 0 -1
    outer loop
      vertex -21.463 -20.2657 0
      vertex -21.463 20.2657 0
      vertex -21.2433 20.4435 0
    endloop
  endfacet
  facet normal 0 0 -1
    outer loop
      vertex -21.7 -20.1117 0
      vertex -21.463 20.2657 0
      vertex -21.463 -20.2657 0
    endloop
  endfacet
  facet normal 0 0 -1
    outer loop
      vertex -21.7 -20.1117 0
      vertex -21.7 20.1117 0
      vertex -21.463 20.2657 0
    endloop
  endfacet
  facet normal 0 0 -1
    outer loop
      vertex -21.9518 -19.9834 0
      vertex -21.7 20.1117 0
      vertex -21.7 -20.1117 0
    endloop
  endfacet
  facet normal 0 0 -1
    outer loop
      vertex -21.9518 -19.9834 0
      vertex -21.9518 19.9834 0
      vertex -21.7 20.1117 0
    endloop
  endfacet
  facet normal 0 0 -1
    outer loop
      vertex -22.2157 -19.8821 0
      vertex -21.9518 19.9834 0
      vertex -21.9518 -19.9834 0
    endloop
  endfacet
  facet normal 0 0 -1
    outer loop
      vertex -22.2157 -19.8821 0
      vertex -22.2157 19.8821 0
      vertex -21.9518 19.9834 0
    endloop
  endfacet
  facet normal 0 0 -1
    outer loop
      vertex -22.4886 -19.809 0
      vertex -22.2157 19.8821 0
      vertex -22.2157 -19.8821 0
    endloop
  endfacet
  facet normal 0 0 -1
    outer loop
      vertex -22.4886 -19.809 0
      vertex -22.4886 19.809 0
      vertex -22.2157 19.8821 0
    endloop
  endfacet
  facet normal 0 0 -1
    outer loop
      vertex -22.7678 -19.7648 0
      vertex -22.4886 19.809 0
      vertex -22.4886 -19.809 0
    endloop
  endfacet
  facet normal 0 0 -1
    outer loop
      vertex -22.7678 -19.7648 0
      vertex -22.7678 19.7648 0
      vertex -22.4886 19.809 0
    endloop
  endfacet
  facet normal 0 0 -1
    outer loop
      vertex -23.05 -19.75 0
      vertex -22.7678 19.7648 0
      vertex -22.7678 -19.7648 0
    endloop
  endfacet
  facet normal 0 0 -1
    outer loop
      vertex -23.05 -19.75 0
      vertex -23.05 19.75 0
      vertex -22.7678 19.7648 0
    endloop
  endfacet
  facet normal 0 0 -1
    outer loop
      vertex -23.3322 -19.7648 0
      vertex -23.05 19.75 0
      vertex -23.05 -19.75 0
    endloop
  endfacet
  facet normal 0 0 -1
    outer loop
      vertex -23.3322 -19.7648 0
      vertex -23.3322 19.7648 0
      vertex -23.05 19.75 0
    endloop
  endfacet
  facet normal 0 0 -1
    outer loop
      vertex -23.6114 -19.809 0
      vertex -23.3322 19.7648 0
      vertex -23.3322 -19.7648 0
    endloop
  endfacet
  facet normal 0 0 -1
    outer loop
      vertex -23.6114 -19.809 0
      vertex -23.6114 19.809 0
      vertex -23.3322 19.7648 0
    endloop
  endfacet
  facet normal 0 0 -1
    outer loop
      vertex -23.8843 -19.8821 0
      vertex -23.6114 19.809 0
      vertex -23.6114 -19.809 0
    endloop
  endfacet
  facet normal 0 0 -1
    outer loop
      vertex -23.8843 -19.8821 0
      vertex -23.8843 19.8821 0
      vertex -23.6114 19.809 0
    endloop
  endfacet
  facet normal 0 0 -1
    outer loop
      vertex -24.1482 -19.9834 0
      vertex -23.8843 19.8821 0
      vertex -23.8843 -19.8821 0
    endloop
  endfacet
  facet normal 0 0 -1
    outer loop
      vertex -24.1482 -19.9834 0
      vertex -24.1482 19.9834 0
      vertex -23.8843 19.8821 0
    endloop
  endfacet
  facet normal 0 0 -1
    outer loop
      vertex -24.4 -20.1117 0
      vertex -24.1482 19.9834 0
      vertex -24.1482 -19.9834 0
    endloop
  endfacet
  facet normal 0 0 -1
    outer loop
      vertex -24.4 -20.1117 0
      vertex -24.4 20.1117 0
      vertex -24.1482 19.9834 0
    endloop
  endfacet
  facet normal 0 0 -1
    outer loop
      vertex -24.637 -20.2657 0
      vertex -24.4 20.1117 0
      vertex -24.4 -20.1117 0
    endloop
  endfacet
  facet normal 0 0 -1
    outer loop
      vertex -24.637 -20.2657 0
      vertex -24.637 20.2657 0
      vertex -24.4 20.1117 0
    endloop
  endfacet
  facet normal 0 0 -1
    outer loop
      vertex -24.8567 -20.4435 0
      vertex -24.637 20.2657 0
      vertex -24.637 -20.2657 0
    endloop
  endfacet
  facet normal 0 0 -1
    outer loop
      vertex -24.8567 -20.4435 0
      vertex -24.8567 20.4435 0
      vertex -24.637 20.2657 0
    endloop
  endfacet
  facet normal 0 0 -1
    outer loop
      vertex -25.0565 -20.6433 0
      vertex -24.8567 20.4435 0
      vertex -24.8567 -20.4435 0
    endloop
  endfacet
  facet normal 0 0 -1
    outer loop
      vertex -25.0565 -20.6433 0
      vertex -25.0565 20.6433 0
      vertex -24.8567 20.4435 0
    endloop
  endfacet
  facet normal 0 0 -1
    outer loop
      vertex -25.2343 -20.863 0
      vertex -25.0565 20.6433 0
      vertex -25.0565 -20.6433 0
    endloop
  endfacet
  facet normal 0 0 -1
    outer loop
      vertex -25.2343 -20.863 0
      vertex -25.2343 20.863 0
      vertex -25.0565 20.6433 0
    endloop
  endfacet
  facet normal 0 0 -1
    outer loop
      vertex -53 -32.85 0
      vertex -25.2343 -20.863 0
      vertex -25.3883 -21.1 0
    endloop
  endfacet
  facet normal -0 0 -1
    outer loop
      vertex -25.2343 -20.863 0
      vertex -53 -32.85 0
      vertex -25.2343 20.863 0
    endloop
  endfacet
  facet normal 0 0 -1
    outer loop
      vertex -53 -32.85 0
      vertex -25.3883 -21.1 0
      vertex -25.5166 -21.3518 0
    endloop
  endfacet
  facet normal 0 0 -1
    outer loop
      vertex -53 32.85 0
      vertex -25.2343 20.863 0
      vertex -53 -32.85 0
    endloop
  endfacet
  facet normal 0 0 -1
    outer loop
      vertex -53 -32.85 0
      vertex -25.5166 -21.3518 0
      vertex -25.6179 -21.6157 0
    endloop
  endfacet
  facet normal 0 0 -1
    outer loop
      vertex -25.2343 20.863 0
      vertex -53 32.85 0
      vertex -25.3883 21.1 0
    endloop
  endfacet
  facet normal 0 0 -1
    outer loop
      vertex -53 -32.85 0
      vertex -25.6179 -21.6157 0
      vertex -25.691 -21.8886 0
    endloop
  endfacet
  facet normal 0 0 -1
    outer loop
      vertex -25.3883 21.1 0
      vertex -53 32.85 0
      vertex -25.5166 21.3518 0
    endloop
  endfacet
  facet normal 0 0 -1
    outer loop
      vertex -53 -32.85 0
      vertex -25.691 -21.8886 0
      vertex -25.7352 -22.1678 0
    endloop
  endfacet
  facet normal 0 0 -1
    outer loop
      vertex -25.5166 21.3518 0
      vertex -53 32.85 0
      vertex -25.6179 21.6157 0
    endloop
  endfacet
  facet normal 0 0 -1
    outer loop
      vertex -53 -32.85 0
      vertex -25.7352 -22.1678 0
      vertex -25.75 -22.45 0
    endloop
  endfacet
  facet normal 0 0 -1
    outer loop
      vertex -25.6179 21.6157 0
      vertex -53 32.85 0
      vertex -25.691 21.8886 0
    endloop
  endfacet
  facet normal 0 0 -1
    outer loop
      vertex 25.6179 -21.6157 0
      vertex 53 -32.85 0
      vertex 25.691 -21.8886 0
    endloop
  endfacet
  facet normal 0 0 -1
    outer loop
      vertex 53 32.85 0
      vertex 25.7352 22.1678 0
      vertex 25.75 22.45 0
    endloop
  endfacet
  facet normal 0 0 -1
    outer loop
      vertex 25.5166 -21.3518 0
      vertex 53 -32.85 0
      vertex 25.6179 -21.6157 0
    endloop
  endfacet
  facet normal 0 0 -1
    outer loop
      vertex 53 32.85 0
      vertex 25.691 21.8886 0
      vertex 25.7352 22.1678 0
    endloop
  endfacet
  facet normal 0 0 -1
    outer loop
      vertex 25.3883 -21.1 0
      vertex 53 -32.85 0
      vertex 25.5166 -21.3518 0
    endloop
  endfacet
  facet normal 0 0 -1
    outer loop
      vertex 53 32.85 0
      vertex 25.6179 21.6157 0
      vertex 25.691 21.8886 0
    endloop
  endfacet
  facet normal 0 0 -1
    outer loop
      vertex 25.2343 -20.863 0
      vertex 53 -32.85 0
      vertex 25.3883 -21.1 0
    endloop
  endfacet
  facet normal 0 0 -1
    outer loop
      vertex 53 32.85 0
      vertex 25.5166 21.3518 0
      vertex 25.6179 21.6157 0
    endloop
  endfacet
  facet normal 0 0 -1
    outer loop
      vertex 53 -32.85 0
      vertex 25.2343 -20.863 0
      vertex 53 32.85 0
    endloop
  endfacet
  facet normal 0 0 -1
    outer loop
      vertex 53 32.85 0
      vertex 25.3883 21.1 0
      vertex 25.5166 21.3518 0
    endloop
  endfacet
  facet normal 0 0 -1
    outer loop
      vertex 25.2343 20.863 0
      vertex 53 32.85 0
      vertex 25.2343 -20.863 0
    endloop
  endfacet
  facet normal 0 0 -1
    outer loop
      vertex 53 32.85 0
      vertex 25.2343 20.863 0
      vertex 25.3883 21.1 0
    endloop
  endfacet
  facet normal 0 0 -1
    outer loop
      vertex 25.0565 -20.6433 0
      vertex 25.2343 20.863 0
      vertex 25.2343 -20.863 0
    endloop
  endfacet
  facet normal 0 0 -1
    outer loop
      vertex 25.0565 -20.6433 0
      vertex 25.0565 20.6433 0
      vertex 25.2343 20.863 0
    endloop
  endfacet
  facet normal 0 0 -1
    outer loop
      vertex 24.8567 -20.4435 0
      vertex 25.0565 20.6433 0
      vertex 25.0565 -20.6433 0
    endloop
  endfacet
  facet normal 0 0 -1
    outer loop
      vertex 24.8567 -20.4435 0
      vertex 24.8567 20.4435 0
      vertex 25.0565 20.6433 0
    endloop
  endfacet
  facet normal 0 0 -1
    outer loop
      vertex 24.637 -20.2657 0
      vertex 24.8567 20.4435 0
      vertex 24.8567 -20.4435 0
    endloop
  endfacet
  facet normal 0 0 -1
    outer loop
      vertex 24.637 -20.2657 0
      vertex 24.637 20.2657 0
      vertex 24.8567 20.4435 0
    endloop
  endfacet
  facet normal 0 0 -1
    outer loop
      vertex 24.4 -20.1117 0
      vertex 24.637 20.2657 0
      vertex 24.637 -20.2657 0
    endloop
  endfacet
  facet normal 0 0 -1
    outer loop
      vertex 24.4 -20.1117 0
      vertex 24.4 20.1117 0
      vertex 24.637 20.2657 0
    endloop
  endfacet
  facet normal 0 0 -1
    outer loop
      vertex 24.1482 -19.9834 0
      vertex 24.4 20.1117 0
      vertex 24.4 -20.1117 0
    endloop
  endfacet
  facet normal 0 0 -1
    outer loop
      vertex 24.1482 -19.9834 0
      vertex 24.1482 19.9834 0
      vertex 24.4 20.1117 0
    endloop
  endfacet
  facet normal 0 0 -1
    outer loop
      vertex 23.8843 -19.8821 0
      vertex 24.1482 19.9834 0
      vertex 24.1482 -19.9834 0
    endloop
  endfacet
  facet normal 0 0 -1
    outer loop
      vertex 23.8843 -19.8821 0
      vertex 23.8843 19.8821 0
      vertex 24.1482 19.9834 0
    endloop
  endfacet
  facet normal 0 0 -1
    outer loop
      vertex 23.6114 -19.809 0
      vertex 23.8843 19.8821 0
      vertex 23.8843 -19.8821 0
    endloop
  endfacet
  facet normal 0 0 -1
    outer loop
      vertex 23.6114 -19.809 0
      vertex 23.6114 19.809 0
      vertex 23.8843 19.8821 0
    endloop
  endfacet
  facet normal 0 0 -1
    outer loop
      vertex 23.3322 -19.7648 0
      vertex 23.6114 19.809 0
      vertex 23.6114 -19.809 0
    endloop
  endfacet
  facet normal 0 0 -1
    outer loop
      vertex 23.3322 -19.7648 0
      vertex 23.3322 19.7648 0
      vertex 23.6114 19.809 0
    endloop
  endfacet
  facet normal 0 0 -1
    outer loop
      vertex 23.05 -19.75 0
      vertex 23.3322 19.7648 0
      vertex 23.3322 -19.7648 0
    endloop
  endfacet
  facet normal 0 0 -1
    outer loop
      vertex 23.05 -19.75 0
      vertex 23.05 19.75 0
      vertex 23.3322 19.7648 0
    endloop
  endfacet
  facet normal 0 0 -1
    outer loop
      vertex 22.7678 -19.7648 0
      vertex 23.05 19.75 0
      vertex 23.05 -19.75 0
    endloop
  endfacet
  facet normal 0 0 -1
    outer loop
      vertex 22.7678 -19.7648 0
      vertex 22.7678 19.7648 0
      vertex 23.05 19.75 0
    endloop
  endfacet
  facet normal 0 0 -1
    outer loop
      vertex 22.4886 -19.809 0
      vertex 22.7678 19.7648 0
      vertex 22.7678 -19.7648 0
    endloop
  endfacet
  facet normal 0 0 -1
    outer loop
      vertex 22.4886 -19.809 0
      vertex 22.4886 19.809 0
      vertex 22.7678 19.7648 0
    endloop
  endfacet
  facet normal 0 0 -1
    outer loop
      vertex 22.2157 -19.8821 0
      vertex 22.4886 19.809 0
      vertex 22.4886 -19.809 0
    endloop
  endfacet
  facet normal 0 0 -1
    outer loop
      vertex 22.2157 -19.8821 0
      vertex 22.2157 19.8821 0
      vertex 22.4886 19.809 0
    endloop
  endfacet
  facet normal 0 0 -1
    outer loop
      vertex 21.9518 -19.9834 0
      vertex 22.2157 19.8821 0
      vertex 22.2157 -19.8821 0
    endloop
  endfacet
  facet normal 0 0 -1
    outer loop
      vertex 21.9518 -19.9834 0
      vertex 21.9518 19.9834 0
      vertex 22.2157 19.8821 0
    endloop
  endfacet
  facet normal 0 0 -1
    outer loop
      vertex 21.7 -20.1117 0
      vertex 21.9518 19.9834 0
      vertex 21.9518 -19.9834 0
    endloop
  endfacet
  facet normal 0 0 -1
    outer loop
      vertex 21.7 -20.1117 0
      vertex 21.7 20.1117 0
      vertex 21.9518 19.9834 0
    endloop
  endfacet
  facet normal 0 0 -1
    outer loop
      vertex 21.463 -20.2657 0
      vertex 21.7 20.1117 0
      vertex 21.7 -20.1117 0
    endloop
  endfacet
  facet normal 0 0 -1
    outer loop
      vertex 21.463 -20.2657 0
      vertex 21.463 20.2657 0
      vertex 21.7 20.1117 0
    endloop
  endfacet
  facet normal 0 0 -1
    outer loop
      vertex 21.2433 -20.4435 0
      vertex 21.463 20.2657 0
      vertex 21.463 -20.2657 0
    endloop
  endfacet
  facet normal 0 0 -1
    outer loop
      vertex 21.2433 -20.4435 0
      vertex 21.2433 20.4435 0
      vertex 21.463 20.2657 0
    endloop
  endfacet
  facet normal 0 0 -1
    outer loop
      vertex 21.0435 -20.6433 0
      vertex 21.2433 20.4435 0
      vertex 21.2433 -20.4435 0
    endloop
  endfacet
  facet normal 0 0 -1
    outer loop
      vertex 21.0435 -20.6433 0
      vertex 21.0435 20.6433 0
      vertex 21.2433 20.4435 0
    endloop
  endfacet
  facet normal 0 0 -1
    outer loop
      vertex 20.4821 -21.6157 0
      vertex -20.4821 -21.6157 0
      vertex 20.5834 -21.3518 0
    endloop
  endfacet
  facet normal 0 0 -1
    outer loop
      vertex -20.5834 -21.3518 0
      vertex 20.5834 -21.3518 0
      vertex -20.4821 -21.6157 0
    endloop
  endfacet
  facet normal 0 0 -1
    outer loop
      vertex -20.4821 -21.6157 0
      vertex 20.4821 -21.6157 0
      vertex -20.409 -21.8886 0
    endloop
  endfacet
  facet normal 0 0 -1
    outer loop
      vertex 20.5834 -21.3518 0
      vertex -20.5834 -21.3518 0
      vertex 20.7117 -21.1 0
    endloop
  endfacet
  facet normal 0 0 -1
    outer loop
      vertex 20.409 -21.8886 0
      vertex -20.409 -21.8886 0
      vertex 20.4821 -21.6157 0
    endloop
  endfacet
  facet normal 0 0 -1
    outer loop
      vertex 21.0435 20.6433 0
      vertex -20.35 22.45 0
      vertex 20.8657 20.863 0
    endloop
  endfacet
  facet normal 0 0 -1
    outer loop
      vertex -20.409 -21.8886 0
      vertex 20.409 -21.8886 0
      vertex -20.3648 -22.1678 0
    endloop
  endfacet
  facet normal 0 0 -1
    outer loop
      vertex 20.8657 20.863 0
      vertex -20.35 22.45 0
      vertex 20.7117 21.1 0
    endloop
  endfacet
  facet normal 0 0 -1
    outer loop
      vertex 20.3648 -22.1678 0
      vertex -20.3648 -22.1678 0
      vertex 20.409 -21.8886 0
    endloop
  endfacet
  facet normal 0 0 -1
    outer loop
      vertex 20.7117 21.1 0
      vertex -20.35 22.45 0
      vertex 20.5834 21.3518 0
    endloop
  endfacet
  facet normal 0 0 -1
    outer loop
      vertex -20.3648 -22.1678 0
      vertex 20.3648 -22.1678 0
      vertex -20.35 -22.45 0
    endloop
  endfacet
  facet normal 0 0 -1
    outer loop
      vertex 20.5834 21.3518 0
      vertex -20.35 22.45 0
      vertex 20.4821 21.6157 0
    endloop
  endfacet
  facet normal 0 0 -1
    outer loop
      vertex -20.35 -22.45 0
      vertex 20.3648 -22.1678 0
      vertex 20.35 -22.45 0
    endloop
  endfacet
  facet normal 0 0 -1
    outer loop
      vertex 20.4821 21.6157 0
      vertex -20.35 22.45 0
      vertex 20.409 21.8886 0
    endloop
  endfacet
  facet normal 0 0 -1
    outer loop
      vertex 47 -38.85 0
      vertex 53 -32.85 0
      vertex 52.9671 -33.4772 0
    endloop
  endfacet
  facet normal 0 0 -1
    outer loop
      vertex 25.7352 -22.1678 0
      vertex 53 -32.85 0
      vertex 25.75 -22.45 0
    endloop
  endfacet
  facet normal 0 0 -1
    outer loop
      vertex 47 -38.85 0
      vertex 52.9671 -33.4772 0
      vertex 52.8689 -34.0975 0
    endloop
  endfacet
  facet normal 0 0 -1
    outer loop
      vertex 25.691 -21.8886 0
      vertex 53 -32.85 0
      vertex 25.7352 -22.1678 0
    endloop
  endfacet
  facet normal 0 0 -1
    outer loop
      vertex 47 -38.85 0
      vertex 52.8689 -34.0975 0
      vertex 52.7063 -34.7041 0
    endloop
  endfacet
  facet normal 0 0 -1
    outer loop
      vertex 25.7352 22.7322 0
      vertex 53 32.85 0
      vertex 25.75 22.45 0
    endloop
  endfacet
  facet normal 0 0 -1
    outer loop
      vertex 47 -38.85 0
      vertex 52.7063 -34.7041 0
      vertex 52.4813 -35.2904 0
    endloop
  endfacet
  facet normal 0 0 -1
    outer loop
      vertex 25.691 23.0114 0
      vertex 53 32.85 0
      vertex 25.7352 22.7322 0
    endloop
  endfacet
  facet normal 0 0 -1
    outer loop
      vertex 47 -38.85 0
      vertex 52.4813 -35.2904 0
      vertex 52.1962 -35.85 0
    endloop
  endfacet
  facet normal 0 -0 -1
    outer loop
      vertex 47 38.85 0
      vertex 53 32.85 0
      vertex 25.691 23.0114 0
    endloop
  endfacet
  facet normal 0 0 -1
    outer loop
      vertex 47 -38.85 0
      vertex 52.1962 -35.85 0
      vertex 51.8541 -36.3767 0
    endloop
  endfacet
  facet normal 0 0 -1
    outer loop
      vertex 52.9671 33.4772 0
      vertex 47 38.85 0
      vertex 52.8689 34.0975 0
    endloop
  endfacet
  facet normal 0 0 -1
    outer loop
      vertex 47 -38.85 0
      vertex 51.8541 -36.3767 0
      vertex 51.4589 -36.8648 0
    endloop
  endfacet
  facet normal 0 0 -1
    outer loop
      vertex 52.8689 34.0975 0
      vertex 47 38.85 0
      vertex 52.7063 34.7041 0
    endloop
  endfacet
  facet normal 0 0 -1
    outer loop
      vertex 47 -38.85 0
      vertex 51.4589 -36.8648 0
      vertex 51.0148 -37.3089 0
    endloop
  endfacet
  facet normal 0 0 -1
    outer loop
      vertex 52.7063 34.7041 0
      vertex 47 38.85 0
      vertex 52.4813 35.2904 0
    endloop
  endfacet
  facet normal 0 0 -1
    outer loop
      vertex 47 -38.85 0
      vertex 51.0148 -37.3089 0
      vertex 50.5267 -37.7041 0
    endloop
  endfacet
  facet normal 0 0 -1
    outer loop
      vertex 52.1962 35.85 0
      vertex 47 38.85 0
      vertex 51.8541 36.3767 0
    endloop
  endfacet
  facet normal 0 0 -1
    outer loop
      vertex 47 -38.85 0
      vertex 50.5267 -37.7041 0
      vertex 50 -38.0461 0
    endloop
  endfacet
  facet normal 0 0 -1
    outer loop
      vertex 51.8541 36.3767 0
      vertex 47 38.85 0
      vertex 51.4589 36.8648 0
    endloop
  endfacet
  facet normal 0 0 -1
    outer loop
      vertex 47 -38.85 0
      vertex 50 -38.0461 0
      vertex 49.4404 -38.3313 0
    endloop
  endfacet
  facet normal 0 0 -1
    outer loop
      vertex 51.4589 36.8648 0
      vertex 47 38.85 0
      vertex 51.0148 37.3089 0
    endloop
  endfacet
  facet normal 0 0 -1
    outer loop
      vertex 47 -38.85 0
      vertex 49.4404 -38.3313 0
      vertex 48.8541 -38.5563 0
    endloop
  endfacet
  facet normal 0 0 -1
    outer loop
      vertex 51.0148 37.3089 0
      vertex 47 38.85 0
      vertex 50.5267 37.7041 0
    endloop
  endfacet
  facet normal 0 0 -1
    outer loop
      vertex 47 -38.85 0
      vertex 48.8541 -38.5563 0
      vertex 48.2475 -38.7189 0
    endloop
  endfacet
  facet normal 0 0 -1
    outer loop
      vertex 50.5267 37.7041 0
      vertex 47 38.85 0
      vertex 50 38.0461 0
    endloop
  endfacet
  facet normal 0 0 -1
    outer loop
      vertex 47 -38.85 0
      vertex 48.2475 -38.7189 0
      vertex 47.6272 -38.8171 0
    endloop
  endfacet
  facet normal 0 0 -1
    outer loop
      vertex 50 38.0461 0
      vertex 47 38.85 0
      vertex 49.4404 38.3313 0
    endloop
  endfacet
  facet normal -0 0 -1
    outer loop
      vertex 53 -32.85 0
      vertex 47 -38.85 0
      vertex 25.691 -23.0114 0
    endloop
  endfacet
  facet normal 0 0 -1
    outer loop
      vertex 49.4404 38.3313 0
      vertex 47 38.85 0
      vertex 48.8541 38.5563 0
    endloop
  endfacet
  facet normal 0 0 -1
    outer loop
      vertex 48.8541 38.5563 0
      vertex 47 38.85 0
      vertex 48.2475 38.7189 0
    endloop
  endfacet
  facet normal 0 0 -1
    outer loop
      vertex 53 -32.85 0
      vertex 25.7352 -22.7322 0
      vertex 25.75 -22.45 0
    endloop
  endfacet
  facet normal 0 0 -1
    outer loop
      vertex 53 -32.85 0
      vertex 25.691 -23.0114 0
      vertex 25.7352 -22.7322 0
    endloop
  endfacet
  facet normal 0 0 -1
    outer loop
      vertex 47 -38.85 0
      vertex 25.6179 -23.2843 0
      vertex 25.691 -23.0114 0
    endloop
  endfacet
  facet normal 0 0 -1
    outer loop
      vertex 47 -38.85 0
      vertex 25.5166 -23.5482 0
      vertex 25.6179 -23.2843 0
    endloop
  endfacet
  facet normal 0 0 -1
    outer loop
      vertex 47 -38.85 0
      vertex 25.3883 -23.8 0
      vertex 25.5166 -23.5482 0
    endloop
  endfacet
  facet normal 0 0 -1
    outer loop
      vertex 47 -38.85 0
      vertex 25.2343 -24.037 0
      vertex 25.3883 -23.8 0
    endloop
  endfacet
  facet normal 0 0 -1
    outer loop
      vertex 47 -38.85 0
      vertex 25.0565 -24.2567 0
      vertex 25.2343 -24.037 0
    endloop
  endfacet
  facet normal 0 0 -1
    outer loop
      vertex 47 -38.85 0
      vertex 24.8567 -24.4565 0
      vertex 25.0565 -24.2567 0
    endloop
  endfacet
  facet normal 0 0 -1
    outer loop
      vertex 47 -38.85 0
      vertex 24.637 -24.6343 0
      vertex 24.8567 -24.4565 0
    endloop
  endfacet
  facet normal 0 0 -1
    outer loop
      vertex 47 -38.85 0
      vertex 24.4 -24.7883 0
      vertex 24.637 -24.6343 0
    endloop
  endfacet
  facet normal 0 0 -1
    outer loop
      vertex 47 -38.85 0
      vertex 24.1482 -24.9166 0
      vertex 24.4 -24.7883 0
    endloop
  endfacet
  facet normal 0 0 -1
    outer loop
      vertex 47 -38.85 0
      vertex 23.8843 -25.0179 0
      vertex 24.1482 -24.9166 0
    endloop
  endfacet
  facet normal 0 0 -1
    outer loop
      vertex 47 -38.85 0
      vertex 23.6114 -25.091 0
      vertex 23.8843 -25.0179 0
    endloop
  endfacet
  facet normal 0 0 -1
    outer loop
      vertex 47 -38.85 0
      vertex 23.3322 -25.1352 0
      vertex 23.6114 -25.091 0
    endloop
  endfacet
  facet normal 0 0 -1
    outer loop
      vertex 47 -38.85 0
      vertex 23.05 -25.15 0
      vertex 23.3322 -25.1352 0
    endloop
  endfacet
  facet normal 0 0 -1
    outer loop
      vertex 47 -38.85 0
      vertex 22.7678 -25.1352 0
      vertex 23.05 -25.15 0
    endloop
  endfacet
  facet normal 0 0 -1
    outer loop
      vertex 47 -38.85 0
      vertex 22.4886 -25.091 0
      vertex 22.7678 -25.1352 0
    endloop
  endfacet
  facet normal 0 0 -1
    outer loop
      vertex 47 -38.85 0
      vertex 22.2157 -25.0179 0
      vertex 22.4886 -25.091 0
    endloop
  endfacet
  facet normal 0 0 -1
    outer loop
      vertex -22.2157 -25.0179 0
      vertex 22.2157 -25.0179 0
      vertex 47 -38.85 0
    endloop
  endfacet
  facet normal 0 0 -1
    outer loop
      vertex 22.2157 -25.0179 0
      vertex -22.2157 -25.0179 0
      vertex 21.9518 -24.9166 0
    endloop
  endfacet
  facet normal 0 0 -1
    outer loop
      vertex 20.409 21.8886 0
      vertex -20.35 22.45 0
      vertex 20.3648 22.1678 0
    endloop
  endfacet
  facet normal 0 0 -1
    outer loop
      vertex 20.3648 -22.7322 0
      vertex -20.35 -22.45 0
      vertex 20.35 -22.45 0
    endloop
  endfacet
  facet normal 0 0 -1
    outer loop
      vertex -20.3648 -22.7322 0
      vertex 20.3648 -22.7322 0
      vertex 20.409 -23.0114 0
    endloop
  endfacet
  facet normal 0 0 -1
    outer loop
      vertex -20.409 -23.0114 0
      vertex 20.409 -23.0114 0
      vertex 20.4821 -23.2843 0
    endloop
  endfacet
  facet normal 0 0 -1
    outer loop
      vertex -20.4821 -23.2843 0
      vertex 20.4821 -23.2843 0
      vertex 20.5834 -23.5482 0
    endloop
  endfacet
  facet normal 0 0 -1
    outer loop
      vertex -20.5834 -23.5482 0
      vertex 20.5834 -23.5482 0
      vertex 20.7117 -23.8 0
    endloop
  endfacet
  facet normal 0 0 -1
    outer loop
      vertex -20.7117 -23.8 0
      vertex 20.7117 -23.8 0
      vertex 20.8657 -24.037 0
    endloop
  endfacet
  facet normal 0 0 -1
    outer loop
      vertex -20.8657 -24.037 0
      vertex 20.8657 -24.037 0
      vertex 21.0435 -24.2567 0
    endloop
  endfacet
  facet normal 0 0 -1
    outer loop
      vertex -21.0435 -24.2567 0
      vertex 21.0435 -24.2567 0
      vertex 21.2433 -24.4565 0
    endloop
  endfacet
  facet normal 0 0 -1
    outer loop
      vertex -21.2433 -24.4565 0
      vertex 21.2433 -24.4565 0
      vertex 21.463 -24.6343 0
    endloop
  endfacet
  facet normal 0 0 -1
    outer loop
      vertex -21.463 -24.6343 0
      vertex 21.463 -24.6343 0
      vertex 21.7 -24.7883 0
    endloop
  endfacet
  facet normal 0 -0 -1
    outer loop
      vertex -21.9518 -24.9166 0
      vertex 21.9518 -24.9166 0
      vertex -22.2157 -25.0179 0
    endloop
  endfacet
  facet normal 0 0 -1
    outer loop
      vertex 20.3648 -22.7322 0
      vertex -20.3648 -22.7322 0
      vertex -20.35 -22.45 0
    endloop
  endfacet
  facet normal 0 0 -1
    outer loop
      vertex 20.409 -23.0114 0
      vertex -20.409 -23.0114 0
      vertex -20.3648 -22.7322 0
    endloop
  endfacet
  facet normal 0 0 -1
    outer loop
      vertex 20.4821 -23.2843 0
      vertex -20.4821 -23.2843 0
      vertex -20.409 -23.0114 0
    endloop
  endfacet
  facet normal 0 0 -1
    outer loop
      vertex 20.5834 -23.5482 0
      vertex -20.5834 -23.5482 0
      vertex -20.4821 -23.2843 0
    endloop
  endfacet
  facet normal 0 0 -1
    outer loop
      vertex 20.7117 -23.8 0
      vertex -20.7117 -23.8 0
      vertex -20.5834 -23.5482 0
    endloop
  endfacet
  facet normal 0 0 -1
    outer loop
      vertex 20.8657 -24.037 0
      vertex -20.8657 -24.037 0
      vertex -20.7117 -23.8 0
    endloop
  endfacet
  facet normal 0 0 -1
    outer loop
      vertex 21.0435 -24.2567 0
      vertex -21.0435 -24.2567 0
      vertex -20.8657 -24.037 0
    endloop
  endfacet
  facet normal 0 0 -1
    outer loop
      vertex 21.2433 -24.4565 0
      vertex -21.2433 -24.4565 0
      vertex -21.0435 -24.2567 0
    endloop
  endfacet
  facet normal 0 0 -1
    outer loop
      vertex 21.463 -24.6343 0
      vertex -21.463 -24.6343 0
      vertex -21.2433 -24.4565 0
    endloop
  endfacet
  facet normal 0 0 -1
    outer loop
      vertex 21.7 -24.7883 0
      vertex -21.7 -24.7883 0
      vertex -21.463 -24.6343 0
    endloop
  endfacet
  facet normal -0 0 -1
    outer loop
      vertex 21.7 -24.7883 0
      vertex -21.9518 -24.9166 0
      vertex -21.7 -24.7883 0
    endloop
  endfacet
  facet normal 0 0 -1
    outer loop
      vertex 21.9518 -24.9166 0
      vertex -21.9518 -24.9166 0
      vertex 21.7 -24.7883 0
    endloop
  endfacet
  facet normal 0 0 -1
    outer loop
      vertex -47 -38.85 0
      vertex -22.2157 -25.0179 0
      vertex 47 -38.85 0
    endloop
  endfacet
  facet normal 0 0 -1
    outer loop
      vertex -22.2157 -25.0179 0
      vertex -47 -38.85 0
      vertex -22.4886 -25.091 0
    endloop
  endfacet
  facet normal 0 0 -1
    outer loop
      vertex -22.4886 -25.091 0
      vertex -47 -38.85 0
      vertex -22.7678 -25.1352 0
    endloop
  endfacet
  facet normal 0 0 -1
    outer loop
      vertex -22.7678 -25.1352 0
      vertex -47 -38.85 0
      vertex -23.05 -25.15 0
    endloop
  endfacet
  facet normal -0 0 -1
    outer loop
      vertex -23.05 -25.15 0
      vertex -47 -38.85 0
      vertex -23.3322 -25.1352 0
    endloop
  endfacet
  facet normal -0 0 -1
    outer loop
      vertex -25.7352 -22.7322 0
      vertex -53 -32.85 0
      vertex -25.75 -22.45 0
    endloop
  endfacet
  facet normal -0 0 -1
    outer loop
      vertex -25.691 -23.0114 0
      vertex -53 -32.85 0
      vertex -25.7352 -22.7322 0
    endloop
  endfacet
  facet normal 0 0 -1
    outer loop
      vertex -53 -32.85 0
      vertex -25.691 -23.0114 0
      vertex -47 -38.85 0
    endloop
  endfacet
  facet normal -0 0 -1
    outer loop
      vertex -25.6179 -23.2843 0
      vertex -47 -38.85 0
      vertex -25.691 -23.0114 0
    endloop
  endfacet
  facet normal -0 0 -1
    outer loop
      vertex -25.5166 -23.5482 0
      vertex -47 -38.85 0
      vertex -25.6179 -23.2843 0
    endloop
  endfacet
  facet normal -0 0 -1
    outer loop
      vertex -25.3883 -23.8 0
      vertex -47 -38.85 0
      vertex -25.5166 -23.5482 0
    endloop
  endfacet
  facet normal -0 0 -1
    outer loop
      vertex -25.2343 -24.037 0
      vertex -47 -38.85 0
      vertex -25.3883 -23.8 0
    endloop
  endfacet
  facet normal -0 0 -1
    outer loop
      vertex -25.0565 -24.2567 0
      vertex -47 -38.85 0
      vertex -25.2343 -24.037 0
    endloop
  endfacet
  facet normal -0 0 -1
    outer loop
      vertex -24.8567 -24.4565 0
      vertex -47 -38.85 0
      vertex -25.0565 -24.2567 0
    endloop
  endfacet
  facet normal -0 0 -1
    outer loop
      vertex -24.637 -24.6343 0
      vertex -47 -38.85 0
      vertex -24.8567 -24.4565 0
    endloop
  endfacet
  facet normal -0 0 -1
    outer loop
      vertex -24.4 -24.7883 0
      vertex -47 -38.85 0
      vertex -24.637 -24.6343 0
    endloop
  endfacet
  facet normal -0 0 -1
    outer loop
      vertex -24.1482 -24.9166 0
      vertex -47 -38.85 0
      vertex -24.4 -24.7883 0
    endloop
  endfacet
  facet normal -0 0 -1
    outer loop
      vertex -23.8843 -25.0179 0
      vertex -47 -38.85 0
      vertex -24.1482 -24.9166 0
    endloop
  endfacet
  facet normal -0 0 -1
    outer loop
      vertex -23.6114 -25.091 0
      vertex -47 -38.85 0
      vertex -23.8843 -25.0179 0
    endloop
  endfacet
  facet normal -0 0 -1
    outer loop
      vertex -23.3322 -25.1352 0
      vertex -47 -38.85 0
      vertex -23.6114 -25.091 0
    endloop
  endfacet
  facet normal 0 0 -1
    outer loop
      vertex 48.2475 38.7189 0
      vertex 47 38.85 0
      vertex 47.6272 38.8171 0
    endloop
  endfacet
  facet normal 0 0 -1
    outer loop
      vertex 52.4813 35.2904 0
      vertex 47 38.85 0
      vertex 52.1962 35.85 0
    endloop
  endfacet
  facet normal 0 0 -1
    outer loop
      vertex 53 32.85 0
      vertex 47 38.85 0
      vertex 52.9671 33.4772 0
    endloop
  endfacet
  facet normal 0 0 -1
    outer loop
      vertex 25.6179 23.2843 0
      vertex 47 38.85 0
      vertex 25.691 23.0114 0
    endloop
  endfacet
  facet normal 0 0 -1
    outer loop
      vertex 25.5166 23.5482 0
      vertex 47 38.85 0
      vertex 25.6179 23.2843 0
    endloop
  endfacet
  facet normal 0 0 -1
    outer loop
      vertex 25.3883 23.8 0
      vertex 47 38.85 0
      vertex 25.5166 23.5482 0
    endloop
  endfacet
  facet normal 0 0 -1
    outer loop
      vertex 25.2343 24.037 0
      vertex 47 38.85 0
      vertex 25.3883 23.8 0
    endloop
  endfacet
  facet normal 0 0 -1
    outer loop
      vertex 25.0565 24.2567 0
      vertex 47 38.85 0
      vertex 25.2343 24.037 0
    endloop
  endfacet
  facet normal 0 0 -1
    outer loop
      vertex 24.8567 24.4565 0
      vertex 47 38.85 0
      vertex 25.0565 24.2567 0
    endloop
  endfacet
  facet normal 0 0 -1
    outer loop
      vertex 24.637 24.6343 0
      vertex 47 38.85 0
      vertex 24.8567 24.4565 0
    endloop
  endfacet
  facet normal 0 0 -1
    outer loop
      vertex 24.4 24.7883 0
      vertex 47 38.85 0
      vertex 24.637 24.6343 0
    endloop
  endfacet
  facet normal 0 0 -1
    outer loop
      vertex 24.1482 24.9166 0
      vertex 47 38.85 0
      vertex 24.4 24.7883 0
    endloop
  endfacet
  facet normal 0 0 -1
    outer loop
      vertex 23.8843 25.0179 0
      vertex 47 38.85 0
      vertex 24.1482 24.9166 0
    endloop
  endfacet
  facet normal 0 0 -1
    outer loop
      vertex 23.6114 25.091 0
      vertex 47 38.85 0
      vertex 23.8843 25.0179 0
    endloop
  endfacet
  facet normal 0 0 -1
    outer loop
      vertex 23.3322 25.1352 0
      vertex 47 38.85 0
      vertex 23.6114 25.091 0
    endloop
  endfacet
  facet normal 0 0 -1
    outer loop
      vertex 23.05 25.15 0
      vertex 47 38.85 0
      vertex 23.3322 25.1352 0
    endloop
  endfacet
  facet normal 0 0 -1
    outer loop
      vertex 22.7678 25.1352 0
      vertex 47 38.85 0
      vertex 23.05 25.15 0
    endloop
  endfacet
  facet normal 0 0 -1
    outer loop
      vertex 22.4886 25.091 0
      vertex 47 38.85 0
      vertex 22.7678 25.1352 0
    endloop
  endfacet
  facet normal 0 0 -1
    outer loop
      vertex 22.2157 25.0179 0
      vertex 47 38.85 0
      vertex 22.4886 25.091 0
    endloop
  endfacet
  facet normal 0 0 -1
    outer loop
      vertex -22.2157 25.0179 0
      vertex 22.2157 25.0179 0
      vertex 21.9518 24.9166 0
    endloop
  endfacet
  facet normal 0 0 -1
    outer loop
      vertex -21.9518 24.9166 0
      vertex 21.9518 24.9166 0
      vertex 21.7 24.7883 0
    endloop
  endfacet
  facet normal 0 0 -1
    outer loop
      vertex 20.3648 22.1678 0
      vertex -20.35 22.45 0
      vertex 20.35 22.45 0
    endloop
  endfacet
  facet normal 0 0 -1
    outer loop
      vertex 20.35 22.45 0
      vertex -20.35 22.45 0
      vertex 20.3648 22.7322 0
    endloop
  endfacet
  facet normal 0 0 -1
    outer loop
      vertex -20.3648 22.7322 0
      vertex 20.3648 22.7322 0
      vertex -20.35 22.45 0
    endloop
  endfacet
  facet normal 0 0 -1
    outer loop
      vertex 20.3648 22.7322 0
      vertex -20.3648 22.7322 0
      vertex 20.409 23.0114 0
    endloop
  endfacet
  facet normal 0 0 -1
    outer loop
      vertex -20.409 23.0114 0
      vertex 20.409 23.0114 0
      vertex -20.3648 22.7322 0
    endloop
  endfacet
  facet normal 0 0 -1
    outer loop
      vertex 20.409 23.0114 0
      vertex -20.409 23.0114 0
      vertex 20.4821 23.2843 0
    endloop
  endfacet
  facet normal 0 0 -1
    outer loop
      vertex -20.4821 23.2843 0
      vertex 20.4821 23.2843 0
      vertex -20.409 23.0114 0
    endloop
  endfacet
  facet normal 0 0 -1
    outer loop
      vertex 20.4821 23.2843 0
      vertex -20.4821 23.2843 0
      vertex 20.5834 23.5482 0
    endloop
  endfacet
  facet normal 0 0 -1
    outer loop
      vertex -20.5834 23.5482 0
      vertex 20.5834 23.5482 0
      vertex -20.4821 23.2843 0
    endloop
  endfacet
  facet normal 0 0 -1
    outer loop
      vertex 20.5834 23.5482 0
      vertex -20.5834 23.5482 0
      vertex 20.7117 23.8 0
    endloop
  endfacet
  facet normal 0 0 -1
    outer loop
      vertex -20.7117 23.8 0
      vertex 20.7117 23.8 0
      vertex -20.5834 23.5482 0
    endloop
  endfacet
  facet normal 0 0 -1
    outer loop
      vertex 20.7117 23.8 0
      vertex -20.7117 23.8 0
      vertex 20.8657 24.037 0
    endloop
  endfacet
  facet normal 0 0 -1
    outer loop
      vertex -20.8657 24.037 0
      vertex 20.8657 24.037 0
      vertex -20.7117 23.8 0
    endloop
  endfacet
  facet normal 0 0 -1
    outer loop
      vertex 20.8657 24.037 0
      vertex -20.8657 24.037 0
      vertex 21.0435 24.2567 0
    endloop
  endfacet
  facet normal 0 0 -1
    outer loop
      vertex -21.0435 24.2567 0
      vertex 21.0435 24.2567 0
      vertex -20.8657 24.037 0
    endloop
  endfacet
  facet normal 0 0 -1
    outer loop
      vertex 21.0435 24.2567 0
      vertex -21.0435 24.2567 0
      vertex 21.2433 24.4565 0
    endloop
  endfacet
  facet normal 0 0 -1
    outer loop
      vertex -21.2433 24.4565 0
      vertex 21.2433 24.4565 0
      vertex -21.0435 24.2567 0
    endloop
  endfacet
  facet normal 0 0 -1
    outer loop
      vertex 21.2433 24.4565 0
      vertex -21.2433 24.4565 0
      vertex 21.463 24.6343 0
    endloop
  endfacet
  facet normal 0 0 -1
    outer loop
      vertex -21.463 24.6343 0
      vertex 21.463 24.6343 0
      vertex -21.2433 24.4565 0
    endloop
  endfacet
  facet normal 0 0 -1
    outer loop
      vertex 21.463 24.6343 0
      vertex -21.463 24.6343 0
      vertex 21.7 24.7883 0
    endloop
  endfacet
  facet normal 0 0 -1
    outer loop
      vertex -21.7 24.7883 0
      vertex 21.7 24.7883 0
      vertex -21.463 24.6343 0
    endloop
  endfacet
  facet normal 0 0 -1
    outer loop
      vertex -21.9518 24.9166 0
      vertex 21.7 24.7883 0
      vertex -21.7 24.7883 0
    endloop
  endfacet
  facet normal 0 0 -1
    outer loop
      vertex 21.9518 24.9166 0
      vertex -21.9518 24.9166 0
      vertex -22.2157 25.0179 0
    endloop
  endfacet
  facet normal 0 0 -1
    outer loop
      vertex 22.2157 25.0179 0
      vertex -22.2157 25.0179 0
      vertex 47 38.85 0
    endloop
  endfacet
  facet normal 0 0 -1
    outer loop
      vertex -47 38.85 0
      vertex -22.2157 25.0179 0
      vertex -22.4886 25.091 0
    endloop
  endfacet
  facet normal 0 0 -1
    outer loop
      vertex -47 38.85 0
      vertex -22.4886 25.091 0
      vertex -22.7678 25.1352 0
    endloop
  endfacet
  facet normal 0 0 -1
    outer loop
      vertex -47 38.85 0
      vertex -22.7678 25.1352 0
      vertex -23.05 25.15 0
    endloop
  endfacet
  facet normal 0 0 -1
    outer loop
      vertex -47 38.85 0
      vertex -23.05 25.15 0
      vertex -23.3322 25.1352 0
    endloop
  endfacet
  facet normal 0 0 -1
    outer loop
      vertex -47 38.85 0
      vertex -23.3322 25.1352 0
      vertex -23.6114 25.091 0
    endloop
  endfacet
  facet normal 0 0 -1
    outer loop
      vertex -25.691 21.8886 0
      vertex -53 32.85 0
      vertex -25.7352 22.1678 0
    endloop
  endfacet
  facet normal 0 0 -1
    outer loop
      vertex -25.7352 22.1678 0
      vertex -53 32.85 0
      vertex -25.75 22.45 0
    endloop
  endfacet
  facet normal 0 0 -1
    outer loop
      vertex -25.75 22.45 0
      vertex -53 32.85 0
      vertex -25.7352 22.7322 0
    endloop
  endfacet
  facet normal 0 0 -1
    outer loop
      vertex -22.2157 25.0179 0
      vertex -47 38.85 0
      vertex 47 38.85 0
    endloop
  endfacet
  facet normal 0 0 -1
    outer loop
      vertex -23.8843 25.0179 0
      vertex -47 38.85 0
      vertex -23.6114 25.091 0
    endloop
  endfacet
  facet normal 0 0 -1
    outer loop
      vertex -24.1482 24.9166 0
      vertex -47 38.85 0
      vertex -23.8843 25.0179 0
    endloop
  endfacet
  facet normal 0 0 -1
    outer loop
      vertex -24.4 24.7883 0
      vertex -47 38.85 0
      vertex -24.1482 24.9166 0
    endloop
  endfacet
  facet normal 0 0 -1
    outer loop
      vertex -24.637 24.6343 0
      vertex -47 38.85 0
      vertex -24.4 24.7883 0
    endloop
  endfacet
  facet normal 0 0 -1
    outer loop
      vertex -24.8567 24.4565 0
      vertex -47 38.85 0
      vertex -24.637 24.6343 0
    endloop
  endfacet
  facet normal 0 0 -1
    outer loop
      vertex -25.0565 24.2567 0
      vertex -47 38.85 0
      vertex -24.8567 24.4565 0
    endloop
  endfacet
  facet normal 0 0 -1
    outer loop
      vertex -25.2343 24.037 0
      vertex -47 38.85 0
      vertex -25.0565 24.2567 0
    endloop
  endfacet
  facet normal 0 0 -1
    outer loop
      vertex -25.3883 23.8 0
      vertex -47 38.85 0
      vertex -25.2343 24.037 0
    endloop
  endfacet
  facet normal 0 0 -1
    outer loop
      vertex -25.5166 23.5482 0
      vertex -47 38.85 0
      vertex -25.3883 23.8 0
    endloop
  endfacet
  facet normal 0 0 -1
    outer loop
      vertex -25.6179 23.2843 0
      vertex -47 38.85 0
      vertex -25.5166 23.5482 0
    endloop
  endfacet
  facet normal 0 0 -1
    outer loop
      vertex -25.7352 22.7322 0
      vertex -53 32.85 0
      vertex -25.691 23.0114 0
    endloop
  endfacet
  facet normal 0 0 -1
    outer loop
      vertex -53 -32.85 0
      vertex -47 -38.85 0
      vertex -47.6272 -38.8171 0
    endloop
  endfacet
  facet normal 0 -0 -1
    outer loop
      vertex -47 38.85 0
      vertex -25.691 23.0114 0
      vertex -53 32.85 0
    endloop
  endfacet
  facet normal 0 0 -1
    outer loop
      vertex -53 -32.85 0
      vertex -47.6272 -38.8171 0
      vertex -48.2475 -38.7189 0
    endloop
  endfacet
  facet normal 0 0 -1
    outer loop
      vertex -25.691 23.0114 0
      vertex -47 38.85 0
      vertex -25.6179 23.2843 0
    endloop
  endfacet
  facet normal 0 0 -1
    outer loop
      vertex -53 -32.85 0
      vertex -48.2475 -38.7189 0
      vertex -48.8541 -38.5563 0
    endloop
  endfacet
  facet normal 0 0 -1
    outer loop
      vertex -47 38.85 0
      vertex -53 32.85 0
      vertex -47.6272 38.8171 0
    endloop
  endfacet
  facet normal 0 0 -1
    outer loop
      vertex -53 -32.85 0
      vertex -48.8541 -38.5563 0
      vertex -49.4404 -38.3313 0
    endloop
  endfacet
  facet normal 0 0 -1
    outer loop
      vertex -47.6272 38.8171 0
      vertex -53 32.85 0
      vertex -48.2475 38.7189 0
    endloop
  endfacet
  facet normal 0 0 -1
    outer loop
      vertex -53 -32.85 0
      vertex -49.4404 -38.3313 0
      vertex -50 -38.0461 0
    endloop
  endfacet
  facet normal 0 0 -1
    outer loop
      vertex -48.2475 38.7189 0
      vertex -53 32.85 0
      vertex -48.8541 38.5563 0
    endloop
  endfacet
  facet normal 0 0 -1
    outer loop
      vertex -53 -32.85 0
      vertex -50 -38.0461 0
      vertex -50.5267 -37.7041 0
    endloop
  endfacet
  facet normal 0 0 -1
    outer loop
      vertex -48.8541 38.5563 0
      vertex -53 32.85 0
      vertex -49.4404 38.3313 0
    endloop
  endfacet
  facet normal 0 0 -1
    outer loop
      vertex -53 -32.85 0
      vertex -50.5267 -37.7041 0
      vertex -51.0148 -37.3089 0
    endloop
  endfacet
  facet normal 0 0 -1
    outer loop
      vertex -49.4404 38.3313 0
      vertex -53 32.85 0
      vertex -50 38.0461 0
    endloop
  endfacet
  facet normal 0 0 -1
    outer loop
      vertex -53 -32.85 0
      vertex -51.0148 -37.3089 0
      vertex -51.4589 -36.8648 0
    endloop
  endfacet
  facet normal 0 0 -1
    outer loop
      vertex -50 38.0461 0
      vertex -53 32.85 0
      vertex -50.5267 37.7041 0
    endloop
  endfacet
  facet normal 0 0 -1
    outer loop
      vertex -53 -32.85 0
      vertex -51.4589 -36.8648 0
      vertex -51.8541 -36.3767 0
    endloop
  endfacet
  facet normal 0 0 -1
    outer loop
      vertex -50.5267 37.7041 0
      vertex -53 32.85 0
      vertex -51.0148 37.3089 0
    endloop
  endfacet
  facet normal 0 0 -1
    outer loop
      vertex -53 -32.85 0
      vertex -51.8541 -36.3767 0
      vertex -52.1962 -35.85 0
    endloop
  endfacet
  facet normal 0 0 -1
    outer loop
      vertex -51.0148 37.3089 0
      vertex -53 32.85 0
      vertex -51.4589 36.8648 0
    endloop
  endfacet
  facet normal 0 0 -1
    outer loop
      vertex -53 -32.85 0
      vertex -52.1962 -35.85 0
      vertex -52.4813 -35.2904 0
    endloop
  endfacet
  facet normal 0 0 -1
    outer loop
      vertex -51.4589 36.8648 0
      vertex -53 32.85 0
      vertex -51.8541 36.3767 0
    endloop
  endfacet
  facet normal 0 0 -1
    outer loop
      vertex -53 -32.85 0
      vertex -52.4813 -35.2904 0
      vertex -52.7063 -34.7041 0
    endloop
  endfacet
  facet normal 0 0 -1
    outer loop
      vertex -51.8541 36.3767 0
      vertex -53 32.85 0
      vertex -52.1962 35.85 0
    endloop
  endfacet
  facet normal 0 0 -1
    outer loop
      vertex -53 -32.85 0
      vertex -52.7063 -34.7041 0
      vertex -52.8689 -34.0975 0
    endloop
  endfacet
  facet normal 0 0 -1
    outer loop
      vertex -52.1962 35.85 0
      vertex -53 32.85 0
      vertex -52.4813 35.2904 0
    endloop
  endfacet
  facet normal 0 0 -1
    outer loop
      vertex -53 -32.85 0
      vertex -52.8689 -34.0975 0
      vertex -52.9671 -33.4772 0
    endloop
  endfacet
  facet normal 0 0 -1
    outer loop
      vertex -52.4813 35.2904 0
      vertex -53 32.85 0
      vertex -52.7063 34.7041 0
    endloop
  endfacet
  facet normal 0 0 -1
    outer loop
      vertex -52.7063 34.7041 0
      vertex -53 32.85 0
      vertex -52.8689 34.0975 0
    endloop
  endfacet
  facet normal 0 0 -1
    outer loop
      vertex -52.8689 34.0975 0
      vertex -53 32.85 0
      vertex -52.9671 33.4772 0
    endloop
  endfacet
  facet normal 0 -1 0
    outer loop
      vertex -47 -38.85 11
      vertex -16 -38.85 7.4
      vertex -16 -38.85 11
    endloop
  endfacet
  facet normal 0 -1 -0
    outer loop
      vertex -16 -38.85 7.4
      vertex -47 -38.85 0
      vertex 16 -38.85 7.4
    endloop
  endfacet
  facet normal 0 -1 0
    outer loop
      vertex -47 -38.85 0
      vertex -16 -38.85 7.4
      vertex -47 -38.85 11
    endloop
  endfacet
  facet normal 0 -1 0
    outer loop
      vertex 16 -38.85 7.4
      vertex 47 -38.85 11
      vertex 16 -38.85 11
    endloop
  endfacet
  facet normal 0 -1 0
    outer loop
      vertex 47 -38.85 0
      vertex 16 -38.85 7.4
      vertex -47 -38.85 0
    endloop
  endfacet
  facet normal 0 -1 0
    outer loop
      vertex 16 -38.85 7.4
      vertex 47 -38.85 0
      vertex 47 -38.85 11
    endloop
  endfacet
  facet normal 0.998627 0.0523833 0
    outer loop
      vertex 53 32.85 17
      vertex 52.9671 33.4772 0
      vertex 52.9671 33.4772 17
    endloop
  endfacet
  facet normal 0.998627 0.0523833 0
    outer loop
      vertex 52.9671 33.4772 0
      vertex 53 32.85 17
      vertex 53 32.85 0
    endloop
  endfacet
  facet normal 0 0 1
    outer loop
      vertex 23.05 27.5 11
      vertex 24 27.85 11
      vertex 24 28.85 11
    endloop
  endfacet
  facet normal 0 0 1
    outer loop
      vertex 24 27.85 11
      vertex 23.05 27.5 11
      vertex 23.5779 27.4723 11
    endloop
  endfacet
  facet normal 0 0 1
    outer loop
      vertex 24 28.85 11
      vertex 22.5221 27.4723 11
      vertex 23.05 27.5 11
    endloop
  endfacet
  facet normal 0 0 1
    outer loop
      vertex 24 28.85 11
      vertex 22 27.3896 11
      vertex 22.5221 27.4723 11
    endloop
  endfacet
  facet normal 0 0 1
    outer loop
      vertex 24 28.85 11
      vertex 21.4895 27.2528 11
      vertex 22 27.3896 11
    endloop
  endfacet
  facet normal -0 0 1
    outer loop
      vertex 16 28.85 11
      vertex 21.4895 27.2528 11
      vertex 24 28.85 11
    endloop
  endfacet
  facet normal 0 0 1
    outer loop
      vertex 21.4895 27.2528 11
      vertex 16 28.85 11
      vertex 20.996 27.0634 11
    endloop
  endfacet
  facet normal 0 0 1
    outer loop
      vertex 16 -38.85 11
      vertex 18.0277 -21.9221 11
      vertex 16 28.85 11
    endloop
  endfacet
  facet normal 0 0 1
    outer loop
      vertex 18.0277 22.9779 11
      vertex 16 28.85 11
      vertex 18 22.45 11
    endloop
  endfacet
  facet normal 0 0 1
    outer loop
      vertex 18.1104 23.5 11
      vertex 16 28.85 11
      vertex 18.0277 22.9779 11
    endloop
  endfacet
  facet normal 0 0 1
    outer loop
      vertex 18.2472 24.0105 11
      vertex 16 28.85 11
      vertex 18.1104 23.5 11
    endloop
  endfacet
  facet normal 0 0 1
    outer loop
      vertex 18.4366 24.504 11
      vertex 16 28.85 11
      vertex 18.2472 24.0105 11
    endloop
  endfacet
  facet normal 0 0 1
    outer loop
      vertex 18.6766 24.975 11
      vertex 16 28.85 11
      vertex 18.4366 24.504 11
    endloop
  endfacet
  facet normal 0 0 1
    outer loop
      vertex 18.9645 25.4183 11
      vertex 16 28.85 11
      vertex 18.6766 24.975 11
    endloop
  endfacet
  facet normal 0 0 1
    outer loop
      vertex 19.2971 25.8291 11
      vertex 16 28.85 11
      vertex 18.9645 25.4183 11
    endloop
  endfacet
  facet normal 0 0 1
    outer loop
      vertex 19.6709 26.2029 11
      vertex 16 28.85 11
      vertex 19.2971 25.8291 11
    endloop
  endfacet
  facet normal 0 0 1
    outer loop
      vertex 20.0817 26.5355 11
      vertex 16 28.85 11
      vertex 19.6709 26.2029 11
    endloop
  endfacet
  facet normal 0 0 1
    outer loop
      vertex 20.525 26.8234 11
      vertex 16 28.85 11
      vertex 20.0817 26.5355 11
    endloop
  endfacet
  facet normal 0 0 1
    outer loop
      vertex 20.996 27.0634 11
      vertex 16 28.85 11
      vertex 20.525 26.8234 11
    endloop
  endfacet
  facet normal 0 0 1
    outer loop
      vertex 27.8528 20.8895 11
      vertex 36 27.85 11
      vertex 27.9896 21.4 11
    endloop
  endfacet
  facet normal 0 0 1
    outer loop
      vertex 47 28.85 11
      vertex 28.0723 -21.9221 11
      vertex 28.1 -22.45 11
    endloop
  endfacet
  facet normal 0 0 1
    outer loop
      vertex 27.6634 20.396 11
      vertex 36 27.85 11
      vertex 27.8528 20.8895 11
    endloop
  endfacet
  facet normal 0 0 1
    outer loop
      vertex 47 28.85 11
      vertex 27.9896 -21.4 11
      vertex 28.0723 -21.9221 11
    endloop
  endfacet
  facet normal 0 0 1
    outer loop
      vertex 27.4234 19.925 11
      vertex 36 27.85 11
      vertex 27.6634 20.396 11
    endloop
  endfacet
  facet normal 0 0 1
    outer loop
      vertex 47 28.85 11
      vertex 27.8528 -20.8895 11
      vertex 27.9896 -21.4 11
    endloop
  endfacet
  facet normal -0 0 1
    outer loop
      vertex 36 27.85 11
      vertex 27.4234 19.925 11
      vertex 47 28.85 11
    endloop
  endfacet
  facet normal 0 0 1
    outer loop
      vertex 47 28.85 11
      vertex 27.6634 -20.396 11
      vertex 27.8528 -20.8895 11
    endloop
  endfacet
  facet normal 0 0 1
    outer loop
      vertex 27.1355 19.4817 11
      vertex 47 28.85 11
      vertex 27.4234 19.925 11
    endloop
  endfacet
  facet normal 0 0 1
    outer loop
      vertex 47 28.85 11
      vertex 27.4234 -19.925 11
      vertex 27.6634 -20.396 11
    endloop
  endfacet
  facet normal 0 0 1
    outer loop
      vertex 26.8029 19.0709 11
      vertex 47 28.85 11
      vertex 27.1355 19.4817 11
    endloop
  endfacet
  facet normal 0 0 1
    outer loop
      vertex 47 28.85 11
      vertex 27.1355 -19.4817 11
      vertex 27.4234 -19.925 11
    endloop
  endfacet
  facet normal 0 0 1
    outer loop
      vertex 26.8029 -19.0709 11
      vertex 47 28.85 11
      vertex 26.8029 19.0709 11
    endloop
  endfacet
  facet normal 0 0 1
    outer loop
      vertex 47 28.85 11
      vertex 26.8029 -19.0709 11
      vertex 27.1355 -19.4817 11
    endloop
  endfacet
  facet normal -0 0 1
    outer loop
      vertex 26.4291 18.6971 11
      vertex 26.8029 -19.0709 11
      vertex 26.8029 19.0709 11
    endloop
  endfacet
  facet normal 0 0 1
    outer loop
      vertex 26.4291 18.6971 11
      vertex 26.4291 -18.6971 11
      vertex 26.8029 -19.0709 11
    endloop
  endfacet
  facet normal -0 0 1
    outer loop
      vertex 26.0183 18.3645 11
      vertex 26.4291 -18.6971 11
      vertex 26.4291 18.6971 11
    endloop
  endfacet
  facet normal 0 0 1
    outer loop
      vertex 26.0183 18.3645 11
      vertex 26.0183 -18.3645 11
      vertex 26.4291 -18.6971 11
    endloop
  endfacet
  facet normal -0 0 1
    outer loop
      vertex 25.575 18.0766 11
      vertex 26.0183 -18.3645 11
      vertex 26.0183 18.3645 11
    endloop
  endfacet
  facet normal 0 0 1
    outer loop
      vertex 25.575 18.0766 11
      vertex 25.575 -18.0766 11
      vertex 26.0183 -18.3645 11
    endloop
  endfacet
  facet normal -0 0 1
    outer loop
      vertex 25.104 17.8366 11
      vertex 25.575 -18.0766 11
      vertex 25.575 18.0766 11
    endloop
  endfacet
  facet normal 0 0 1
    outer loop
      vertex 25.104 17.8366 11
      vertex 25.104 -17.8366 11
      vertex 25.575 -18.0766 11
    endloop
  endfacet
  facet normal -0 0 1
    outer loop
      vertex 24.6105 17.6472 11
      vertex 25.104 -17.8366 11
      vertex 25.104 17.8366 11
    endloop
  endfacet
  facet normal 0 0 1
    outer loop
      vertex 24.6105 17.6472 11
      vertex 24.6105 -17.6472 11
      vertex 25.104 -17.8366 11
    endloop
  endfacet
  facet normal -0 0 1
    outer loop
      vertex 24.1 17.5104 11
      vertex 24.6105 -17.6472 11
      vertex 24.6105 17.6472 11
    endloop
  endfacet
  facet normal 0 0 1
    outer loop
      vertex 24.1 17.5104 11
      vertex 24.1 -17.5104 11
      vertex 24.6105 -17.6472 11
    endloop
  endfacet
  facet normal -0 0 1
    outer loop
      vertex 23.5779 17.4277 11
      vertex 24.1 -17.5104 11
      vertex 24.1 17.5104 11
    endloop
  endfacet
  facet normal 0 0 1
    outer loop
      vertex 23.5779 17.4277 11
      vertex 23.5779 -17.4277 11
      vertex 24.1 -17.5104 11
    endloop
  endfacet
  facet normal -0 0 1
    outer loop
      vertex 23.05 17.4 11
      vertex 23.5779 -17.4277 11
      vertex 23.5779 17.4277 11
    endloop
  endfacet
  facet normal 0 0 1
    outer loop
      vertex 23.05 17.4 11
      vertex 23.05 -17.4 11
      vertex 23.5779 -17.4277 11
    endloop
  endfacet
  facet normal 0 0 1
    outer loop
      vertex 22.5221 17.4277 11
      vertex 23.05 -17.4 11
      vertex 23.05 17.4 11
    endloop
  endfacet
  facet normal 0 0 1
    outer loop
      vertex 22.5221 17.4277 11
      vertex 22.5221 -17.4277 11
      vertex 23.05 -17.4 11
    endloop
  endfacet
  facet normal 0 0 1
    outer loop
      vertex 22 17.5104 11
      vertex 22.5221 -17.4277 11
      vertex 22.5221 17.4277 11
    endloop
  endfacet
  facet normal 0 0 1
    outer loop
      vertex 22 17.5104 11
      vertex 22 -17.5104 11
      vertex 22.5221 -17.4277 11
    endloop
  endfacet
  facet normal 0 0 1
    outer loop
      vertex 21.4895 17.6472 11
      vertex 22 -17.5104 11
      vertex 22 17.5104 11
    endloop
  endfacet
  facet normal 0 0 1
    outer loop
      vertex 21.4895 17.6472 11
      vertex 21.4895 -17.6472 11
      vertex 22 -17.5104 11
    endloop
  endfacet
  facet normal 0 0 1
    outer loop
      vertex 20.996 17.8366 11
      vertex 21.4895 -17.6472 11
      vertex 21.4895 17.6472 11
    endloop
  endfacet
  facet normal 0 0 1
    outer loop
      vertex 20.996 17.8366 11
      vertex 20.996 -17.8366 11
      vertex 21.4895 -17.6472 11
    endloop
  endfacet
  facet normal 0 0 1
    outer loop
      vertex 20.525 18.0766 11
      vertex 20.996 -17.8366 11
      vertex 20.996 17.8366 11
    endloop
  endfacet
  facet normal 0 0 1
    outer loop
      vertex 20.525 18.0766 11
      vertex 20.525 -18.0766 11
      vertex 20.996 -17.8366 11
    endloop
  endfacet
  facet normal 0 0 1
    outer loop
      vertex 20.0817 18.3645 11
      vertex 20.525 -18.0766 11
      vertex 20.525 18.0766 11
    endloop
  endfacet
  facet normal 0 0 1
    outer loop
      vertex 20.0817 18.3645 11
      vertex 20.0817 -18.3645 11
      vertex 20.525 -18.0766 11
    endloop
  endfacet
  facet normal 0 0 1
    outer loop
      vertex 19.6709 18.6971 11
      vertex 20.0817 -18.3645 11
      vertex 20.0817 18.3645 11
    endloop
  endfacet
  facet normal 0 0 1
    outer loop
      vertex 19.6709 18.6971 11
      vertex 19.6709 -18.6971 11
      vertex 20.0817 -18.3645 11
    endloop
  endfacet
  facet normal 0 0 1
    outer loop
      vertex 19.2971 19.0709 11
      vertex 19.6709 -18.6971 11
      vertex 19.6709 18.6971 11
    endloop
  endfacet
  facet normal 0 0 1
    outer loop
      vertex 19.2971 19.0709 11
      vertex 19.2971 -19.0709 11
      vertex 19.6709 -18.6971 11
    endloop
  endfacet
  facet normal 0 0 1
    outer loop
      vertex 18.9645 19.4817 11
      vertex 19.2971 -19.0709 11
      vertex 19.2971 19.0709 11
    endloop
  endfacet
  facet normal 0 0 1
    outer loop
      vertex 18.9645 19.4817 11
      vertex 18.9645 -19.4817 11
      vertex 19.2971 -19.0709 11
    endloop
  endfacet
  facet normal 0 0 1
    outer loop
      vertex 18.6766 19.925 11
      vertex 18.9645 -19.4817 11
      vertex 18.9645 19.4817 11
    endloop
  endfacet
  facet normal 0 0 1
    outer loop
      vertex 18.6766 19.925 11
      vertex 18.6766 -19.925 11
      vertex 18.9645 -19.4817 11
    endloop
  endfacet
  facet normal 0 0 1
    outer loop
      vertex 18.4366 20.396 11
      vertex 18.6766 -19.925 11
      vertex 18.6766 19.925 11
    endloop
  endfacet
  facet normal 0 0 1
    outer loop
      vertex 18.4366 20.396 11
      vertex 18.4366 -20.396 11
      vertex 18.6766 -19.925 11
    endloop
  endfacet
  facet normal 0 0 1
    outer loop
      vertex 18.2472 20.8895 11
      vertex 18.4366 -20.396 11
      vertex 18.4366 20.396 11
    endloop
  endfacet
  facet normal 0 0 1
    outer loop
      vertex 18.2472 20.8895 11
      vertex 18.2472 -20.8895 11
      vertex 18.4366 -20.396 11
    endloop
  endfacet
  facet normal 0 0 1
    outer loop
      vertex 18.1104 21.4 11
      vertex 18.2472 -20.8895 11
      vertex 18.2472 20.8895 11
    endloop
  endfacet
  facet normal 0 0 1
    outer loop
      vertex 18.1104 21.4 11
      vertex 18.1104 -21.4 11
      vertex 18.2472 -20.8895 11
    endloop
  endfacet
  facet normal 0 0 1
    outer loop
      vertex 16 28.85 11
      vertex 18.1104 21.4 11
      vertex 18.0277 21.9221 11
    endloop
  endfacet
  facet normal 0 0 1
    outer loop
      vertex 18.1104 21.4 11
      vertex 16 28.85 11
      vertex 18.1104 -21.4 11
    endloop
  endfacet
  facet normal 0 0 1
    outer loop
      vertex 16 28.85 11
      vertex 18.0277 21.9221 11
      vertex 18 22.45 11
    endloop
  endfacet
  facet normal 0 0 1
    outer loop
      vertex 18.1104 -21.4 11
      vertex 16 28.85 11
      vertex 18.0277 -21.9221 11
    endloop
  endfacet
  facet normal 0 0 1
    outer loop
      vertex 36 27.85 11
      vertex 28.0723 22.9779 11
      vertex 28.1 22.45 11
    endloop
  endfacet
  facet normal 0 0 1
    outer loop
      vertex 36 27.85 11
      vertex 27.9896 23.5 11
      vertex 28.0723 22.9779 11
    endloop
  endfacet
  facet normal 0 0 1
    outer loop
      vertex 36 27.85 11
      vertex 27.8528 24.0105 11
      vertex 27.9896 23.5 11
    endloop
  endfacet
  facet normal 0 0 1
    outer loop
      vertex 36 27.85 11
      vertex 27.6634 24.504 11
      vertex 27.8528 24.0105 11
    endloop
  endfacet
  facet normal 0 0 1
    outer loop
      vertex 36 27.85 11
      vertex 27.4234 24.975 11
      vertex 27.6634 24.504 11
    endloop
  endfacet
  facet normal 0 0 1
    outer loop
      vertex 36 27.85 11
      vertex 27.1355 25.4183 11
      vertex 27.4234 24.975 11
    endloop
  endfacet
  facet normal 0 0 1
    outer loop
      vertex 36 27.85 11
      vertex 26.8029 25.8291 11
      vertex 27.1355 25.4183 11
    endloop
  endfacet
  facet normal 0 0 1
    outer loop
      vertex 36 27.85 11
      vertex 26.4291 26.2029 11
      vertex 26.8029 25.8291 11
    endloop
  endfacet
  facet normal 0 0 1
    outer loop
      vertex 36 27.85 11
      vertex 26.0183 26.5355 11
      vertex 26.4291 26.2029 11
    endloop
  endfacet
  facet normal 0 0 1
    outer loop
      vertex 36 27.85 11
      vertex 25.575 26.8234 11
      vertex 26.0183 26.5355 11
    endloop
  endfacet
  facet normal -0 0 1
    outer loop
      vertex 24 27.85 11
      vertex 25.575 26.8234 11
      vertex 36 27.85 11
    endloop
  endfacet
  facet normal 0 0 1
    outer loop
      vertex 25.575 26.8234 11
      vertex 24 27.85 11
      vertex 25.104 27.0634 11
    endloop
  endfacet
  facet normal 0 0 1
    outer loop
      vertex 25.104 27.0634 11
      vertex 24 27.85 11
      vertex 24.6105 27.2528 11
    endloop
  endfacet
  facet normal 0 0 1
    outer loop
      vertex 24.6105 27.2528 11
      vertex 24 27.85 11
      vertex 24.1 27.3896 11
    endloop
  endfacet
  facet normal 0 0 1
    outer loop
      vertex 24.1 27.3896 11
      vertex 24 27.85 11
      vertex 23.5779 27.4723 11
    endloop
  endfacet
  facet normal 0 0 1
    outer loop
      vertex 36 27.85 11
      vertex 47 28.85 11
      vertex 36 28.85 11
    endloop
  endfacet
  facet normal 0 0 1
    outer loop
      vertex 28.0723 21.9221 11
      vertex 36 27.85 11
      vertex 28.1 22.45 11
    endloop
  endfacet
  facet normal 0 0 1
    outer loop
      vertex 27.9896 21.4 11
      vertex 36 27.85 11
      vertex 28.0723 21.9221 11
    endloop
  endfacet
  facet normal 0 0 1
    outer loop
      vertex 47 28.85 11
      vertex 28.1 -22.45 11
      vertex 47 -38.85 11
    endloop
  endfacet
  facet normal -0 0 1
    outer loop
      vertex 28.0723 -22.9779 11
      vertex 47 -38.85 11
      vertex 28.1 -22.45 11
    endloop
  endfacet
  facet normal -0 0 1
    outer loop
      vertex 27.9896 -23.5 11
      vertex 47 -38.85 11
      vertex 28.0723 -22.9779 11
    endloop
  endfacet
  facet normal -0 0 1
    outer loop
      vertex 27.8528 -24.0105 11
      vertex 47 -38.85 11
      vertex 27.9896 -23.5 11
    endloop
  endfacet
  facet normal -0 0 1
    outer loop
      vertex 27.6634 -24.504 11
      vertex 47 -38.85 11
      vertex 27.8528 -24.0105 11
    endloop
  endfacet
  facet normal -0 0 1
    outer loop
      vertex 27.4234 -24.975 11
      vertex 47 -38.85 11
      vertex 27.6634 -24.504 11
    endloop
  endfacet
  facet normal -0 0 1
    outer loop
      vertex 27.1355 -25.4183 11
      vertex 47 -38.85 11
      vertex 27.4234 -24.975 11
    endloop
  endfacet
  facet normal -0 0 1
    outer loop
      vertex 26.8029 -25.8291 11
      vertex 47 -38.85 11
      vertex 27.1355 -25.4183 11
    endloop
  endfacet
  facet normal -0 0 1
    outer loop
      vertex 26.4291 -26.2029 11
      vertex 47 -38.85 11
      vertex 26.8029 -25.8291 11
    endloop
  endfacet
  facet normal -0 0 1
    outer loop
      vertex 26.0183 -26.5355 11
      vertex 47 -38.85 11
      vertex 26.4291 -26.2029 11
    endloop
  endfacet
  facet normal -0 0 1
    outer loop
      vertex 25.575 -26.8234 11
      vertex 47 -38.85 11
      vertex 26.0183 -26.5355 11
    endloop
  endfacet
  facet normal -0 0 1
    outer loop
      vertex 25.104 -27.0634 11
      vertex 47 -38.85 11
      vertex 25.575 -26.8234 11
    endloop
  endfacet
  facet normal 0 0 1
    outer loop
      vertex 16 -38.85 11
      vertex 25.104 -27.0634 11
      vertex 24.6105 -27.2528 11
    endloop
  endfacet
  facet normal 0 0 1
    outer loop
      vertex 16 -38.85 11
      vertex 24.6105 -27.2528 11
      vertex 24.1 -27.3896 11
    endloop
  endfacet
  facet normal 0 0 1
    outer loop
      vertex 16 -38.85 11
      vertex 24.1 -27.3896 11
      vertex 23.5779 -27.4723 11
    endloop
  endfacet
  facet normal 0 0 1
    outer loop
      vertex 16 -38.85 11
      vertex 23.5779 -27.4723 11
      vertex 23.05 -27.5 11
    endloop
  endfacet
  facet normal 0 0 1
    outer loop
      vertex 16 -38.85 11
      vertex 23.05 -27.5 11
      vertex 22.5221 -27.4723 11
    endloop
  endfacet
  facet normal 0 0 1
    outer loop
      vertex 16 -38.85 11
      vertex 22.5221 -27.4723 11
      vertex 22 -27.3896 11
    endloop
  endfacet
  facet normal 0 0 1
    outer loop
      vertex 16 -38.85 11
      vertex 22 -27.3896 11
      vertex 21.4895 -27.2528 11
    endloop
  endfacet
  facet normal 0 0 1
    outer loop
      vertex 16 -38.85 11
      vertex 21.4895 -27.2528 11
      vertex 20.996 -27.0634 11
    endloop
  endfacet
  facet normal 0 0 1
    outer loop
      vertex 25.104 -27.0634 11
      vertex 16 -38.85 11
      vertex 47 -38.85 11
    endloop
  endfacet
  facet normal 0 0 1
    outer loop
      vertex 20.525 -26.8234 11
      vertex 16 -38.85 11
      vertex 20.996 -27.0634 11
    endloop
  endfacet
  facet normal 0 0 1
    outer loop
      vertex 20.0817 -26.5355 11
      vertex 16 -38.85 11
      vertex 20.525 -26.8234 11
    endloop
  endfacet
  facet normal 0 0 1
    outer loop
      vertex 19.6709 -26.2029 11
      vertex 16 -38.85 11
      vertex 20.0817 -26.5355 11
    endloop
  endfacet
  facet normal 0 0 1
    outer loop
      vertex 19.2971 -25.8291 11
      vertex 16 -38.85 11
      vertex 19.6709 -26.2029 11
    endloop
  endfacet
  facet normal 0 0 1
    outer loop
      vertex 18.9645 -25.4183 11
      vertex 16 -38.85 11
      vertex 19.2971 -25.8291 11
    endloop
  endfacet
  facet normal 0 0 1
    outer loop
      vertex 18.6766 -24.975 11
      vertex 16 -38.85 11
      vertex 18.9645 -25.4183 11
    endloop
  endfacet
  facet normal 0 0 1
    outer loop
      vertex 18.4366 -24.504 11
      vertex 16 -38.85 11
      vertex 18.6766 -24.975 11
    endloop
  endfacet
  facet normal 0 0 1
    outer loop
      vertex 18.2472 -24.0105 11
      vertex 16 -38.85 11
      vertex 18.4366 -24.504 11
    endloop
  endfacet
  facet normal 0 0 1
    outer loop
      vertex 18.1104 -23.5 11
      vertex 16 -38.85 11
      vertex 18.2472 -24.0105 11
    endloop
  endfacet
  facet normal 0 0 1
    outer loop
      vertex 18.0277 -22.9779 11
      vertex 16 -38.85 11
      vertex 18.1104 -23.5 11
    endloop
  endfacet
  facet normal 0 0 1
    outer loop
      vertex 18 -22.45 11
      vertex 16 -38.85 11
      vertex 18.0277 -22.9779 11
    endloop
  endfacet
  facet normal 0 0 1
    outer loop
      vertex 18.0277 -21.9221 11
      vertex 16 -38.85 11
      vertex 18 -22.45 11
    endloop
  endfacet
  facet normal 0 0 1
    outer loop
      vertex -36 28.85 11
      vertex -47 28.85 11
      vertex -36 27.85 11
    endloop
  endfacet
  facet normal 0 0 1
    outer loop
      vertex -18.1104 21.4 11
      vertex -16 28.85 11
      vertex -18.0277 21.9221 11
    endloop
  endfacet
  facet normal 0 0 1
    outer loop
      vertex -16 28.85 11
      vertex -18.0277 -21.9221 11
      vertex -18 -22.45 11
    endloop
  endfacet
  facet normal 0 0 1
    outer loop
      vertex -18.1104 -21.4 11
      vertex -16 28.85 11
      vertex -18.1104 21.4 11
    endloop
  endfacet
  facet normal 0 0 1
    outer loop
      vertex -16 28.85 11
      vertex -18.1104 -21.4 11
      vertex -18.0277 -21.9221 11
    endloop
  endfacet
  facet normal -0 0 1
    outer loop
      vertex -18.2472 20.8895 11
      vertex -18.1104 -21.4 11
      vertex -18.1104 21.4 11
    endloop
  endfacet
  facet normal 0 0 1
    outer loop
      vertex -18.2472 20.8895 11
      vertex -18.2472 -20.8895 11
      vertex -18.1104 -21.4 11
    endloop
  endfacet
  facet normal -0 0 1
    outer loop
      vertex -18.4366 20.396 11
      vertex -18.2472 -20.8895 11
      vertex -18.2472 20.8895 11
    endloop
  endfacet
  facet normal 0 0 1
    outer loop
      vertex -18.4366 20.396 11
      vertex -18.4366 -20.396 11
      vertex -18.2472 -20.8895 11
    endloop
  endfacet
  facet normal -0 0 1
    outer loop
      vertex -18.6766 19.925 11
      vertex -18.4366 -20.396 11
      vertex -18.4366 20.396 11
    endloop
  endfacet
  facet normal 0 0 1
    outer loop
      vertex -18.6766 19.925 11
      vertex -18.6766 -19.925 11
      vertex -18.4366 -20.396 11
    endloop
  endfacet
  facet normal -0 0 1
    outer loop
      vertex -18.9645 19.4817 11
      vertex -18.6766 -19.925 11
      vertex -18.6766 19.925 11
    endloop
  endfacet
  facet normal 0 0 1
    outer loop
      vertex -18.9645 19.4817 11
      vertex -18.9645 -19.4817 11
      vertex -18.6766 -19.925 11
    endloop
  endfacet
  facet normal -0 0 1
    outer loop
      vertex -19.2971 19.0709 11
      vertex -18.9645 -19.4817 11
      vertex -18.9645 19.4817 11
    endloop
  endfacet
  facet normal 0 0 1
    outer loop
      vertex -19.2971 19.0709 11
      vertex -19.2971 -19.0709 11
      vertex -18.9645 -19.4817 11
    endloop
  endfacet
  facet normal -0 0 1
    outer loop
      vertex -19.6709 18.6971 11
      vertex -19.2971 -19.0709 11
      vertex -19.2971 19.0709 11
    endloop
  endfacet
  facet normal 0 0 1
    outer loop
      vertex -19.6709 18.6971 11
      vertex -19.6709 -18.6971 11
      vertex -19.2971 -19.0709 11
    endloop
  endfacet
  facet normal -0 0 1
    outer loop
      vertex -20.0817 18.3645 11
      vertex -19.6709 -18.6971 11
      vertex -19.6709 18.6971 11
    endloop
  endfacet
  facet normal 0 0 1
    outer loop
      vertex -20.0817 18.3645 11
      vertex -20.0817 -18.3645 11
      vertex -19.6709 -18.6971 11
    endloop
  endfacet
  facet normal -0 0 1
    outer loop
      vertex -20.525 18.0766 11
      vertex -20.0817 -18.3645 11
      vertex -20.0817 18.3645 11
    endloop
  endfacet
  facet normal 0 0 1
    outer loop
      vertex -20.525 18.0766 11
      vertex -20.525 -18.0766 11
      vertex -20.0817 -18.3645 11
    endloop
  endfacet
  facet normal -0 0 1
    outer loop
      vertex -20.996 17.8366 11
      vertex -20.525 -18.0766 11
      vertex -20.525 18.0766 11
    endloop
  endfacet
  facet normal 0 0 1
    outer loop
      vertex -20.996 17.8366 11
      vertex -20.996 -17.8366 11
      vertex -20.525 -18.0766 11
    endloop
  endfacet
  facet normal -0 0 1
    outer loop
      vertex -21.4895 17.6472 11
      vertex -20.996 -17.8366 11
      vertex -20.996 17.8366 11
    endloop
  endfacet
  facet normal 0 0 1
    outer loop
      vertex -21.4895 17.6472 11
      vertex -21.4895 -17.6472 11
      vertex -20.996 -17.8366 11
    endloop
  endfacet
  facet normal -0 0 1
    outer loop
      vertex -22 17.5104 11
      vertex -21.4895 -17.6472 11
      vertex -21.4895 17.6472 11
    endloop
  endfacet
  facet normal 0 0 1
    outer loop
      vertex -22 17.5104 11
      vertex -22 -17.5104 11
      vertex -21.4895 -17.6472 11
    endloop
  endfacet
  facet normal -0 0 1
    outer loop
      vertex -22.5221 17.4277 11
      vertex -22 -17.5104 11
      vertex -22 17.5104 11
    endloop
  endfacet
  facet normal 0 0 1
    outer loop
      vertex -22.5221 17.4277 11
      vertex -22.5221 -17.4277 11
      vertex -22 -17.5104 11
    endloop
  endfacet
  facet normal -0 0 1
    outer loop
      vertex -23.05 17.4 11
      vertex -22.5221 -17.4277 11
      vertex -22.5221 17.4277 11
    endloop
  endfacet
  facet normal 0 0 1
    outer loop
      vertex -23.05 17.4 11
      vertex -23.05 -17.4 11
      vertex -22.5221 -17.4277 11
    endloop
  endfacet
  facet normal 0 0 1
    outer loop
      vertex -23.5779 17.4277 11
      vertex -23.05 -17.4 11
      vertex -23.05 17.4 11
    endloop
  endfacet
  facet normal 0 0 1
    outer loop
      vertex -23.5779 17.4277 11
      vertex -23.5779 -17.4277 11
      vertex -23.05 -17.4 11
    endloop
  endfacet
  facet normal 0 0 1
    outer loop
      vertex -24.1 17.5104 11
      vertex -23.5779 -17.4277 11
      vertex -23.5779 17.4277 11
    endloop
  endfacet
  facet normal 0 0 1
    outer loop
      vertex -24.1 17.5104 11
      vertex -24.1 -17.5104 11
      vertex -23.5779 -17.4277 11
    endloop
  endfacet
  facet normal 0 0 1
    outer loop
      vertex -24.6105 17.6472 11
      vertex -24.1 -17.5104 11
      vertex -24.1 17.5104 11
    endloop
  endfacet
  facet normal 0 0 1
    outer loop
      vertex -24.6105 17.6472 11
      vertex -24.6105 -17.6472 11
      vertex -24.1 -17.5104 11
    endloop
  endfacet
  facet normal 0 0 1
    outer loop
      vertex -25.104 17.8366 11
      vertex -24.6105 -17.6472 11
      vertex -24.6105 17.6472 11
    endloop
  endfacet
  facet normal 0 0 1
    outer loop
      vertex -25.104 17.8366 11
      vertex -25.104 -17.8366 11
      vertex -24.6105 -17.6472 11
    endloop
  endfacet
  facet normal 0 0 1
    outer loop
      vertex -25.575 18.0766 11
      vertex -25.104 -17.8366 11
      vertex -25.104 17.8366 11
    endloop
  endfacet
  facet normal 0 0 1
    outer loop
      vertex -25.575 18.0766 11
      vertex -25.575 -18.0766 11
      vertex -25.104 -17.8366 11
    endloop
  endfacet
  facet normal 0 0 1
    outer loop
      vertex -26.0183 18.3645 11
      vertex -25.575 -18.0766 11
      vertex -25.575 18.0766 11
    endloop
  endfacet
  facet normal 0 0 1
    outer loop
      vertex -26.0183 18.3645 11
      vertex -26.0183 -18.3645 11
      vertex -25.575 -18.0766 11
    endloop
  endfacet
  facet normal 0 0 1
    outer loop
      vertex -26.4291 18.6971 11
      vertex -26.0183 -18.3645 11
      vertex -26.0183 18.3645 11
    endloop
  endfacet
  facet normal 0 0 1
    outer loop
      vertex -26.4291 18.6971 11
      vertex -26.4291 -18.6971 11
      vertex -26.0183 -18.3645 11
    endloop
  endfacet
  facet normal 0 0 1
    outer loop
      vertex -26.8029 19.0709 11
      vertex -26.4291 -18.6971 11
      vertex -26.4291 18.6971 11
    endloop
  endfacet
  facet normal 0 0 1
    outer loop
      vertex -26.8029 19.0709 11
      vertex -26.8029 -19.0709 11
      vertex -26.4291 -18.6971 11
    endloop
  endfacet
  facet normal 0 0 1
    outer loop
      vertex -47 28.85 11
      vertex -26.8029 19.0709 11
      vertex -27.1355 19.4817 11
    endloop
  endfacet
  facet normal 0 0 1
    outer loop
      vertex -26.8029 19.0709 11
      vertex -47 28.85 11
      vertex -26.8029 -19.0709 11
    endloop
  endfacet
  facet normal 0 0 1
    outer loop
      vertex -47 28.85 11
      vertex -27.1355 19.4817 11
      vertex -27.4234 19.925 11
    endloop
  endfacet
  facet normal 0 0 1
    outer loop
      vertex -26.8029 -19.0709 11
      vertex -47 28.85 11
      vertex -27.1355 -19.4817 11
    endloop
  endfacet
  facet normal 0 0 1
    outer loop
      vertex -36 27.85 11
      vertex -27.4234 19.925 11
      vertex -27.6634 20.396 11
    endloop
  endfacet
  facet normal 0 0 1
    outer loop
      vertex -27.1355 -19.4817 11
      vertex -47 28.85 11
      vertex -27.4234 -19.925 11
    endloop
  endfacet
  facet normal 0 0 1
    outer loop
      vertex -36 27.85 11
      vertex -27.6634 20.396 11
      vertex -27.8528 20.8895 11
    endloop
  endfacet
  facet normal 0 0 1
    outer loop
      vertex -27.4234 -19.925 11
      vertex -47 28.85 11
      vertex -27.6634 -20.396 11
    endloop
  endfacet
  facet normal 0 0 1
    outer loop
      vertex -36 27.85 11
      vertex -27.8528 20.8895 11
      vertex -27.9896 21.4 11
    endloop
  endfacet
  facet normal 0 0 1
    outer loop
      vertex -47 -38.85 11
      vertex -27.6634 -20.396 11
      vertex -47 28.85 11
    endloop
  endfacet
  facet normal 0 0 1
    outer loop
      vertex -36 27.85 11
      vertex -27.9896 21.4 11
      vertex -28.0723 21.9221 11
    endloop
  endfacet
  facet normal 0 0 1
    outer loop
      vertex -27.6634 -20.396 11
      vertex -47 -38.85 11
      vertex -27.8528 -20.8895 11
    endloop
  endfacet
  facet normal 0 0 1
    outer loop
      vertex -36 27.85 11
      vertex -28.0723 21.9221 11
      vertex -28.1 22.45 11
    endloop
  endfacet
  facet normal 0 0 1
    outer loop
      vertex -27.8528 -20.8895 11
      vertex -47 -38.85 11
      vertex -27.9896 -21.4 11
    endloop
  endfacet
  facet normal 0 0 1
    outer loop
      vertex -18.0277 21.9221 11
      vertex -16 28.85 11
      vertex -18 22.45 11
    endloop
  endfacet
  facet normal 0 0 1
    outer loop
      vertex -16 28.85 11
      vertex -18.0277 22.9779 11
      vertex -18 22.45 11
    endloop
  endfacet
  facet normal 0 0 1
    outer loop
      vertex -16 28.85 11
      vertex -18.1104 23.5 11
      vertex -18.0277 22.9779 11
    endloop
  endfacet
  facet normal 0 0 1
    outer loop
      vertex -16 28.85 11
      vertex -18.2472 24.0105 11
      vertex -18.1104 23.5 11
    endloop
  endfacet
  facet normal 0 0 1
    outer loop
      vertex -16 28.85 11
      vertex -18.4366 24.504 11
      vertex -18.2472 24.0105 11
    endloop
  endfacet
  facet normal 0 0 1
    outer loop
      vertex -16 28.85 11
      vertex -18.6766 24.975 11
      vertex -18.4366 24.504 11
    endloop
  endfacet
  facet normal 0 0 1
    outer loop
      vertex -16 28.85 11
      vertex -18.9645 25.4183 11
      vertex -18.6766 24.975 11
    endloop
  endfacet
  facet normal 0 0 1
    outer loop
      vertex -16 28.85 11
      vertex -19.2971 25.8291 11
      vertex -18.9645 25.4183 11
    endloop
  endfacet
  facet normal 0 0 1
    outer loop
      vertex -16 28.85 11
      vertex -19.6709 26.2029 11
      vertex -19.2971 25.8291 11
    endloop
  endfacet
  facet normal 0 0 1
    outer loop
      vertex -16 28.85 11
      vertex -20.0817 26.5355 11
      vertex -19.6709 26.2029 11
    endloop
  endfacet
  facet normal 0 0 1
    outer loop
      vertex -16 28.85 11
      vertex -20.525 26.8234 11
      vertex -20.0817 26.5355 11
    endloop
  endfacet
  facet normal 0 0 1
    outer loop
      vertex -16 28.85 11
      vertex -20.996 27.0634 11
      vertex -20.525 26.8234 11
    endloop
  endfacet
  facet normal 0 0 1
    outer loop
      vertex -16 28.85 11
      vertex -21.4895 27.2528 11
      vertex -20.996 27.0634 11
    endloop
  endfacet
  facet normal -0 0 1
    outer loop
      vertex -24 28.85 11
      vertex -21.4895 27.2528 11
      vertex -16 28.85 11
    endloop
  endfacet
  facet normal 0 0 1
    outer loop
      vertex -21.4895 27.2528 11
      vertex -24 28.85 11
      vertex -22 27.3896 11
    endloop
  endfacet
  facet normal 0 0 1
    outer loop
      vertex -22 27.3896 11
      vertex -24 28.85 11
      vertex -22.5221 27.4723 11
    endloop
  endfacet
  facet normal 0 0 1
    outer loop
      vertex -22.5221 27.4723 11
      vertex -24 28.85 11
      vertex -23.05 27.5 11
    endloop
  endfacet
  facet normal -0 0 1
    outer loop
      vertex -24 27.85 11
      vertex -23.05 27.5 11
      vertex -24 28.85 11
    endloop
  endfacet
  facet normal 0 0 1
    outer loop
      vertex -23.05 27.5 11
      vertex -24 27.85 11
      vertex -23.5779 27.4723 11
    endloop
  endfacet
  facet normal 0 0 1
    outer loop
      vertex -24 27.85 11
      vertex -24.1 27.3896 11
      vertex -23.5779 27.4723 11
    endloop
  endfacet
  facet normal 0 0 1
    outer loop
      vertex -24 27.85 11
      vertex -24.6105 27.2528 11
      vertex -24.1 27.3896 11
    endloop
  endfacet
  facet normal 0 0 1
    outer loop
      vertex -24 27.85 11
      vertex -25.104 27.0634 11
      vertex -24.6105 27.2528 11
    endloop
  endfacet
  facet normal 0 0 1
    outer loop
      vertex -24 27.85 11
      vertex -25.575 26.8234 11
      vertex -25.104 27.0634 11
    endloop
  endfacet
  facet normal -0 0 1
    outer loop
      vertex -36 27.85 11
      vertex -25.575 26.8234 11
      vertex -24 27.85 11
    endloop
  endfacet
  facet normal 0 0 1
    outer loop
      vertex -27.4234 19.925 11
      vertex -36 27.85 11
      vertex -47 28.85 11
    endloop
  endfacet
  facet normal 0 0 1
    outer loop
      vertex -28.0723 22.9779 11
      vertex -36 27.85 11
      vertex -28.1 22.45 11
    endloop
  endfacet
  facet normal 0 0 1
    outer loop
      vertex -27.9896 23.5 11
      vertex -36 27.85 11
      vertex -28.0723 22.9779 11
    endloop
  endfacet
  facet normal 0 0 1
    outer loop
      vertex -27.8528 24.0105 11
      vertex -36 27.85 11
      vertex -27.9896 23.5 11
    endloop
  endfacet
  facet normal 0 0 1
    outer loop
      vertex -27.6634 24.504 11
      vertex -36 27.85 11
      vertex -27.8528 24.0105 11
    endloop
  endfacet
  facet normal 0 0 1
    outer loop
      vertex -27.4234 24.975 11
      vertex -36 27.85 11
      vertex -27.6634 24.504 11
    endloop
  endfacet
  facet normal 0 0 1
    outer loop
      vertex -27.1355 25.4183 11
      vertex -36 27.85 11
      vertex -27.4234 24.975 11
    endloop
  endfacet
  facet normal 0 0 1
    outer loop
      vertex -26.8029 25.8291 11
      vertex -36 27.85 11
      vertex -27.1355 25.4183 11
    endloop
  endfacet
  facet normal 0 0 1
    outer loop
      vertex -26.4291 26.2029 11
      vertex -36 27.85 11
      vertex -26.8029 25.8291 11
    endloop
  endfacet
  facet normal 0 0 1
    outer loop
      vertex -26.0183 26.5355 11
      vertex -36 27.85 11
      vertex -26.4291 26.2029 11
    endloop
  endfacet
  facet normal 0 0 1
    outer loop
      vertex -25.575 26.8234 11
      vertex -36 27.85 11
      vertex -26.0183 26.5355 11
    endloop
  endfacet
  facet normal 0 0 1
    outer loop
      vertex -16 28.85 11
      vertex -18 -22.45 11
      vertex -16 -38.85 11
    endloop
  endfacet
  facet normal -0 0 1
    outer loop
      vertex -18.0277 -22.9779 11
      vertex -16 -38.85 11
      vertex -18 -22.45 11
    endloop
  endfacet
  facet normal -0 0 1
    outer loop
      vertex -18.1104 -23.5 11
      vertex -16 -38.85 11
      vertex -18.0277 -22.9779 11
    endloop
  endfacet
  facet normal -0 0 1
    outer loop
      vertex -18.2472 -24.0105 11
      vertex -16 -38.85 11
      vertex -18.1104 -23.5 11
    endloop
  endfacet
  facet normal -0 0 1
    outer loop
      vertex -18.4366 -24.504 11
      vertex -16 -38.85 11
      vertex -18.2472 -24.0105 11
    endloop
  endfacet
  facet normal -0 0 1
    outer loop
      vertex -18.6766 -24.975 11
      vertex -16 -38.85 11
      vertex -18.4366 -24.504 11
    endloop
  endfacet
  facet normal -0 0 1
    outer loop
      vertex -18.9645 -25.4183 11
      vertex -16 -38.85 11
      vertex -18.6766 -24.975 11
    endloop
  endfacet
  facet normal -0 0 1
    outer loop
      vertex -19.2971 -25.8291 11
      vertex -16 -38.85 11
      vertex -18.9645 -25.4183 11
    endloop
  endfacet
  facet normal -0 0 1
    outer loop
      vertex -19.6709 -26.2029 11
      vertex -16 -38.85 11
      vertex -19.2971 -25.8291 11
    endloop
  endfacet
  facet normal -0 0 1
    outer loop
      vertex -20.0817 -26.5355 11
      vertex -16 -38.85 11
      vertex -19.6709 -26.2029 11
    endloop
  endfacet
  facet normal -0 0 1
    outer loop
      vertex -20.525 -26.8234 11
      vertex -16 -38.85 11
      vertex -20.0817 -26.5355 11
    endloop
  endfacet
  facet normal -0 0 1
    outer loop
      vertex -20.996 -27.0634 11
      vertex -16 -38.85 11
      vertex -20.525 -26.8234 11
    endloop
  endfacet
  facet normal -0 0 1
    outer loop
      vertex -21.4895 -27.2528 11
      vertex -16 -38.85 11
      vertex -20.996 -27.0634 11
    endloop
  endfacet
  facet normal -0 0 1
    outer loop
      vertex -22 -27.3896 11
      vertex -16 -38.85 11
      vertex -21.4895 -27.2528 11
    endloop
  endfacet
  facet normal -0 0 1
    outer loop
      vertex -22.5221 -27.4723 11
      vertex -16 -38.85 11
      vertex -22 -27.3896 11
    endloop
  endfacet
  facet normal -0 0 1
    outer loop
      vertex -23.05 -27.5 11
      vertex -16 -38.85 11
      vertex -22.5221 -27.4723 11
    endloop
  endfacet
  facet normal 0 0 1
    outer loop
      vertex -23.5779 -27.4723 11
      vertex -16 -38.85 11
      vertex -23.05 -27.5 11
    endloop
  endfacet
  facet normal 0 0 1
    outer loop
      vertex -24.1 -27.3896 11
      vertex -16 -38.85 11
      vertex -23.5779 -27.4723 11
    endloop
  endfacet
  facet normal 0 0 1
    outer loop
      vertex -24.6105 -27.2528 11
      vertex -16 -38.85 11
      vertex -24.1 -27.3896 11
    endloop
  endfacet
  facet normal 0 0 1
    outer loop
      vertex -25.104 -27.0634 11
      vertex -16 -38.85 11
      vertex -24.6105 -27.2528 11
    endloop
  endfacet
  facet normal 0 0 1
    outer loop
      vertex -47 -38.85 11
      vertex -25.104 -27.0634 11
      vertex -25.575 -26.8234 11
    endloop
  endfacet
  facet normal 0 0 1
    outer loop
      vertex -47 -38.85 11
      vertex -25.575 -26.8234 11
      vertex -26.0183 -26.5355 11
    endloop
  endfacet
  facet normal 0 0 1
    outer loop
      vertex -47 -38.85 11
      vertex -26.0183 -26.5355 11
      vertex -26.4291 -26.2029 11
    endloop
  endfacet
  facet normal 0 0 1
    outer loop
      vertex -47 -38.85 11
      vertex -26.4291 -26.2029 11
      vertex -26.8029 -25.8291 11
    endloop
  endfacet
  facet normal 0 0 1
    outer loop
      vertex -27.9896 -21.4 11
      vertex -47 -38.85 11
      vertex -28.0723 -21.9221 11
    endloop
  endfacet
  facet normal 0 0 1
    outer loop
      vertex -28.0723 -21.9221 11
      vertex -47 -38.85 11
      vertex -28.1 -22.45 11
    endloop
  endfacet
  facet normal 0 0 1
    outer loop
      vertex -28.1 -22.45 11
      vertex -47 -38.85 11
      vertex -28.0723 -22.9779 11
    endloop
  endfacet
  facet normal 0 0 1
    outer loop
      vertex -28.0723 -22.9779 11
      vertex -47 -38.85 11
      vertex -27.9896 -23.5 11
    endloop
  endfacet
  facet normal 0 0 1
    outer loop
      vertex -25.104 -27.0634 11
      vertex -47 -38.85 11
      vertex -16 -38.85 11
    endloop
  endfacet
  facet normal 0 0 1
    outer loop
      vertex -27.1355 -25.4183 11
      vertex -47 -38.85 11
      vertex -26.8029 -25.8291 11
    endloop
  endfacet
  facet normal 0 0 1
    outer loop
      vertex -27.4234 -24.975 11
      vertex -47 -38.85 11
      vertex -27.1355 -25.4183 11
    endloop
  endfacet
  facet normal 0 0 1
    outer loop
      vertex -27.6634 -24.504 11
      vertex -47 -38.85 11
      vertex -27.4234 -24.975 11
    endloop
  endfacet
  facet normal 0 0 1
    outer loop
      vertex -27.8528 -24.0105 11
      vertex -47 -38.85 11
      vertex -27.6634 -24.504 11
    endloop
  endfacet
  facet normal 0 0 1
    outer loop
      vertex -27.9896 -23.5 11
      vertex -47 -38.85 11
      vertex -27.8528 -24.0105 11
    endloop
  endfacet
  facet normal 0 0 1
    outer loop
      vertex -36 28.85 11
      vertex -24 28.85 11
      vertex -24 38.85 11
    endloop
  endfacet
  facet normal 0 0 1
    outer loop
      vertex -36 28.85 11
      vertex -24 38.85 11
      vertex -36 38.85 11
    endloop
  endfacet
  facet normal 0 0 1
    outer loop
      vertex -24 28.85 11
      vertex -36 28.85 11
      vertex -24 27.85 11
    endloop
  endfacet
  facet normal 0 0 1
    outer loop
      vertex -24 27.85 11
      vertex -36 28.85 11
      vertex -36 27.85 11
    endloop
  endfacet
  facet normal 0 0 1
    outer loop
      vertex 24 28.85 11
      vertex 36 28.85 11
      vertex 36 38.85 11
    endloop
  endfacet
  facet normal 0 0 1
    outer loop
      vertex 24 28.85 11
      vertex 36 38.85 11
      vertex 24 38.85 11
    endloop
  endfacet
  facet normal 0 0 1
    outer loop
      vertex 36 28.85 11
      vertex 24 28.85 11
      vertex 36 27.85 11
    endloop
  endfacet
  facet normal 0 0 1
    outer loop
      vertex 36 27.85 11
      vertex 24 28.85 11
      vertex 24 27.85 11
    endloop
  endfacet
  facet normal -0.998627 0.0523833 0
    outer loop
      vertex -53 32.85 0
      vertex -52.9671 33.4772 17
      vertex -52.9671 33.4772 0
    endloop
  endfacet
  facet normal -0.998627 0.0523833 0
    outer loop
      vertex -52.9671 33.4772 17
      vertex -53 32.85 0
      vertex -53 32.85 17
    endloop
  endfacet
  facet normal 1 -0 0
    outer loop
      vertex 53 -32.85 17
      vertex 53 32.85 0
      vertex 53 32.85 17
    endloop
  endfacet
  facet normal 1 0 0
    outer loop
      vertex 53 32.85 0
      vertex 53 -32.85 17
      vertex 53 -32.85 0
    endloop
  endfacet
  facet normal 0.0523833 -0.998627 0
    outer loop
      vertex 47 -38.85 11
      vertex 47.6272 -38.8171 17
      vertex 47 -38.85 17
    endloop
  endfacet
  facet normal 0.0523833 -0.998627 0
    outer loop
      vertex 47.6272 -38.8171 0
      vertex 47 -38.85 11
      vertex 47 -38.85 0
    endloop
  endfacet
  facet normal 0.0523833 -0.998627 0
    outer loop
      vertex 47 -38.85 11
      vertex 47.6272 -38.8171 0
      vertex 47.6272 -38.8171 17
    endloop
  endfacet
  facet normal -0.998627 -0.0523833 0
    outer loop
      vertex -52.9671 -33.4772 0
      vertex -53 -32.85 17
      vertex -53 -32.85 0
    endloop
  endfacet
  facet normal -0.998627 -0.0523833 0
    outer loop
      vertex -53 -32.85 17
      vertex -52.9671 -33.4772 0
      vertex -52.9671 -33.4772 17
    endloop
  endfacet
  facet normal -1 0 0
    outer loop
      vertex -53 -32.85 0
      vertex -53 32.85 17
      vertex -53 32.85 0
    endloop
  endfacet
  facet normal -1 -0 0
    outer loop
      vertex -53 32.85 17
      vertex -53 -32.85 0
      vertex -53 -32.85 17
    endloop
  endfacet
  facet normal -0.629267 0.777189 0
    outer loop
      vertex -50.5267 37.7041 0
      vertex -51.0148 37.3089 17
      vertex -50.5267 37.7041 17
    endloop
  endfacet
  facet normal -0.629267 0.777189 0
    outer loop
      vertex -51.0148 37.3089 17
      vertex -50.5267 37.7041 0
      vertex -51.0148 37.3089 0
    endloop
  endfacet
  facet normal 0 1 -0
    outer loop
      vertex 24 38.85 15
      vertex 15.9661 38.85 17
      vertex 41.2 38.85 17
    endloop
  endfacet
  facet normal 0 1 -0
    outer loop
      vertex 24 38.85 11
      vertex 15.9661 38.85 17
      vertex 24 38.85 15
    endloop
  endfacet
  facet normal 0 1 0
    outer loop
      vertex 15.9661 38.85 17
      vertex 24 38.85 11
      vertex 15.6564 38.85 16.8404
    endloop
  endfacet
  facet normal 0 1 0
    outer loop
      vertex 15.6564 38.85 16.8404
      vertex 24 38.85 11
      vertex 14.8188 38.85 16.4087
    endloop
  endfacet
  facet normal 0 1 0
    outer loop
      vertex 14.8188 38.85 16.4087
      vertex 24 38.85 11
      vertex 14.7082 38.85 16.3541
    endloop
  endfacet
  facet normal 0 1 0
    outer loop
      vertex 14.7082 38.85 16.3541
      vertex 24 38.85 11
      vertex 13.8591 38.85 15.9811
    endloop
  endfacet
  facet normal 0 1 0
    outer loop
      vertex 13.8591 38.85 15.9811
      vertex 24 38.85 11
      vertex 13.3274 38.85 15.7476
    endloop
  endfacet
  facet normal 0 1 0
    outer loop
      vertex 13.3274 38.85 15.7476
      vertex 24 38.85 11
      vertex 12.5047 38.85 15.403
    endloop
  endfacet
  facet normal 0 1 0
    outer loop
      vertex 36 38.85 15
      vertex 41.2 38.85 17
      vertex 41.2 38.85 15
    endloop
  endfacet
  facet normal 0 1 0
    outer loop
      vertex 24 38.85 15
      vertex 41.2 38.85 17
      vertex 36 38.85 15
    endloop
  endfacet
  facet normal 0 1 0
    outer loop
      vertex 12.5047 38.85 15.403
      vertex 24 38.85 11
      vertex 12.1673 38.85 15.2782
    endloop
  endfacet
  facet normal 0 1 0
    outer loop
      vertex 12.1673 38.85 15.2782
      vertex 24 38.85 11
      vertex 12 38.85 15.2164
    endloop
  endfacet
  facet normal 0 1 0
    outer loop
      vertex 12 38.85 15.2164
      vertex 24 38.85 11
      vertex 11.3388 38.85 14.9844
    endloop
  endfacet
  facet normal 0 1 0
    outer loop
      vertex 11.3388 38.85 14.9844
      vertex 24 38.85 11
      vertex 10.8049 38.85 14.7971
    endloop
  endfacet
  facet normal 0 1 0
    outer loop
      vertex 10.8049 38.85 14.7971
      vertex 24 38.85 11
      vertex 10.0265 38.85 14.5394
    endloop
  endfacet
  facet normal 0 1 0
    outer loop
      vertex 10.0265 38.85 14.5394
      vertex 24 38.85 11
      vertex 9.79755 38.85 14.4732
    endloop
  endfacet
  facet normal 0 1 0
    outer loop
      vertex 9.79755 38.85 14.4732
      vertex 24 38.85 11
      vertex 9.71741 38.85 14.45
    endloop
  endfacet
  facet normal 0 1 0
    outer loop
      vertex 9.71741 38.85 14.45
      vertex 24 38.85 11
      vertex 9.55639 38.85 14.4064
    endloop
  endfacet
  facet normal 0 1 0
    outer loop
      vertex 9.55639 38.85 14.4064
      vertex 24 38.85 11
      vertex 8.71852 38.85 14.1792
    endloop
  endfacet
  facet normal 0 1 0
    outer loop
      vertex 8.71852 38.85 14.1792
      vertex 24 38.85 11
      vertex 8.31191 38.85 14.0766
    endloop
  endfacet
  facet normal 0 1 0
    outer loop
      vertex 8.31191 38.85 14.0766
      vertex 24 38.85 11
      vertex 7.7929 38.85 13.9457
    endloop
  endfacet
  facet normal 0 1 0
    outer loop
      vertex 7.7929 38.85 13.9457
      vertex 24 38.85 11
      vertex 7.61738 38.85 13.9048
    endloop
  endfacet
  facet normal 0 1 0
    outer loop
      vertex 7.61738 38.85 13.9048
      vertex 24 38.85 11
      vertex 7.01956 38.85 13.7657
    endloop
  endfacet
  facet normal 0 1 0
    outer loop
      vertex 7.01956 38.85 13.7657
      vertex 24 38.85 11
      vertex 6.94442 38.85 13.7506
    endloop
  endfacet
  facet normal 0 1 0
    outer loop
      vertex 6.94442 38.85 13.7506
      vertex 24 38.85 11
      vertex 6.92821 38.85 13.7474
    endloop
  endfacet
  facet normal 0 1 0
    outer loop
      vertex 6.92821 38.85 13.7474
      vertex 24 38.85 11
      vertex 6.90367 38.85 13.7429
    endloop
  endfacet
  facet normal 0 1 0
    outer loop
      vertex 6.90367 38.85 13.7429
      vertex 24 38.85 11
      vertex 6.11431 38.85 13.5983
    endloop
  endfacet
  facet normal 0 1 0
    outer loop
      vertex 6.11431 38.85 13.5983
      vertex 24 38.85 11
      vertex 5.90276 38.85 13.5633
    endloop
  endfacet
  facet normal 0 1 0
    outer loop
      vertex 5.90276 38.85 13.5633
      vertex 24 38.85 11
      vertex 5.34275 38.85 13.4707
    endloop
  endfacet
  facet normal 0 1 0
    outer loop
      vertex 5.34275 38.85 13.4707
      vertex 24 38.85 11
      vertex 4.98909 38.85 13.4187
    endloop
  endfacet
  facet normal 0 1 0
    outer loop
      vertex 4.98909 38.85 13.4187
      vertex 24 38.85 11
      vertex 4.60637 38.85 13.3625
    endloop
  endfacet
  facet normal 0 1 0
    outer loop
      vertex 4.60637 38.85 13.3625
      vertex 24 38.85 11
      vertex 4.32866 38.85 13.3269
    endloop
  endfacet
  facet normal 0 1 0
    outer loop
      vertex 4.32866 38.85 13.3269
      vertex 24 38.85 11
      vertex 3.89904 38.85 13.2718
    endloop
  endfacet
  facet normal 0 1 0
    outer loop
      vertex 3.89904 38.85 13.2718
      vertex 24 38.85 11
      vertex 3.35769 38.85 13.2128
    endloop
  endfacet
  facet normal 0 1 0
    outer loop
      vertex 3.35769 38.85 13.2128
      vertex 24 38.85 11
      vertex 3.21539 38.85 13.1973
    endloop
  endfacet
  facet normal 0 1 0
    outer loop
      vertex 3.21539 38.85 13.1973
      vertex 24 38.85 11
      vertex 3.10152 38.85 13.1871
    endloop
  endfacet
  facet normal 0 1 0
    outer loop
      vertex 2.55068 38.85 13.1377
      vertex 1.90061 38.85 13.0922
      vertex 1.91016 38.85 13.0929
    endloop
  endfacet
  facet normal 0 1 0
    outer loop
      vertex 1.90061 38.85 13.0922
      vertex 1.73768 38.85 13.084
      vertex 1.89224 38.85 13.0918
    endloop
  endfacet
  facet normal 0 1 0
    outer loop
      vertex 0.0380063 38.85 13.0427
      vertex 24 38.85 11
      vertex 0 38.85 13.0423
    endloop
  endfacet
  facet normal 0 1 0
    outer loop
      vertex 0.628893 38.85 13.0477
      vertex 24 38.85 11
      vertex 0.0380063 38.85 13.0427
    endloop
  endfacet
  facet normal 0 1 0
    outer loop
      vertex 1.24213 38.85 13.0633
      vertex 24 38.85 11
      vertex 0.628893 38.85 13.0477
    endloop
  endfacet
  facet normal 0 1 0
    outer loop
      vertex 1.26125 38.85 13.0638
      vertex 24 38.85 11
      vertex 1.24213 38.85 13.0633
    endloop
  endfacet
  facet normal 0 1 0
    outer loop
      vertex 1.73768 38.85 13.084
      vertex 24 38.85 11
      vertex 1.26125 38.85 13.0638
    endloop
  endfacet
  facet normal 0 1 0
    outer loop
      vertex 1.90061 38.85 13.0922
      vertex 24 38.85 11
      vertex 1.73768 38.85 13.084
    endloop
  endfacet
  facet normal 0 1 0
    outer loop
      vertex 2.55068 38.85 13.1377
      vertex 24 38.85 11
      vertex 1.90061 38.85 13.0922
    endloop
  endfacet
  facet normal 0 1 0
    outer loop
      vertex 3.10152 38.85 13.1871
      vertex 24 38.85 11
      vertex 2.55068 38.85 13.1377
    endloop
  endfacet
  facet normal 0 1 -0
    outer loop
      vertex 47 38.85 0
      vertex 41.2 38.85 15
      vertex 47 38.85 15
    endloop
  endfacet
  facet normal 0 1 0
    outer loop
      vertex 41.2 38.85 15
      vertex 36 38.85 11
      vertex 36 38.85 15
    endloop
  endfacet
  facet normal 0 1 0
    outer loop
      vertex 47 38.85 0
      vertex 24 38.85 11
      vertex 36 38.85 11
    endloop
  endfacet
  facet normal 0 1 0
    outer loop
      vertex 24 38.85 11
      vertex 47 38.85 0
      vertex -24 38.85 11
    endloop
  endfacet
  facet normal 0 1 0
    outer loop
      vertex -47 38.85 0
      vertex -24 38.85 11
      vertex 47 38.85 0
    endloop
  endfacet
  facet normal 0 1 0
    outer loop
      vertex 41.2 38.85 15
      vertex 47 38.85 0
      vertex 36 38.85 11
    endloop
  endfacet
  facet normal 0 1 0
    outer loop
      vertex -24 38.85 11
      vertex -12 38.85 15.2164
      vertex -11.3388 38.85 14.9844
    endloop
  endfacet
  facet normal 0 1 0
    outer loop
      vertex -24 38.85 11
      vertex -11.3388 38.85 14.9844
      vertex -10.8049 38.85 14.7971
    endloop
  endfacet
  facet normal 0 1 0
    outer loop
      vertex -24 38.85 11
      vertex -10.8049 38.85 14.7971
      vertex -10.0265 38.85 14.5394
    endloop
  endfacet
  facet normal 0 1 0
    outer loop
      vertex -24 38.85 11
      vertex -10.0265 38.85 14.5394
      vertex -9.79755 38.85 14.4732
    endloop
  endfacet
  facet normal 0 1 0
    outer loop
      vertex -24 38.85 11
      vertex -9.79755 38.85 14.4732
      vertex -9.71741 38.85 14.45
    endloop
  endfacet
  facet normal 0 1 0
    outer loop
      vertex -24 38.85 11
      vertex -9.71741 38.85 14.45
      vertex -9.55639 38.85 14.4064
    endloop
  endfacet
  facet normal 0 1 0
    outer loop
      vertex -24 38.85 11
      vertex -9.55639 38.85 14.4064
      vertex -8.71852 38.85 14.1792
    endloop
  endfacet
  facet normal 0 1 0
    outer loop
      vertex -24 38.85 11
      vertex -8.71852 38.85 14.1792
      vertex -8.31191 38.85 14.0766
    endloop
  endfacet
  facet normal 0 1 0
    outer loop
      vertex -24 38.85 11
      vertex -8.31191 38.85 14.0766
      vertex -7.7929 38.85 13.9457
    endloop
  endfacet
  facet normal 0 1 0
    outer loop
      vertex -24 38.85 11
      vertex -7.7929 38.85 13.9457
      vertex -7.61738 38.85 13.9048
    endloop
  endfacet
  facet normal 0 1 0
    outer loop
      vertex -24 38.85 11
      vertex -7.61738 38.85 13.9048
      vertex -7.01956 38.85 13.7657
    endloop
  endfacet
  facet normal 0 1 0
    outer loop
      vertex -24 38.85 11
      vertex -7.01956 38.85 13.7657
      vertex -6.94442 38.85 13.7506
    endloop
  endfacet
  facet normal 0 1 0
    outer loop
      vertex -24 38.85 11
      vertex -6.94442 38.85 13.7506
      vertex -6.92821 38.85 13.7474
    endloop
  endfacet
  facet normal 0 1 0
    outer loop
      vertex -24 38.85 11
      vertex -6.92821 38.85 13.7474
      vertex -6.90367 38.85 13.7429
    endloop
  endfacet
  facet normal 0 1 0
    outer loop
      vertex -24 38.85 11
      vertex -6.90367 38.85 13.7429
      vertex -6.11431 38.85 13.5983
    endloop
  endfacet
  facet normal 0 1 0
    outer loop
      vertex -24 38.85 11
      vertex -6.11431 38.85 13.5983
      vertex -5.90276 38.85 13.5633
    endloop
  endfacet
  facet normal 0 1 0
    outer loop
      vertex -24 38.85 11
      vertex -5.90276 38.85 13.5633
      vertex -5.34275 38.85 13.4707
    endloop
  endfacet
  facet normal 0 1 0
    outer loop
      vertex -24 38.85 11
      vertex -5.34275 38.85 13.4707
      vertex -4.98909 38.85 13.4187
    endloop
  endfacet
  facet normal 0 1 0
    outer loop
      vertex -24 38.85 11
      vertex -4.98909 38.85 13.4187
      vertex -4.60637 38.85 13.3625
    endloop
  endfacet
  facet normal 0 1 0
    outer loop
      vertex -24 38.85 11
      vertex -4.60637 38.85 13.3625
      vertex -4.32866 38.85 13.3269
    endloop
  endfacet
  facet normal 0 1 0
    outer loop
      vertex -24 38.85 11
      vertex -4.32866 38.85 13.3269
      vertex -3.89904 38.85 13.2718
    endloop
  endfacet
  facet normal 0 1 0
    outer loop
      vertex -24 38.85 11
      vertex -3.89904 38.85 13.2718
      vertex -3.35769 38.85 13.2128
    endloop
  endfacet
  facet normal 0 1 0
    outer loop
      vertex -24 38.85 11
      vertex -3.35769 38.85 13.2128
      vertex -3.21539 38.85 13.1973
    endloop
  endfacet
  facet normal 0 1 0
    outer loop
      vertex -24 38.85 11
      vertex -3.21539 38.85 13.1973
      vertex -3.10152 38.85 13.1871
    endloop
  endfacet
  facet normal 0 1 0
    outer loop
      vertex -24 38.85 11
      vertex -3.10152 38.85 13.1871
      vertex -2.55068 38.85 13.1377
    endloop
  endfacet
  facet normal 0 1 0
    outer loop
      vertex -1.90061 38.85 13.0922
      vertex -2.55068 38.85 13.1377
      vertex -1.91016 38.85 13.0929
    endloop
  endfacet
  facet normal 0 1 0
    outer loop
      vertex -1.73768 38.85 13.084
      vertex -1.90061 38.85 13.0922
      vertex -1.89224 38.85 13.0918
    endloop
  endfacet
  facet normal 0 1 0
    outer loop
      vertex 24 38.85 11
      vertex -0.0380063 38.85 13.0427
      vertex 0 38.85 13.0423
    endloop
  endfacet
  facet normal 0 1 0
    outer loop
      vertex -24 38.85 11
      vertex -0.0380063 38.85 13.0427
      vertex 24 38.85 11
    endloop
  endfacet
  facet normal 0 1 0
    outer loop
      vertex -0.0380063 38.85 13.0427
      vertex -24 38.85 11
      vertex -0.628893 38.85 13.0477
    endloop
  endfacet
  facet normal 0 1 0
    outer loop
      vertex -0.628893 38.85 13.0477
      vertex -24 38.85 11
      vertex -1.24213 38.85 13.0633
    endloop
  endfacet
  facet normal 0 1 0
    outer loop
      vertex -1.24213 38.85 13.0633
      vertex -24 38.85 11
      vertex -1.26125 38.85 13.0638
    endloop
  endfacet
  facet normal 0 1 0
    outer loop
      vertex -1.26125 38.85 13.0638
      vertex -24 38.85 11
      vertex -1.73768 38.85 13.084
    endloop
  endfacet
  facet normal 0 1 0
    outer loop
      vertex -1.73768 38.85 13.084
      vertex -24 38.85 11
      vertex -1.90061 38.85 13.0922
    endloop
  endfacet
  facet normal 0 1 0
    outer loop
      vertex -12 38.85 15.2164
      vertex -24 38.85 11
      vertex -24 38.85 15
    endloop
  endfacet
  facet normal 0 1 0
    outer loop
      vertex -1.90061 38.85 13.0922
      vertex -24 38.85 11
      vertex -2.55068 38.85 13.1377
    endloop
  endfacet
  facet normal 0 1 0
    outer loop
      vertex -24 38.85 15
      vertex -15.9661 38.85 17
      vertex -15.6564 38.85 16.8404
    endloop
  endfacet
  facet normal 0 1 0
    outer loop
      vertex -24 38.85 15
      vertex -15.6564 38.85 16.8404
      vertex -14.8188 38.85 16.4087
    endloop
  endfacet
  facet normal 0 1 0
    outer loop
      vertex -24 38.85 15
      vertex -14.8188 38.85 16.4087
      vertex -14.7082 38.85 16.3541
    endloop
  endfacet
  facet normal 0 1 0
    outer loop
      vertex -24 38.85 15
      vertex -14.7082 38.85 16.3541
      vertex -13.8591 38.85 15.9811
    endloop
  endfacet
  facet normal 0 1 0
    outer loop
      vertex -24 38.85 15
      vertex -13.8591 38.85 15.9811
      vertex -13.3274 38.85 15.7476
    endloop
  endfacet
  facet normal 0 1 0
    outer loop
      vertex -24 38.85 15
      vertex -13.3274 38.85 15.7476
      vertex -12.5047 38.85 15.403
    endloop
  endfacet
  facet normal 0 1 0
    outer loop
      vertex -24 38.85 15
      vertex -12.5047 38.85 15.403
      vertex -12.1673 38.85 15.2782
    endloop
  endfacet
  facet normal 0 1 0
    outer loop
      vertex -24 38.85 15
      vertex -12.1673 38.85 15.2782
      vertex -12 38.85 15.2164
    endloop
  endfacet
  facet normal 0 1 0
    outer loop
      vertex -15.9661 38.85 17
      vertex -24 38.85 15
      vertex -41.2 38.85 17
    endloop
  endfacet
  facet normal 0 1 -0
    outer loop
      vertex -36 38.85 15
      vertex -41.2 38.85 17
      vertex -24 38.85 15
    endloop
  endfacet
  facet normal 0 1 0
    outer loop
      vertex -36 38.85 15
      vertex -41.2 38.85 15
      vertex -41.2 38.85 17
    endloop
  endfacet
  facet normal 0 1 -0
    outer loop
      vertex -36 38.85 11
      vertex -41.2 38.85 15
      vertex -36 38.85 15
    endloop
  endfacet
  facet normal 0 1 0
    outer loop
      vertex -47 38.85 0
      vertex -41.2 38.85 15
      vertex -36 38.85 11
    endloop
  endfacet
  facet normal 0 1 0
    outer loop
      vertex -41.2 38.85 15
      vertex -47 38.85 0
      vertex -47 38.85 15
    endloop
  endfacet
  facet normal 0 1 0
    outer loop
      vertex -24 38.85 11
      vertex -47 38.85 0
      vertex -36 38.85 11
    endloop
  endfacet
  facet normal 0.9877 0.156363 0
    outer loop
      vertex 52.9671 33.4772 17
      vertex 52.8689 34.0975 0
      vertex 52.8689 34.0975 17
    endloop
  endfacet
  facet normal 0.9877 0.156363 0
    outer loop
      vertex 52.8689 34.0975 0
      vertex 52.9671 33.4772 17
      vertex 52.9671 33.4772 0
    endloop
  endfacet
  facet normal 0.629267 -0.777189 0
    outer loop
      vertex 50.5267 -37.7041 0
      vertex 51.0148 -37.3089 17
      vertex 50.5267 -37.7041 17
    endloop
  endfacet
  facet normal 0.629267 -0.777189 0
    outer loop
      vertex 51.0148 -37.3089 17
      vertex 50.5267 -37.7041 0
      vertex 51.0148 -37.3089 0
    endloop
  endfacet
  facet normal -0.544591 0.838702 0
    outer loop
      vertex -50 38.0461 0
      vertex -50.5267 37.7041 17
      vertex -50 38.0461 17
    endloop
  endfacet
  facet normal -0.544591 0.838702 0
    outer loop
      vertex -50.5267 37.7041 17
      vertex -50 38.0461 0
      vertex -50.5267 37.7041 0
    endloop
  endfacet
  facet normal -0.838629 0.544703 0
    outer loop
      vertex -52.1962 35.85 0
      vertex -51.8541 36.3767 17
      vertex -51.8541 36.3767 0
    endloop
  endfacet
  facet normal -0.838629 0.544703 0
    outer loop
      vertex -51.8541 36.3767 17
      vertex -52.1962 35.85 0
      vertex -52.1962 35.85 17
    endloop
  endfacet
  facet normal 0.965901 0.258911 0
    outer loop
      vertex 52.8689 34.0975 17
      vertex 52.7063 34.7041 0
      vertex 52.7063 34.7041 17
    endloop
  endfacet
  facet normal 0.965901 0.258911 0
    outer loop
      vertex 52.7063 34.7041 0
      vertex 52.8689 34.0975 17
      vertex 52.8689 34.0975 0
    endloop
  endfacet
  facet normal 0.629267 0.777189 -0
    outer loop
      vertex 51.0148 37.3089 0
      vertex 50.5267 37.7041 17
      vertex 51.0148 37.3089 17
    endloop
  endfacet
  facet normal 0.629267 0.777189 0
    outer loop
      vertex 50.5267 37.7041 17
      vertex 51.0148 37.3089 0
      vertex 50.5267 37.7041 0
    endloop
  endfacet
  facet normal 0.0523833 0.998627 0
    outer loop
      vertex 47.6272 38.8171 17
      vertex 47 38.85 15
      vertex 47 38.85 17
    endloop
  endfacet
  facet normal 0.0523833 0.998627 -0
    outer loop
      vertex 47.6272 38.8171 0
      vertex 47 38.85 15
      vertex 47.6272 38.8171 17
    endloop
  endfacet
  facet normal 0.0523833 0.998627 0
    outer loop
      vertex 47 38.85 15
      vertex 47.6272 38.8171 0
      vertex 47 38.85 0
    endloop
  endfacet
  facet normal 0.358285 -0.933612 0
    outer loop
      vertex 48.8541 -38.5563 0
      vertex 49.4404 -38.3313 17
      vertex 48.8541 -38.5563 17
    endloop
  endfacet
  facet normal 0.358285 -0.933612 0
    outer loop
      vertex 49.4404 -38.3313 17
      vertex 48.8541 -38.5563 0
      vertex 49.4404 -38.3313 0
    endloop
  endfacet
  facet normal -0.933612 -0.358285 0
    outer loop
      vertex -52.4813 -35.2904 0
      vertex -52.7063 -34.7041 17
      vertex -52.7063 -34.7041 0
    endloop
  endfacet
  facet normal -0.933612 -0.358285 0
    outer loop
      vertex -52.7063 -34.7041 17
      vertex -52.4813 -35.2904 0
      vertex -52.4813 -35.2904 17
    endloop
  endfacet
  facet normal -0.9877 0.156363 0
    outer loop
      vertex -52.9671 33.4772 0
      vertex -52.8689 34.0975 17
      vertex -52.8689 34.0975 0
    endloop
  endfacet
  facet normal -0.9877 0.156363 0
    outer loop
      vertex -52.8689 34.0975 17
      vertex -52.9671 33.4772 0
      vertex -52.9671 33.4772 17
    endloop
  endfacet
  facet normal -0.965901 0.258911 0
    outer loop
      vertex -52.8689 34.0975 0
      vertex -52.7063 34.7041 17
      vertex -52.7063 34.7041 0
    endloop
  endfacet
  facet normal -0.965901 0.258911 0
    outer loop
      vertex -52.7063 34.7041 17
      vertex -52.8689 34.0975 0
      vertex -52.8689 34.0975 17
    endloop
  endfacet
  facet normal 0.891026 0.453952 0
    outer loop
      vertex 52.4813 35.2904 17
      vertex 52.1962 35.85 0
      vertex 52.1962 35.85 17
    endloop
  endfacet
  facet normal 0.891026 0.453952 0
    outer loop
      vertex 52.1962 35.85 0
      vertex 52.4813 35.2904 17
      vertex 52.4813 35.2904 0
    endloop
  endfacet
  facet normal 0.358285 0.933612 -0
    outer loop
      vertex 49.4404 38.3313 0
      vertex 48.8541 38.5563 17
      vertex 49.4404 38.3313 17
    endloop
  endfacet
  facet normal 0.358285 0.933612 0
    outer loop
      vertex 48.8541 38.5563 17
      vertex 49.4404 38.3313 0
      vertex 48.8541 38.5563 0
    endloop
  endfacet
  facet normal -0.258911 0.965901 0
    outer loop
      vertex -48.2475 38.7189 0
      vertex -48.8541 38.5563 17
      vertex -48.2475 38.7189 17
    endloop
  endfacet
  facet normal -0.258911 0.965901 0
    outer loop
      vertex -48.8541 38.5563 17
      vertex -48.2475 38.7189 0
      vertex -48.8541 38.5563 0
    endloop
  endfacet
  facet normal -0.0523833 0.998627 0
    outer loop
      vertex -47 38.85 15
      vertex -47.6272 38.8171 17
      vertex -47 38.85 17
    endloop
  endfacet
  facet normal -0.0523833 0.998627 0
    outer loop
      vertex -47.6272 38.8171 0
      vertex -47 38.85 15
      vertex -47 38.85 0
    endloop
  endfacet
  facet normal -0.0523833 0.998627 0
    outer loop
      vertex -47 38.85 15
      vertex -47.6272 38.8171 0
      vertex -47.6272 38.8171 17
    endloop
  endfacet
  facet normal -0.454078 0.890962 0
    outer loop
      vertex -49.4404 38.3313 0
      vertex -50 38.0461 17
      vertex -49.4404 38.3313 17
    endloop
  endfacet
  facet normal -0.454078 0.890962 0
    outer loop
      vertex -50 38.0461 17
      vertex -49.4404 38.3313 0
      vertex -50 38.0461 0
    endloop
  endfacet
  facet normal -0.358285 0.933612 0
    outer loop
      vertex -48.8541 38.5563 0
      vertex -49.4404 38.3313 17
      vertex -48.8541 38.5563 17
    endloop
  endfacet
  facet normal -0.358285 0.933612 0
    outer loop
      vertex -49.4404 38.3313 17
      vertex -48.8541 38.5563 0
      vertex -49.4404 38.3313 0
    endloop
  endfacet
  facet normal -0.0523833 -0.998627 0
    outer loop
      vertex -47.6272 -38.8171 17
      vertex -47 -38.85 11
      vertex -47 -38.85 17
    endloop
  endfacet
  facet normal -0.0523833 -0.998627 0
    outer loop
      vertex -47.6272 -38.8171 0
      vertex -47 -38.85 11
      vertex -47.6272 -38.8171 17
    endloop
  endfacet
  facet normal -0.0523833 -0.998627 -0
    outer loop
      vertex -47 -38.85 11
      vertex -47.6272 -38.8171 0
      vertex -47 -38.85 0
    endloop
  endfacet
  facet normal -0.258911 -0.965901 0
    outer loop
      vertex -48.8541 -38.5563 0
      vertex -48.2475 -38.7189 17
      vertex -48.8541 -38.5563 17
    endloop
  endfacet
  facet normal -0.258911 -0.965901 -0
    outer loop
      vertex -48.2475 -38.7189 17
      vertex -48.8541 -38.5563 0
      vertex -48.2475 -38.7189 0
    endloop
  endfacet
  facet normal 0.9877 -0.156363 0
    outer loop
      vertex 52.8689 -34.0975 17
      vertex 52.9671 -33.4772 0
      vertex 52.9671 -33.4772 17
    endloop
  endfacet
  facet normal 0.9877 -0.156363 0
    outer loop
      vertex 52.9671 -33.4772 0
      vertex 52.8689 -34.0975 17
      vertex 52.8689 -34.0975 0
    endloop
  endfacet
  facet normal 0.544591 -0.838702 0
    outer loop
      vertex 50 -38.0461 0
      vertex 50.5267 -37.7041 17
      vertex 50 -38.0461 17
    endloop
  endfacet
  facet normal 0.544591 -0.838702 0
    outer loop
      vertex 50.5267 -37.7041 17
      vertex 50 -38.0461 0
      vertex 50.5267 -37.7041 0
    endloop
  endfacet
  facet normal 0.258911 -0.965901 0
    outer loop
      vertex 48.2475 -38.7189 0
      vertex 48.8541 -38.5563 17
      vertex 48.2475 -38.7189 17
    endloop
  endfacet
  facet normal 0.258911 -0.965901 0
    outer loop
      vertex 48.8541 -38.5563 17
      vertex 48.2475 -38.7189 0
      vertex 48.8541 -38.5563 0
    endloop
  endfacet
  facet normal 0.156363 -0.9877 0
    outer loop
      vertex 47.6272 -38.8171 0
      vertex 48.2475 -38.7189 17
      vertex 47.6272 -38.8171 17
    endloop
  endfacet
  facet normal 0.156363 -0.9877 0
    outer loop
      vertex 48.2475 -38.7189 17
      vertex 47.6272 -38.8171 0
      vertex 48.2475 -38.7189 0
    endloop
  endfacet
  facet normal -0.933612 0.358285 0
    outer loop
      vertex -52.7063 34.7041 0
      vertex -52.4813 35.2904 17
      vertex -52.4813 35.2904 0
    endloop
  endfacet
  facet normal -0.933612 0.358285 0
    outer loop
      vertex -52.4813 35.2904 17
      vertex -52.7063 34.7041 0
      vertex -52.7063 34.7041 17
    endloop
  endfacet
  facet normal -0.891026 0.453952 0
    outer loop
      vertex -52.4813 35.2904 0
      vertex -52.1962 35.85 17
      vertex -52.1962 35.85 0
    endloop
  endfacet
  facet normal -0.891026 0.453952 0
    outer loop
      vertex -52.1962 35.85 17
      vertex -52.4813 35.2904 0
      vertex -52.4813 35.2904 17
    endloop
  endfacet
  facet normal -0.777189 0.629267 0
    outer loop
      vertex -51.8541 36.3767 0
      vertex -51.4589 36.8648 17
      vertex -51.4589 36.8648 0
    endloop
  endfacet
  facet normal -0.777189 0.629267 0
    outer loop
      vertex -51.4589 36.8648 17
      vertex -51.8541 36.3767 0
      vertex -51.8541 36.3767 17
    endloop
  endfacet
  facet normal -0.707107 0.707107 0
    outer loop
      vertex -51.4589 36.8648 0
      vertex -51.0148 37.3089 17
      vertex -51.0148 37.3089 0
    endloop
  endfacet
  facet normal -0.707107 0.707107 0
    outer loop
      vertex -51.0148 37.3089 17
      vertex -51.4589 36.8648 0
      vertex -51.4589 36.8648 17
    endloop
  endfacet
  facet normal 0.933612 0.358285 0
    outer loop
      vertex 52.7063 34.7041 17
      vertex 52.4813 35.2904 0
      vertex 52.4813 35.2904 17
    endloop
  endfacet
  facet normal 0.933612 0.358285 0
    outer loop
      vertex 52.4813 35.2904 0
      vertex 52.7063 34.7041 17
      vertex 52.7063 34.7041 0
    endloop
  endfacet
  facet normal 0.707107 0.707107 0
    outer loop
      vertex 51.4589 36.8648 17
      vertex 51.0148 37.3089 0
      vertex 51.0148 37.3089 17
    endloop
  endfacet
  facet normal 0.707107 0.707107 0
    outer loop
      vertex 51.0148 37.3089 0
      vertex 51.4589 36.8648 17
      vertex 51.4589 36.8648 0
    endloop
  endfacet
  facet normal 0.777189 0.629267 0
    outer loop
      vertex 51.8541 36.3767 17
      vertex 51.4589 36.8648 0
      vertex 51.4589 36.8648 17
    endloop
  endfacet
  facet normal 0.777189 0.629267 0
    outer loop
      vertex 51.4589 36.8648 0
      vertex 51.8541 36.3767 17
      vertex 51.8541 36.3767 0
    endloop
  endfacet
  facet normal 0.838629 0.544703 0
    outer loop
      vertex 52.1962 35.85 17
      vertex 51.8541 36.3767 0
      vertex 51.8541 36.3767 17
    endloop
  endfacet
  facet normal 0.838629 0.544703 0
    outer loop
      vertex 51.8541 36.3767 0
      vertex 52.1962 35.85 17
      vertex 52.1962 35.85 0
    endloop
  endfacet
  facet normal 0.454078 0.890962 -0
    outer loop
      vertex 50 38.0461 0
      vertex 49.4404 38.3313 17
      vertex 50 38.0461 17
    endloop
  endfacet
  facet normal 0.454078 0.890962 0
    outer loop
      vertex 49.4404 38.3313 17
      vertex 50 38.0461 0
      vertex 49.4404 38.3313 0
    endloop
  endfacet
  facet normal 0.544591 0.838702 -0
    outer loop
      vertex 50.5267 37.7041 0
      vertex 50 38.0461 17
      vertex 50.5267 37.7041 17
    endloop
  endfacet
  facet normal 0.544591 0.838702 0
    outer loop
      vertex 50 38.0461 17
      vertex 50.5267 37.7041 0
      vertex 50 38.0461 0
    endloop
  endfacet
  facet normal 0.156363 0.9877 -0
    outer loop
      vertex 48.2475 38.7189 0
      vertex 47.6272 38.8171 17
      vertex 48.2475 38.7189 17
    endloop
  endfacet
  facet normal 0.156363 0.9877 0
    outer loop
      vertex 47.6272 38.8171 17
      vertex 48.2475 38.7189 0
      vertex 47.6272 38.8171 0
    endloop
  endfacet
  facet normal 0.258911 0.965901 -0
    outer loop
      vertex 48.8541 38.5563 0
      vertex 48.2475 38.7189 17
      vertex 48.8541 38.5563 17
    endloop
  endfacet
  facet normal 0.258911 0.965901 0
    outer loop
      vertex 48.2475 38.7189 17
      vertex 48.8541 38.5563 0
      vertex 48.2475 38.7189 0
    endloop
  endfacet
  facet normal -0.156363 0.9877 0
    outer loop
      vertex -47.6272 38.8171 0
      vertex -48.2475 38.7189 17
      vertex -47.6272 38.8171 17
    endloop
  endfacet
  facet normal -0.156363 0.9877 0
    outer loop
      vertex -48.2475 38.7189 17
      vertex -47.6272 38.8171 0
      vertex -48.2475 38.7189 0
    endloop
  endfacet
  facet normal -0.629267 -0.777189 0
    outer loop
      vertex -51.0148 -37.3089 0
      vertex -50.5267 -37.7041 17
      vertex -51.0148 -37.3089 17
    endloop
  endfacet
  facet normal -0.629267 -0.777189 -0
    outer loop
      vertex -50.5267 -37.7041 17
      vertex -51.0148 -37.3089 0
      vertex -50.5267 -37.7041 0
    endloop
  endfacet
  facet normal -0.358285 -0.933612 0
    outer loop
      vertex -49.4404 -38.3313 0
      vertex -48.8541 -38.5563 17
      vertex -49.4404 -38.3313 17
    endloop
  endfacet
  facet normal -0.358285 -0.933612 -0
    outer loop
      vertex -48.8541 -38.5563 17
      vertex -49.4404 -38.3313 0
      vertex -48.8541 -38.5563 0
    endloop
  endfacet
  facet normal 0.838629 -0.544703 0
    outer loop
      vertex 51.8541 -36.3767 17
      vertex 52.1962 -35.85 0
      vertex 52.1962 -35.85 17
    endloop
  endfacet
  facet normal 0.838629 -0.544703 0
    outer loop
      vertex 52.1962 -35.85 0
      vertex 51.8541 -36.3767 17
      vertex 51.8541 -36.3767 0
    endloop
  endfacet
  facet normal 0.707107 -0.707107 0
    outer loop
      vertex 51.0148 -37.3089 17
      vertex 51.4589 -36.8648 0
      vertex 51.4589 -36.8648 17
    endloop
  endfacet
  facet normal 0.707107 -0.707107 0
    outer loop
      vertex 51.4589 -36.8648 0
      vertex 51.0148 -37.3089 17
      vertex 51.0148 -37.3089 0
    endloop
  endfacet
  facet normal 0.891026 -0.453952 0
    outer loop
      vertex 52.1962 -35.85 17
      vertex 52.4813 -35.2904 0
      vertex 52.4813 -35.2904 17
    endloop
  endfacet
  facet normal 0.891026 -0.453952 0
    outer loop
      vertex 52.4813 -35.2904 0
      vertex 52.1962 -35.85 17
      vertex 52.1962 -35.85 0
    endloop
  endfacet
  facet normal 0.998627 -0.0523833 0
    outer loop
      vertex 52.9671 -33.4772 17
      vertex 53 -32.85 0
      vertex 53 -32.85 17
    endloop
  endfacet
  facet normal 0.998627 -0.0523833 0
    outer loop
      vertex 53 -32.85 0
      vertex 52.9671 -33.4772 17
      vertex 52.9671 -33.4772 0
    endloop
  endfacet
  facet normal 0.965901 -0.258911 0
    outer loop
      vertex 52.7063 -34.7041 17
      vertex 52.8689 -34.0975 0
      vertex 52.8689 -34.0975 17
    endloop
  endfacet
  facet normal 0.965901 -0.258911 0
    outer loop
      vertex 52.8689 -34.0975 0
      vertex 52.7063 -34.7041 17
      vertex 52.7063 -34.7041 0
    endloop
  endfacet
  facet normal 0.933612 -0.358285 0
    outer loop
      vertex 52.4813 -35.2904 17
      vertex 52.7063 -34.7041 0
      vertex 52.7063 -34.7041 17
    endloop
  endfacet
  facet normal 0.933612 -0.358285 0
    outer loop
      vertex 52.7063 -34.7041 0
      vertex 52.4813 -35.2904 17
      vertex 52.4813 -35.2904 0
    endloop
  endfacet
  facet normal 0.454078 -0.890962 0
    outer loop
      vertex 49.4404 -38.3313 0
      vertex 50 -38.0461 17
      vertex 49.4404 -38.3313 17
    endloop
  endfacet
  facet normal 0.454078 -0.890962 0
    outer loop
      vertex 50 -38.0461 17
      vertex 49.4404 -38.3313 0
      vertex 50 -38.0461 0
    endloop
  endfacet
  facet normal -0.838629 -0.544703 0
    outer loop
      vertex -51.8541 -36.3767 0
      vertex -52.1962 -35.85 17
      vertex -52.1962 -35.85 0
    endloop
  endfacet
  facet normal -0.838629 -0.544703 0
    outer loop
      vertex -52.1962 -35.85 17
      vertex -51.8541 -36.3767 0
      vertex -51.8541 -36.3767 17
    endloop
  endfacet
  facet normal -0.707107 -0.707107 0
    outer loop
      vertex -51.0148 -37.3089 0
      vertex -51.4589 -36.8648 17
      vertex -51.4589 -36.8648 0
    endloop
  endfacet
  facet normal -0.707107 -0.707107 0
    outer loop
      vertex -51.4589 -36.8648 17
      vertex -51.0148 -37.3089 0
      vertex -51.0148 -37.3089 17
    endloop
  endfacet
  facet normal -0.777189 -0.629267 0
    outer loop
      vertex -51.4589 -36.8648 0
      vertex -51.8541 -36.3767 17
      vertex -51.8541 -36.3767 0
    endloop
  endfacet
  facet normal -0.777189 -0.629267 0
    outer loop
      vertex -51.8541 -36.3767 17
      vertex -51.4589 -36.8648 0
      vertex -51.4589 -36.8648 17
    endloop
  endfacet
  facet normal -0.156363 -0.9877 0
    outer loop
      vertex -48.2475 -38.7189 0
      vertex -47.6272 -38.8171 17
      vertex -48.2475 -38.7189 17
    endloop
  endfacet
  facet normal -0.156363 -0.9877 -0
    outer loop
      vertex -47.6272 -38.8171 17
      vertex -48.2475 -38.7189 0
      vertex -47.6272 -38.8171 0
    endloop
  endfacet
  facet normal -0.454078 -0.890962 0
    outer loop
      vertex -50 -38.0461 0
      vertex -49.4404 -38.3313 17
      vertex -50 -38.0461 17
    endloop
  endfacet
  facet normal -0.454078 -0.890962 -0
    outer loop
      vertex -49.4404 -38.3313 17
      vertex -50 -38.0461 0
      vertex -49.4404 -38.3313 0
    endloop
  endfacet
  facet normal -0.544591 -0.838702 0
    outer loop
      vertex -50.5267 -37.7041 0
      vertex -50 -38.0461 17
      vertex -50.5267 -37.7041 17
    endloop
  endfacet
  facet normal -0.544591 -0.838702 -0
    outer loop
      vertex -50 -38.0461 17
      vertex -50.5267 -37.7041 0
      vertex -50 -38.0461 0
    endloop
  endfacet
  facet normal 0.777189 -0.629267 0
    outer loop
      vertex 51.4589 -36.8648 17
      vertex 51.8541 -36.3767 0
      vertex 51.8541 -36.3767 17
    endloop
  endfacet
  facet normal 0.777189 -0.629267 0
    outer loop
      vertex 51.8541 -36.3767 0
      vertex 51.4589 -36.8648 17
      vertex 51.4589 -36.8648 0
    endloop
  endfacet
  facet normal -0.891026 -0.453952 0
    outer loop
      vertex -52.1962 -35.85 0
      vertex -52.4813 -35.2904 17
      vertex -52.4813 -35.2904 0
    endloop
  endfacet
  facet normal -0.891026 -0.453952 0
    outer loop
      vertex -52.4813 -35.2904 17
      vertex -52.1962 -35.85 0
      vertex -52.1962 -35.85 17
    endloop
  endfacet
  facet normal 0 0 1
    outer loop
      vertex -41.2 38.85 17
      vertex -47 38.85 17
      vertex -41.2 28.85 17
    endloop
  endfacet
  facet normal 0 0 1
    outer loop
      vertex -41.2 28.85 17
      vertex -47 38.85 17
      vertex -53 32.85 17
    endloop
  endfacet
  facet normal 0 -0 1
    outer loop
      vertex -47 17.25 17
      vertex -41.2 28.85 17
      vertex -53 32.85 17
    endloop
  endfacet
  facet normal 0 0 1
    outer loop
      vertex -41.2 28.85 17
      vertex -47 17.25 17
      vertex -41.2 17.25 17
    endloop
  endfacet
  facet normal 0 0 1
    outer loop
      vertex -53 32.85 17
      vertex -47 38.85 17
      vertex -47.6272 38.8171 17
    endloop
  endfacet
  facet normal 0 0 1
    outer loop
      vertex -53 -32.85 17
      vertex -47 17.25 17
      vertex -53 32.85 17
    endloop
  endfacet
  facet normal 0 0 1
    outer loop
      vertex -53 32.85 17
      vertex -47.6272 38.8171 17
      vertex -48.2475 38.7189 17
    endloop
  endfacet
  facet normal 0 0 1
    outer loop
      vertex -47 17.25 17
      vertex -53 -32.85 17
      vertex -47 -38.85 17
    endloop
  endfacet
  facet normal 0 0 1
    outer loop
      vertex -53 32.85 17
      vertex -48.2475 38.7189 17
      vertex -48.8541 38.5563 17
    endloop
  endfacet
  facet normal 0 0 1
    outer loop
      vertex -47 -38.85 17
      vertex -53 -32.85 17
      vertex -47.6272 -38.8171 17
    endloop
  endfacet
  facet normal 0 0 1
    outer loop
      vertex -53 32.85 17
      vertex -48.8541 38.5563 17
      vertex -49.4404 38.3313 17
    endloop
  endfacet
  facet normal 0 0 1
    outer loop
      vertex -47.6272 -38.8171 17
      vertex -53 -32.85 17
      vertex -48.2475 -38.7189 17
    endloop
  endfacet
  facet normal 0 0 1
    outer loop
      vertex -53 32.85 17
      vertex -49.4404 38.3313 17
      vertex -50 38.0461 17
    endloop
  endfacet
  facet normal 0 0 1
    outer loop
      vertex -48.2475 -38.7189 17
      vertex -53 -32.85 17
      vertex -48.8541 -38.5563 17
    endloop
  endfacet
  facet normal 0 0 1
    outer loop
      vertex -53 32.85 17
      vertex -50 38.0461 17
      vertex -50.5267 37.7041 17
    endloop
  endfacet
  facet normal 0 0 1
    outer loop
      vertex -48.8541 -38.5563 17
      vertex -53 -32.85 17
      vertex -49.4404 -38.3313 17
    endloop
  endfacet
  facet normal 0 0 1
    outer loop
      vertex -53 32.85 17
      vertex -50.5267 37.7041 17
      vertex -51.0148 37.3089 17
    endloop
  endfacet
  facet normal 0 0 1
    outer loop
      vertex -49.4404 -38.3313 17
      vertex -53 -32.85 17
      vertex -50 -38.0461 17
    endloop
  endfacet
  facet normal 0 0 1
    outer loop
      vertex -53 32.85 17
      vertex -51.0148 37.3089 17
      vertex -51.4589 36.8648 17
    endloop
  endfacet
  facet normal 0 0 1
    outer loop
      vertex -50 -38.0461 17
      vertex -53 -32.85 17
      vertex -50.5267 -37.7041 17
    endloop
  endfacet
  facet normal 0 0 1
    outer loop
      vertex -53 32.85 17
      vertex -51.4589 36.8648 17
      vertex -51.8541 36.3767 17
    endloop
  endfacet
  facet normal 0 0 1
    outer loop
      vertex -50.5267 -37.7041 17
      vertex -53 -32.85 17
      vertex -51.0148 -37.3089 17
    endloop
  endfacet
  facet normal 0 0 1
    outer loop
      vertex -53 32.85 17
      vertex -51.8541 36.3767 17
      vertex -52.1962 35.85 17
    endloop
  endfacet
  facet normal 0 0 1
    outer loop
      vertex -51.0148 -37.3089 17
      vertex -53 -32.85 17
      vertex -51.4589 -36.8648 17
    endloop
  endfacet
  facet normal 0 0 1
    outer loop
      vertex -53 32.85 17
      vertex -52.1962 35.85 17
      vertex -52.4813 35.2904 17
    endloop
  endfacet
  facet normal 0 0 1
    outer loop
      vertex -51.4589 -36.8648 17
      vertex -53 -32.85 17
      vertex -51.8541 -36.3767 17
    endloop
  endfacet
  facet normal 0 0 1
    outer loop
      vertex -53 32.85 17
      vertex -52.4813 35.2904 17
      vertex -52.7063 34.7041 17
    endloop
  endfacet
  facet normal 0 0 1
    outer loop
      vertex -51.8541 -36.3767 17
      vertex -53 -32.85 17
      vertex -52.1962 -35.85 17
    endloop
  endfacet
  facet normal 0 0 1
    outer loop
      vertex -53 32.85 17
      vertex -52.7063 34.7041 17
      vertex -52.8689 34.0975 17
    endloop
  endfacet
  facet normal 0 0 1
    outer loop
      vertex -52.1962 -35.85 17
      vertex -53 -32.85 17
      vertex -52.4813 -35.2904 17
    endloop
  endfacet
  facet normal 0 0 1
    outer loop
      vertex -53 32.85 17
      vertex -52.8689 34.0975 17
      vertex -52.9671 33.4772 17
    endloop
  endfacet
  facet normal 0 0 1
    outer loop
      vertex -52.4813 -35.2904 17
      vertex -53 -32.85 17
      vertex -52.7063 -34.7041 17
    endloop
  endfacet
  facet normal 0 0 1
    outer loop
      vertex -52.7063 -34.7041 17
      vertex -53 -32.85 17
      vertex -52.8689 -34.0975 17
    endloop
  endfacet
  facet normal 0 0 1
    outer loop
      vertex -52.8689 -34.0975 17
      vertex -53 -32.85 17
      vertex -52.9671 -33.4772 17
    endloop
  endfacet
  facet normal 0 0 1
    outer loop
      vertex 41.2 38.85 17
      vertex 16 28.85 17
      vertex 41.2 28.85 17
    endloop
  endfacet
  facet normal -0 0 1
    outer loop
      vertex 15.9661 38.85 17
      vertex 16 28.85 17
      vertex 41.2 38.85 17
    endloop
  endfacet
  facet normal -0 0 1
    outer loop
      vertex 15.7542 38.5739 17
      vertex 16 28.85 17
      vertex 15.9661 38.85 17
    endloop
  endfacet
  facet normal -0 0 1
    outer loop
      vertex 15.5264 38.277 17
      vertex 16 28.85 17
      vertex 15.7542 38.5739 17
    endloop
  endfacet
  facet normal -0 0 1
    outer loop
      vertex 15.2834 37.9924 17
      vertex 16 28.85 17
      vertex 15.5264 38.277 17
    endloop
  endfacet
  facet normal -0 0 1
    outer loop
      vertex 14.8471 37.4816 17
      vertex 16 28.85 17
      vertex 15.2834 37.9924 17
    endloop
  endfacet
  facet normal -0 0 1
    outer loop
      vertex 14.3847 36.9943 17
      vertex 16 28.85 17
      vertex 14.8471 37.4816 17
    endloop
  endfacet
  facet normal -0 0 1
    outer loop
      vertex 14.1271 36.7229 17
      vertex 16 28.85 17
      vertex 14.3847 36.9943 17
    endloop
  endfacet
  facet normal -0 0 1
    outer loop
      vertex 13.6398 36.2605 17
      vertex 16 28.85 17
      vertex 14.1271 36.7229 17
    endloop
  endfacet
  facet normal -0 0 1
    outer loop
      vertex 13.3684 36.0029 17
      vertex 16 28.85 17
      vertex 13.6398 36.2605 17
    endloop
  endfacet
  facet normal -0 0 1
    outer loop
      vertex 12.8576 35.5666 17
      vertex 16 28.85 17
      vertex 13.3684 36.0029 17
    endloop
  endfacet
  facet normal -0 0 1
    outer loop
      vertex 12.573 35.3236 17
      vertex 16 28.85 17
      vertex 12.8576 35.5666 17
    endloop
  endfacet
  facet normal -0 0 1
    outer loop
      vertex 12.0401 34.9147 17
      vertex 16 28.85 17
      vertex 12.573 35.3236 17
    endloop
  endfacet
  facet normal -0 0 1
    outer loop
      vertex 11.7432 34.6868 17
      vertex 16 28.85 17
      vertex 12.0401 34.9147 17
    endloop
  endfacet
  facet normal -0 0 1
    outer loop
      vertex 11.4348 34.4749 17
      vertex 16 28.85 17
      vertex 11.7432 34.6868 17
    endloop
  endfacet
  facet normal -0 0 1
    outer loop
      vertex 10.8812 34.0944 17
      vertex 16 28.85 17
      vertex 11.4348 34.4749 17
    endloop
  endfacet
  facet normal -0 0 1
    outer loop
      vertex 10.5621 33.8989 17
      vertex 16 28.85 17
      vertex 10.8812 34.0944 17
    endloop
  endfacet
  facet normal -0 0 1
    outer loop
      vertex 9.98938 33.5479 17
      vertex 16 28.85 17
      vertex 10.5621 33.8989 17
    endloop
  endfacet
  facet normal -0 0 1
    outer loop
      vertex 9.39904 33.2274 17
      vertex 16 28.85 17
      vertex 9.98938 33.5479 17
    endloop
  endfacet
  facet normal -0 0 1
    outer loop
      vertex 9.07016 33.0488 17
      vertex 16 28.85 17
      vertex 9.39904 33.2274 17
    endloop
  endfacet
  facet normal -0 0 1
    outer loop
      vertex 8.7324 32.8877 17
      vertex 16 28.85 17
      vertex 9.07016 33.0488 17
    endloop
  endfacet
  facet normal -0 0 1
    outer loop
      vertex 8.12609 32.5985 17
      vertex 16 28.85 17
      vertex 8.7324 32.8877 17
    endloop
  endfacet
  facet normal -0 0 1
    outer loop
      vertex 7.50548 32.3414 17
      vertex 16 28.85 17
      vertex 8.12609 32.5985 17
    endloop
  endfacet
  facet normal -0 0 1
    outer loop
      vertex 7.15974 32.1982 17
      vertex 16 28.85 17
      vertex 7.50548 32.3414 17
    endloop
  endfacet
  facet normal -0 0 1
    outer loop
      vertex 6.52653 31.974 17
      vertex 16 28.85 17
      vertex 7.15974 32.1982 17
    endloop
  endfacet
  facet normal -0 0 1
    outer loop
      vertex 6.17377 31.8491 17
      vertex 16 28.85 17
      vertex 6.52653 31.974 17
    endloop
  endfacet
  facet normal -0 0 1
    outer loop
      vertex 5.5297 31.6583 17
      vertex 16 28.85 17
      vertex 6.17377 31.8491 17
    endloop
  endfacet
  facet normal -0 0 1
    outer loop
      vertex 5.17088 31.552 17
      vertex 16 28.85 17
      vertex 5.5297 31.6583 17
    endloop
  endfacet
  facet normal -0 0 1
    outer loop
      vertex 4.807 31.4646 17
      vertex 16 28.85 17
      vertex 5.17088 31.552 17
    endloop
  endfacet
  facet normal -0 0 1
    outer loop
      vertex 4.15382 31.3078 17
      vertex 16 28.85 17
      vertex 4.807 31.4646 17
    endloop
  endfacet
  facet normal -0 0 1
    outer loop
      vertex 3.49332 31.1854 17
      vertex 16 28.85 17
      vertex 4.15382 31.3078 17
    endloop
  endfacet
  facet normal -0 0 1
    outer loop
      vertex 3.12537 31.1172 17
      vertex 16 28.85 17
      vertex 3.49332 31.1854 17
    endloop
  endfacet
  facet normal -0 0 1
    outer loop
      vertex 2.75434 31.0684 17
      vertex 16 28.85 17
      vertex 3.12537 31.1172 17
    endloop
  endfacet
  facet normal -0 0 1
    outer loop
      vertex 2.08835 30.9807 17
      vertex 16 28.85 17
      vertex 2.75434 31.0684 17
    endloop
  endfacet
  facet normal -0 0 1
    outer loop
      vertex 1.71528 30.9513 17
      vertex 16 28.85 17
      vertex 2.08835 30.9807 17
    endloop
  endfacet
  facet normal -0 0 1
    outer loop
      vertex 1.04561 30.8986 17
      vertex 16 28.85 17
      vertex 1.71528 30.9513 17
    endloop
  endfacet
  facet normal -0 0 1
    outer loop
      vertex 0.374095 30.881 17
      vertex 16 28.85 17
      vertex 1.04561 30.8986 17
    endloop
  endfacet
  facet normal -0 0 1
    outer loop
      vertex 0 30.8712 17
      vertex 16 28.85 17
      vertex 0.374095 30.881 17
    endloop
  endfacet
  facet normal 0 0 1
    outer loop
      vertex -16 28.85 17
      vertex 0 30.8712 17
      vertex -0.374095 30.881 17
    endloop
  endfacet
  facet normal 0 0 1
    outer loop
      vertex -16 28.85 17
      vertex -0.374095 30.881 17
      vertex -1.04561 30.8986 17
    endloop
  endfacet
  facet normal 0 0 1
    outer loop
      vertex -16 28.85 17
      vertex -1.04561 30.8986 17
      vertex -1.71528 30.9513 17
    endloop
  endfacet
  facet normal 0 0 1
    outer loop
      vertex -16 28.85 17
      vertex -1.71528 30.9513 17
      vertex -2.08835 30.9807 17
    endloop
  endfacet
  facet normal 0 0 1
    outer loop
      vertex -16 28.85 17
      vertex -10.5621 33.8989 17
      vertex -10.8812 34.0944 17
    endloop
  endfacet
  facet normal 0 0 1
    outer loop
      vertex -16 28.85 17
      vertex -15.2834 37.9924 17
      vertex -15.5264 38.277 17
    endloop
  endfacet
  facet normal 0 0 1
    outer loop
      vertex 0 30.8712 17
      vertex -16 28.85 17
      vertex 16 28.85 17
    endloop
  endfacet
  facet normal 0 0 1
    outer loop
      vertex -2.75434 31.0684 17
      vertex -16 28.85 17
      vertex -2.08835 30.9807 17
    endloop
  endfacet
  facet normal 0 0 1
    outer loop
      vertex -3.12537 31.1172 17
      vertex -16 28.85 17
      vertex -2.75434 31.0684 17
    endloop
  endfacet
  facet normal 0 0 1
    outer loop
      vertex -3.49332 31.1854 17
      vertex -16 28.85 17
      vertex -3.12537 31.1172 17
    endloop
  endfacet
  facet normal 0 0 1
    outer loop
      vertex -4.15382 31.3078 17
      vertex -16 28.85 17
      vertex -3.49332 31.1854 17
    endloop
  endfacet
  facet normal 0 0 1
    outer loop
      vertex -4.807 31.4646 17
      vertex -16 28.85 17
      vertex -4.15382 31.3078 17
    endloop
  endfacet
  facet normal 0 0 1
    outer loop
      vertex -5.17088 31.552 17
      vertex -16 28.85 17
      vertex -4.807 31.4646 17
    endloop
  endfacet
  facet normal 0 0 1
    outer loop
      vertex -5.5297 31.6583 17
      vertex -16 28.85 17
      vertex -5.17088 31.552 17
    endloop
  endfacet
  facet normal 0 0 1
    outer loop
      vertex -6.17377 31.8491 17
      vertex -16 28.85 17
      vertex -5.5297 31.6583 17
    endloop
  endfacet
  facet normal 0 0 1
    outer loop
      vertex -6.52653 31.974 17
      vertex -16 28.85 17
      vertex -6.17377 31.8491 17
    endloop
  endfacet
  facet normal 0 0 1
    outer loop
      vertex -7.15974 32.1982 17
      vertex -16 28.85 17
      vertex -6.52653 31.974 17
    endloop
  endfacet
  facet normal 0 0 1
    outer loop
      vertex -7.50548 32.3414 17
      vertex -16 28.85 17
      vertex -7.15974 32.1982 17
    endloop
  endfacet
  facet normal 0 0 1
    outer loop
      vertex -8.12609 32.5985 17
      vertex -16 28.85 17
      vertex -7.50548 32.3414 17
    endloop
  endfacet
  facet normal 0 0 1
    outer loop
      vertex -8.7324 32.8877 17
      vertex -16 28.85 17
      vertex -8.12609 32.5985 17
    endloop
  endfacet
  facet normal 0 0 1
    outer loop
      vertex -9.07016 33.0488 17
      vertex -16 28.85 17
      vertex -8.7324 32.8877 17
    endloop
  endfacet
  facet normal 0 0 1
    outer loop
      vertex -9.39904 33.2274 17
      vertex -16 28.85 17
      vertex -9.07016 33.0488 17
    endloop
  endfacet
  facet normal 0 0 1
    outer loop
      vertex -9.98938 33.5479 17
      vertex -16 28.85 17
      vertex -9.39904 33.2274 17
    endloop
  endfacet
  facet normal 0 0 1
    outer loop
      vertex -10.5621 33.8989 17
      vertex -16 28.85 17
      vertex -9.98938 33.5479 17
    endloop
  endfacet
  facet normal 0 0 1
    outer loop
      vertex -11.4348 34.4749 17
      vertex -16 28.85 17
      vertex -10.8812 34.0944 17
    endloop
  endfacet
  facet normal 0 0 1
    outer loop
      vertex -11.7432 34.6868 17
      vertex -16 28.85 17
      vertex -11.4348 34.4749 17
    endloop
  endfacet
  facet normal 0 0 1
    outer loop
      vertex -12.0401 34.9147 17
      vertex -16 28.85 17
      vertex -11.7432 34.6868 17
    endloop
  endfacet
  facet normal 0 0 1
    outer loop
      vertex -12.573 35.3236 17
      vertex -16 28.85 17
      vertex -12.0401 34.9147 17
    endloop
  endfacet
  facet normal 0 0 1
    outer loop
      vertex -12.8576 35.5666 17
      vertex -16 28.85 17
      vertex -12.573 35.3236 17
    endloop
  endfacet
  facet normal 0 0 1
    outer loop
      vertex -13.3684 36.0029 17
      vertex -16 28.85 17
      vertex -12.8576 35.5666 17
    endloop
  endfacet
  facet normal 0 0 1
    outer loop
      vertex -13.6398 36.2605 17
      vertex -16 28.85 17
      vertex -13.3684 36.0029 17
    endloop
  endfacet
  facet normal 0 0 1
    outer loop
      vertex -14.1271 36.7229 17
      vertex -16 28.85 17
      vertex -13.6398 36.2605 17
    endloop
  endfacet
  facet normal 0 0 1
    outer loop
      vertex -14.3847 36.9943 17
      vertex -16 28.85 17
      vertex -14.1271 36.7229 17
    endloop
  endfacet
  facet normal 0 0 1
    outer loop
      vertex -14.8471 37.4816 17
      vertex -16 28.85 17
      vertex -14.3847 36.9943 17
    endloop
  endfacet
  facet normal 0 0 1
    outer loop
      vertex -15.2834 37.9924 17
      vertex -16 28.85 17
      vertex -14.8471 37.4816 17
    endloop
  endfacet
  facet normal 0 0 1
    outer loop
      vertex -15.7542 38.5739 17
      vertex -16 28.85 17
      vertex -15.5264 38.277 17
    endloop
  endfacet
  facet normal 0 0 1
    outer loop
      vertex -15.9661 38.85 17
      vertex -16 28.85 17
      vertex -15.7542 38.5739 17
    endloop
  endfacet
  facet normal -0 0 1
    outer loop
      vertex -41.2 38.85 17
      vertex -16 28.85 17
      vertex -15.9661 38.85 17
    endloop
  endfacet
  facet normal 0 0 1
    outer loop
      vertex -41.2 28.85 17
      vertex -16 28.85 17
      vertex -41.2 38.85 17
    endloop
  endfacet
  facet normal 0 0 1
    outer loop
      vertex 47 38.85 17
      vertex 53 32.85 17
      vertex 52.9671 33.4772 17
    endloop
  endfacet
  facet normal 0 0 1
    outer loop
      vertex 53 32.85 17
      vertex 47 17.25 17
      vertex 53 -32.85 17
    endloop
  endfacet
  facet normal 0 0 1
    outer loop
      vertex 47 38.85 17
      vertex 52.9671 33.4772 17
      vertex 52.8689 34.0975 17
    endloop
  endfacet
  facet normal 0 0 1
    outer loop
      vertex 47 -38.85 17
      vertex 53 -32.85 17
      vertex 47 17.25 17
    endloop
  endfacet
  facet normal 0 0 1
    outer loop
      vertex 47 38.85 17
      vertex 52.8689 34.0975 17
      vertex 52.7063 34.7041 17
    endloop
  endfacet
  facet normal 0 0 1
    outer loop
      vertex 53 -32.85 17
      vertex 47 -38.85 17
      vertex 52.9671 -33.4772 17
    endloop
  endfacet
  facet normal 0 0 1
    outer loop
      vertex 47 38.85 17
      vertex 52.7063 34.7041 17
      vertex 52.4813 35.2904 17
    endloop
  endfacet
  facet normal 0 0 1
    outer loop
      vertex 52.9671 -33.4772 17
      vertex 47 -38.85 17
      vertex 52.8689 -34.0975 17
    endloop
  endfacet
  facet normal 0 0 1
    outer loop
      vertex 47 38.85 17
      vertex 52.4813 35.2904 17
      vertex 52.1962 35.85 17
    endloop
  endfacet
  facet normal 0 0 1
    outer loop
      vertex 52.8689 -34.0975 17
      vertex 47 -38.85 17
      vertex 52.7063 -34.7041 17
    endloop
  endfacet
  facet normal 0 0 1
    outer loop
      vertex 47 38.85 17
      vertex 52.1962 35.85 17
      vertex 51.8541 36.3767 17
    endloop
  endfacet
  facet normal 0 0 1
    outer loop
      vertex 52.7063 -34.7041 17
      vertex 47 -38.85 17
      vertex 52.4813 -35.2904 17
    endloop
  endfacet
  facet normal 0 0 1
    outer loop
      vertex 47 38.85 17
      vertex 51.8541 36.3767 17
      vertex 51.4589 36.8648 17
    endloop
  endfacet
  facet normal 0 0 1
    outer loop
      vertex 52.4813 -35.2904 17
      vertex 47 -38.85 17
      vertex 52.1962 -35.85 17
    endloop
  endfacet
  facet normal 0 0 1
    outer loop
      vertex 47 38.85 17
      vertex 51.4589 36.8648 17
      vertex 51.0148 37.3089 17
    endloop
  endfacet
  facet normal 0 0 1
    outer loop
      vertex 52.1962 -35.85 17
      vertex 47 -38.85 17
      vertex 51.8541 -36.3767 17
    endloop
  endfacet
  facet normal 0 0 1
    outer loop
      vertex 47 38.85 17
      vertex 51.0148 37.3089 17
      vertex 50.5267 37.7041 17
    endloop
  endfacet
  facet normal 0 0 1
    outer loop
      vertex 51.8541 -36.3767 17
      vertex 47 -38.85 17
      vertex 51.4589 -36.8648 17
    endloop
  endfacet
  facet normal 0 0 1
    outer loop
      vertex 47 38.85 17
      vertex 50.5267 37.7041 17
      vertex 50 38.0461 17
    endloop
  endfacet
  facet normal 0 0 1
    outer loop
      vertex 51.4589 -36.8648 17
      vertex 47 -38.85 17
      vertex 51.0148 -37.3089 17
    endloop
  endfacet
  facet normal 0 0 1
    outer loop
      vertex 47 38.85 17
      vertex 50 38.0461 17
      vertex 49.4404 38.3313 17
    endloop
  endfacet
  facet normal 0 0 1
    outer loop
      vertex 51.0148 -37.3089 17
      vertex 47 -38.85 17
      vertex 50.5267 -37.7041 17
    endloop
  endfacet
  facet normal 0 0 1
    outer loop
      vertex 47 38.85 17
      vertex 49.4404 38.3313 17
      vertex 48.8541 38.5563 17
    endloop
  endfacet
  facet normal 0 0 1
    outer loop
      vertex 50.5267 -37.7041 17
      vertex 47 -38.85 17
      vertex 50 -38.0461 17
    endloop
  endfacet
  facet normal 0 0 1
    outer loop
      vertex 47 38.85 17
      vertex 48.8541 38.5563 17
      vertex 48.2475 38.7189 17
    endloop
  endfacet
  facet normal 0 0 1
    outer loop
      vertex 50 -38.0461 17
      vertex 47 -38.85 17
      vertex 49.4404 -38.3313 17
    endloop
  endfacet
  facet normal 0 0 1
    outer loop
      vertex 47 38.85 17
      vertex 48.2475 38.7189 17
      vertex 47.6272 38.8171 17
    endloop
  endfacet
  facet normal 0 0 1
    outer loop
      vertex 49.4404 -38.3313 17
      vertex 47 -38.85 17
      vertex 48.8541 -38.5563 17
    endloop
  endfacet
  facet normal 0 0 1
    outer loop
      vertex 53 32.85 17
      vertex 47 38.85 17
      vertex 41.2 28.85 17
    endloop
  endfacet
  facet normal 0 0 1
    outer loop
      vertex 48.8541 -38.5563 17
      vertex 47 -38.85 17
      vertex 48.2475 -38.7189 17
    endloop
  endfacet
  facet normal 0 0 1
    outer loop
      vertex 48.2475 -38.7189 17
      vertex 47 -38.85 17
      vertex 47.6272 -38.8171 17
    endloop
  endfacet
  facet normal 0 0 1
    outer loop
      vertex 47 38.85 17
      vertex 41.2 38.85 17
      vertex 41.2 28.85 17
    endloop
  endfacet
  facet normal 0 0 1
    outer loop
      vertex 53 32.85 17
      vertex 41.2 28.85 17
      vertex 47 17.25 17
    endloop
  endfacet
  facet normal 0 0 1
    outer loop
      vertex 47 17.25 17
      vertex 41.2 28.85 17
      vertex 41.2 17.25 17
    endloop
  endfacet
  facet normal 1 0 0
    outer loop
      vertex -47 17.25 17
      vertex -47 -38.85 17
      vertex -47 17.25 15
    endloop
  endfacet
  facet normal 1 -0 0
    outer loop
      vertex -47 17.25 15
      vertex -47 28.85 11
      vertex -47 28.85 15
    endloop
  endfacet
  facet normal 1 0 0
    outer loop
      vertex -47 -38.85 11
      vertex -47 17.25 15
      vertex -47 -38.85 17
    endloop
  endfacet
  facet normal 1 0 0
    outer loop
      vertex -47 17.25 15
      vertex -47 -38.85 11
      vertex -47 28.85 11
    endloop
  endfacet
  facet normal 0 -1 0
    outer loop
      vertex 16 28.85 17
      vertex 24 28.85 15
      vertex 41.2 28.85 17
    endloop
  endfacet
  facet normal 0 -1 0
    outer loop
      vertex 16 28.85 11
      vertex 24 28.85 15
      vertex 16 28.85 17
    endloop
  endfacet
  facet normal 0 -1 -0
    outer loop
      vertex 24 28.85 15
      vertex 16 28.85 11
      vertex 24 28.85 11
    endloop
  endfacet
  facet normal 0 -1 0
    outer loop
      vertex 36 28.85 15
      vertex 41.2 28.85 17
      vertex 24 28.85 15
    endloop
  endfacet
  facet normal 0 -1 0
    outer loop
      vertex 36 28.85 15
      vertex 41.2 28.85 15
      vertex 41.2 28.85 17
    endloop
  endfacet
  facet normal 0 -1 0
    outer loop
      vertex 36 28.85 11
      vertex 41.2 28.85 15
      vertex 36 28.85 15
    endloop
  endfacet
  facet normal 0 -1 0
    outer loop
      vertex 47 28.85 11
      vertex 41.2 28.85 15
      vertex 36 28.85 11
    endloop
  endfacet
  facet normal 0 -1 0
    outer loop
      vertex 41.2 28.85 15
      vertex 47 28.85 11
      vertex 47 28.85 15
    endloop
  endfacet
  facet normal 0 -1 0
    outer loop
      vertex -36 28.85 15
      vertex -41.2 28.85 17
      vertex -41.2 28.85 15
    endloop
  endfacet
  facet normal 0 -1 0
    outer loop
      vertex -24 28.85 15
      vertex -41.2 28.85 17
      vertex -36 28.85 15
    endloop
  endfacet
  facet normal 0 -1 0
    outer loop
      vertex -41.2 28.85 17
      vertex -24 28.85 15
      vertex -16 28.85 17
    endloop
  endfacet
  facet normal 0 -1 0
    outer loop
      vertex -16 28.85 11
      vertex -24 28.85 15
      vertex -24 28.85 11
    endloop
  endfacet
  facet normal 0 -1 0
    outer loop
      vertex -24 28.85 15
      vertex -16 28.85 11
      vertex -16 28.85 17
    endloop
  endfacet
  facet normal 0 -1 0
    outer loop
      vertex -47 28.85 11
      vertex -41.2 28.85 15
      vertex -47 28.85 15
    endloop
  endfacet
  facet normal 0 -1 0
    outer loop
      vertex -36 28.85 11
      vertex -41.2 28.85 15
      vertex -47 28.85 11
    endloop
  endfacet
  facet normal 0 -1 0
    outer loop
      vertex -41.2 28.85 15
      vertex -36 28.85 11
      vertex -36 28.85 15
    endloop
  endfacet
  facet normal -1 0 0
    outer loop
      vertex 47 28.85 11
      vertex 47 17.25 15
      vertex 47 28.85 15
    endloop
  endfacet
  facet normal -1 0 0
    outer loop
      vertex 47 -38.85 11
      vertex 47 17.25 15
      vertex 47 28.85 11
    endloop
  endfacet
  facet normal -1 0 0
    outer loop
      vertex 47 -38.85 17
      vertex 47 17.25 15
      vertex 47 -38.85 11
    endloop
  endfacet
  facet normal -1 0 0
    outer loop
      vertex 47 17.25 15
      vertex 47 -38.85 17
      vertex 47 17.25 17
    endloop
  endfacet
  facet normal -1 0 0
    outer loop
      vertex 41.2 17.25 15
      vertex 41.2 28.85 17
      vertex 41.2 28.85 15
    endloop
  endfacet
  facet normal -1 -0 0
    outer loop
      vertex 41.2 28.85 17
      vertex 41.2 17.25 15
      vertex 41.2 17.25 17
    endloop
  endfacet
  facet normal 0 1 -0
    outer loop
      vertex 47 38.85 15
      vertex 41.2 38.85 17
      vertex 47 38.85 17
    endloop
  endfacet
  facet normal 0 1 0
    outer loop
      vertex 41.2 38.85 17
      vertex 47 38.85 15
      vertex 41.2 38.85 15
    endloop
  endfacet
  facet normal 0 0 -1
    outer loop
      vertex 41.2 17.25 15
      vertex 47 28.85 15
      vertex 47 17.25 15
    endloop
  endfacet
  facet normal -0 0 -1
    outer loop
      vertex 47 28.85 15
      vertex 41.2 17.25 15
      vertex 41.2 28.85 15
    endloop
  endfacet
  facet normal 0 -1 0
    outer loop
      vertex 41.2 17.25 15
      vertex 47 17.25 17
      vertex 41.2 17.25 17
    endloop
  endfacet
  facet normal 0 -1 -0
    outer loop
      vertex 47 17.25 17
      vertex 41.2 17.25 15
      vertex 47 17.25 15
    endloop
  endfacet
  facet normal 1 -0 0
    outer loop
      vertex -41.2 17.25 17
      vertex -41.2 28.85 15
      vertex -41.2 28.85 17
    endloop
  endfacet
  facet normal 1 0 0
    outer loop
      vertex -41.2 28.85 15
      vertex -41.2 17.25 17
      vertex -41.2 17.25 15
    endloop
  endfacet
  facet normal 0 0 -1
    outer loop
      vertex -47 17.25 15
      vertex -41.2 28.85 15
      vertex -41.2 17.25 15
    endloop
  endfacet
  facet normal -0 0 -1
    outer loop
      vertex -41.2 28.85 15
      vertex -47 17.25 15
      vertex -47 28.85 15
    endloop
  endfacet
  facet normal 0 -1 0
    outer loop
      vertex -47 17.25 15
      vertex -41.2 17.25 17
      vertex -47 17.25 17
    endloop
  endfacet
  facet normal 0 -1 -0
    outer loop
      vertex -41.2 17.25 17
      vertex -47 17.25 15
      vertex -41.2 17.25 15
    endloop
  endfacet
  facet normal 0 1 -0
    outer loop
      vertex -41.2 38.85 15
      vertex -47 38.85 17
      vertex -41.2 38.85 17
    endloop
  endfacet
  facet normal 0 1 0
    outer loop
      vertex -47 38.85 17
      vertex -41.2 38.85 15
      vertex -47 38.85 15
    endloop
  endfacet
  facet normal -0.998626 -0.0524 0
    outer loop
      vertex -18 -22.45 5.2
      vertex -18.0277 -21.9221 11
      vertex -18.0277 -21.9221 5.2
    endloop
  endfacet
  facet normal -0.998626 -0.0524 0
    outer loop
      vertex -18.0277 -21.9221 11
      vertex -18 -22.45 5.2
      vertex -18 -22.45 11
    endloop
  endfacet
  facet normal 0.998626 -0.0524 0
    outer loop
      vertex -28.1 -22.45 11
      vertex -28.0723 -21.9221 5.2
      vertex -28.0723 -21.9221 11
    endloop
  endfacet
  facet normal 0.998626 -0.0524 0
    outer loop
      vertex -28.0723 -21.9221 5.2
      vertex -28.1 -22.45 11
      vertex -28.1 -22.45 5.2
    endloop
  endfacet
  facet normal 0.0524 -0.998626 0
    outer loop
      vertex -23.5779 -17.4277 5.2
      vertex -23.05 -17.4 11
      vertex -23.5779 -17.4277 11
    endloop
  endfacet
  facet normal 0.0524 -0.998626 0
    outer loop
      vertex -23.05 -17.4 11
      vertex -23.5779 -17.4277 5.2
      vertex -23.05 -17.4 5.2
    endloop
  endfacet
  facet normal -0.0524 0.998626 0
    outer loop
      vertex -22.5221 -27.4723 5.2
      vertex -23.05 -27.5 11
      vertex -22.5221 -27.4723 11
    endloop
  endfacet
  facet normal -0.0524 0.998626 0
    outer loop
      vertex -23.05 -27.5 11
      vertex -22.5221 -27.4723 5.2
      vertex -23.05 -27.5 5.2
    endloop
  endfacet
  facet normal -0.707107 -0.707107 0
    outer loop
      vertex -19.2971 -19.0709 5.2
      vertex -19.6709 -18.6971 11
      vertex -19.6709 -18.6971 5.2
    endloop
  endfacet
  facet normal -0.707107 -0.707107 0
    outer loop
      vertex -19.6709 -18.6971 11
      vertex -19.2971 -19.0709 5.2
      vertex -19.2971 -19.0709 11
    endloop
  endfacet
  facet normal 0.707107 -0.707107 0
    outer loop
      vertex -26.8029 -19.0709 11
      vertex -26.4291 -18.6971 5.2
      vertex -26.4291 -18.6971 11
    endloop
  endfacet
  facet normal 0.707107 -0.707107 0
    outer loop
      vertex -26.4291 -18.6971 5.2
      vertex -26.8029 -19.0709 11
      vertex -26.8029 -19.0709 5.2
    endloop
  endfacet
  facet normal 0.358307 -0.933604 0
    outer loop
      vertex -25.104 -17.8366 5.2
      vertex -24.6105 -17.6472 11
      vertex -25.104 -17.8366 11
    endloop
  endfacet
  facet normal 0.358307 -0.933604 0
    outer loop
      vertex -24.6105 -17.6472 11
      vertex -25.104 -17.8366 5.2
      vertex -24.6105 -17.6472 5.2
    endloop
  endfacet
  facet normal -0.933604 -0.358307 0
    outer loop
      vertex -18.2472 -20.8895 5.2
      vertex -18.4366 -20.396 11
      vertex -18.4366 -20.396 5.2
    endloop
  endfacet
  facet normal -0.933604 -0.358307 0
    outer loop
      vertex -18.4366 -20.396 11
      vertex -18.2472 -20.8895 5.2
      vertex -18.2472 -20.8895 11
    endloop
  endfacet
  facet normal -0.987686 -0.156448 0
    outer loop
      vertex -18.0277 -21.9221 5.2
      vertex -18.1104 -21.4 11
      vertex -18.1104 -21.4 5.2
    endloop
  endfacet
  facet normal -0.987686 -0.156448 0
    outer loop
      vertex -18.1104 -21.4 11
      vertex -18.0277 -21.9221 5.2
      vertex -18.0277 -21.9221 11
    endloop
  endfacet
  facet normal -0.358307 -0.933604 0
    outer loop
      vertex -21.4895 -17.6472 5.2
      vertex -20.996 -17.8366 11
      vertex -21.4895 -17.6472 11
    endloop
  endfacet
  facet normal -0.358307 -0.933604 -0
    outer loop
      vertex -20.996 -17.8366 11
      vertex -21.4895 -17.6472 5.2
      vertex -20.996 -17.8366 5.2
    endloop
  endfacet
  facet normal -0.544662 -0.838655 0
    outer loop
      vertex -20.525 -18.0766 5.2
      vertex -20.0817 -18.3645 11
      vertex -20.525 -18.0766 11
    endloop
  endfacet
  facet normal -0.544662 -0.838655 -0
    outer loop
      vertex -20.0817 -18.3645 11
      vertex -20.525 -18.0766 5.2
      vertex -20.0817 -18.3645 5.2
    endloop
  endfacet
  facet normal 0.838655 -0.544662 0
    outer loop
      vertex -27.4234 -19.925 11
      vertex -27.1355 -19.4817 5.2
      vertex -27.1355 -19.4817 11
    endloop
  endfacet
  facet normal 0.838655 -0.544662 0
    outer loop
      vertex -27.1355 -19.4817 5.2
      vertex -27.4234 -19.925 11
      vertex -27.4234 -19.925 5.2
    endloop
  endfacet
  facet normal 0.777201 -0.629253 0
    outer loop
      vertex -27.1355 -19.4817 11
      vertex -26.8029 -19.0709 5.2
      vertex -26.8029 -19.0709 11
    endloop
  endfacet
  facet normal 0.777201 -0.629253 0
    outer loop
      vertex -26.8029 -19.0709 5.2
      vertex -27.1355 -19.4817 11
      vertex -27.1355 -19.4817 5.2
    endloop
  endfacet
  facet normal 0.156448 -0.987686 0
    outer loop
      vertex -24.1 -17.5104 5.2
      vertex -23.5779 -17.4277 11
      vertex -24.1 -17.5104 11
    endloop
  endfacet
  facet normal 0.156448 -0.987686 0
    outer loop
      vertex -23.5779 -17.4277 11
      vertex -24.1 -17.5104 5.2
      vertex -23.5779 -17.4277 5.2
    endloop
  endfacet
  facet normal -0.156448 0.987686 0
    outer loop
      vertex -22 -27.3896 5.2
      vertex -22.5221 -27.4723 11
      vertex -22 -27.3896 11
    endloop
  endfacet
  facet normal -0.156448 0.987686 0
    outer loop
      vertex -22.5221 -27.4723 11
      vertex -22 -27.3896 5.2
      vertex -22.5221 -27.4723 5.2
    endloop
  endfacet
  facet normal -0.96592 -0.25884 0
    outer loop
      vertex -18.1104 -21.4 5.2
      vertex -18.2472 -20.8895 11
      vertex -18.2472 -20.8895 5.2
    endloop
  endfacet
  facet normal -0.96592 -0.25884 0
    outer loop
      vertex -18.2472 -20.8895 11
      vertex -18.1104 -21.4 5.2
      vertex -18.1104 -21.4 11
    endloop
  endfacet
  facet normal -0.838655 -0.544662 0
    outer loop
      vertex -18.6766 -19.925 5.2
      vertex -18.9645 -19.4817 11
      vertex -18.9645 -19.4817 5.2
    endloop
  endfacet
  facet normal -0.838655 -0.544662 0
    outer loop
      vertex -18.9645 -19.4817 11
      vertex -18.6766 -19.925 5.2
      vertex -18.6766 -19.925 11
    endloop
  endfacet
  facet normal -0.777201 -0.629253 0
    outer loop
      vertex -18.9645 -19.4817 5.2
      vertex -19.2971 -19.0709 11
      vertex -19.2971 -19.0709 5.2
    endloop
  endfacet
  facet normal -0.777201 -0.629253 0
    outer loop
      vertex -19.2971 -19.0709 11
      vertex -18.9645 -19.4817 5.2
      vertex -18.9645 -19.4817 11
    endloop
  endfacet
  facet normal -0.890996 -0.454011 0
    outer loop
      vertex -18.4366 -20.396 5.2
      vertex -18.6766 -19.925 11
      vertex -18.6766 -19.925 5.2
    endloop
  endfacet
  facet normal -0.890996 -0.454011 0
    outer loop
      vertex -18.6766 -19.925 11
      vertex -18.4366 -20.396 5.2
      vertex -18.4366 -20.396 11
    endloop
  endfacet
  facet normal -0.156448 -0.987686 0
    outer loop
      vertex -22.5221 -17.4277 5.2
      vertex -22 -17.5104 11
      vertex -22.5221 -17.4277 11
    endloop
  endfacet
  facet normal -0.156448 -0.987686 -0
    outer loop
      vertex -22 -17.5104 11
      vertex -22.5221 -17.4277 5.2
      vertex -22 -17.5104 5.2
    endloop
  endfacet
  facet normal -0.25884 -0.96592 0
    outer loop
      vertex -22 -17.5104 5.2
      vertex -21.4895 -17.6472 11
      vertex -22 -17.5104 11
    endloop
  endfacet
  facet normal -0.25884 -0.96592 -0
    outer loop
      vertex -21.4895 -17.6472 11
      vertex -22 -17.5104 5.2
      vertex -21.4895 -17.6472 5.2
    endloop
  endfacet
  facet normal -0.0524 -0.998626 0
    outer loop
      vertex -23.05 -17.4 5.2
      vertex -22.5221 -17.4277 11
      vertex -23.05 -17.4 11
    endloop
  endfacet
  facet normal -0.0524 -0.998626 -0
    outer loop
      vertex -22.5221 -17.4277 11
      vertex -23.05 -17.4 5.2
      vertex -22.5221 -17.4277 5.2
    endloop
  endfacet
  facet normal -0.629253 -0.777201 0
    outer loop
      vertex -20.0817 -18.3645 5.2
      vertex -19.6709 -18.6971 11
      vertex -20.0817 -18.3645 11
    endloop
  endfacet
  facet normal -0.629253 -0.777201 -0
    outer loop
      vertex -19.6709 -18.6971 11
      vertex -20.0817 -18.3645 5.2
      vertex -19.6709 -18.6971 5.2
    endloop
  endfacet
  facet normal 0.96592 -0.25884 0
    outer loop
      vertex -27.9896 -21.4 11
      vertex -27.8528 -20.8895 5.2
      vertex -27.8528 -20.8895 11
    endloop
  endfacet
  facet normal 0.96592 -0.25884 0
    outer loop
      vertex -27.8528 -20.8895 5.2
      vertex -27.9896 -21.4 11
      vertex -27.9896 -21.4 5.2
    endloop
  endfacet
  facet normal 0.890996 -0.454011 0
    outer loop
      vertex -27.6634 -20.396 11
      vertex -27.4234 -19.925 5.2
      vertex -27.4234 -19.925 11
    endloop
  endfacet
  facet normal 0.890996 -0.454011 0
    outer loop
      vertex -27.4234 -19.925 5.2
      vertex -27.6634 -20.396 11
      vertex -27.6634 -20.396 5.2
    endloop
  endfacet
  facet normal 0.987686 -0.156448 0
    outer loop
      vertex -28.0723 -21.9221 11
      vertex -27.9896 -21.4 5.2
      vertex -27.9896 -21.4 11
    endloop
  endfacet
  facet normal 0.987686 -0.156448 0
    outer loop
      vertex -27.9896 -21.4 5.2
      vertex -28.0723 -21.9221 11
      vertex -28.0723 -21.9221 5.2
    endloop
  endfacet
  facet normal 0.454011 -0.890996 0
    outer loop
      vertex -25.575 -18.0766 5.2
      vertex -25.104 -17.8366 11
      vertex -25.575 -18.0766 11
    endloop
  endfacet
  facet normal 0.454011 -0.890996 0
    outer loop
      vertex -25.104 -17.8366 11
      vertex -25.575 -18.0766 5.2
      vertex -25.104 -17.8366 5.2
    endloop
  endfacet
  facet normal 0.544662 -0.838655 0
    outer loop
      vertex -26.0183 -18.3645 5.2
      vertex -25.575 -18.0766 11
      vertex -26.0183 -18.3645 11
    endloop
  endfacet
  facet normal 0.544662 -0.838655 0
    outer loop
      vertex -25.575 -18.0766 11
      vertex -26.0183 -18.3645 5.2
      vertex -25.575 -18.0766 5.2
    endloop
  endfacet
  facet normal 0.629253 -0.777201 0
    outer loop
      vertex -26.4291 -18.6971 5.2
      vertex -26.0183 -18.3645 11
      vertex -26.4291 -18.6971 11
    endloop
  endfacet
  facet normal 0.629253 -0.777201 0
    outer loop
      vertex -26.0183 -18.3645 11
      vertex -26.4291 -18.6971 5.2
      vertex -26.0183 -18.3645 5.2
    endloop
  endfacet
  facet normal 0.25884 -0.96592 0
    outer loop
      vertex -24.6105 -17.6472 5.2
      vertex -24.1 -17.5104 11
      vertex -24.6105 -17.6472 11
    endloop
  endfacet
  facet normal 0.25884 -0.96592 0
    outer loop
      vertex -24.1 -17.5104 11
      vertex -24.6105 -17.6472 5.2
      vertex -24.1 -17.5104 5.2
    endloop
  endfacet
  facet normal -0.96592 0.25884 0
    outer loop
      vertex -18.2472 -24.0105 5.2
      vertex -18.1104 -23.5 11
      vertex -18.1104 -23.5 5.2
    endloop
  endfacet
  facet normal -0.96592 0.25884 0
    outer loop
      vertex -18.1104 -23.5 11
      vertex -18.2472 -24.0105 5.2
      vertex -18.2472 -24.0105 11
    endloop
  endfacet
  facet normal -0.707107 0.707107 0
    outer loop
      vertex -19.6709 -26.2029 5.2
      vertex -19.2971 -25.8291 11
      vertex -19.2971 -25.8291 5.2
    endloop
  endfacet
  facet normal -0.707107 0.707107 0
    outer loop
      vertex -19.2971 -25.8291 11
      vertex -19.6709 -26.2029 5.2
      vertex -19.6709 -26.2029 11
    endloop
  endfacet
  facet normal 0 0 1
    outer loop
      vertex -20.35 -22.45 5.2
      vertex -18 -22.45 5.2
      vertex -18.0277 -21.9221 5.2
    endloop
  endfacet
  facet normal 0 0 1
    outer loop
      vertex -20.3648 -22.1678 5.2
      vertex -18.0277 -21.9221 5.2
      vertex -18.1104 -21.4 5.2
    endloop
  endfacet
  facet normal 0 0 1
    outer loop
      vertex -18 -22.45 5.2
      vertex -20.35 -22.45 5.2
      vertex -18.0277 -22.9779 5.2
    endloop
  endfacet
  facet normal 0 0 1
    outer loop
      vertex -20.409 -21.8886 5.2
      vertex -18.1104 -21.4 5.2
      vertex -18.2472 -20.8895 5.2
    endloop
  endfacet
  facet normal -0 0 1
    outer loop
      vertex -20.3648 -22.7322 5.2
      vertex -18.0277 -22.9779 5.2
      vertex -20.35 -22.45 5.2
    endloop
  endfacet
  facet normal 0 0 1
    outer loop
      vertex -20.4821 -21.6157 5.2
      vertex -18.2472 -20.8895 5.2
      vertex -18.4366 -20.396 5.2
    endloop
  endfacet
  facet normal 0 0 1
    outer loop
      vertex -18.0277 -22.9779 5.2
      vertex -20.3648 -22.7322 5.2
      vertex -18.1104 -23.5 5.2
    endloop
  endfacet
  facet normal 0 0 1
    outer loop
      vertex -20.5834 -21.3518 5.2
      vertex -18.4366 -20.396 5.2
      vertex -18.6766 -19.925 5.2
    endloop
  endfacet
  facet normal -0 0 1
    outer loop
      vertex -20.409 -23.0114 5.2
      vertex -18.1104 -23.5 5.2
      vertex -20.3648 -22.7322 5.2
    endloop
  endfacet
  facet normal 0 0 1
    outer loop
      vertex -20.7117 -21.1 5.2
      vertex -18.6766 -19.925 5.2
      vertex -18.9645 -19.4817 5.2
    endloop
  endfacet
  facet normal 0 0 1
    outer loop
      vertex -18.1104 -23.5 5.2
      vertex -20.409 -23.0114 5.2
      vertex -18.2472 -24.0105 5.2
    endloop
  endfacet
  facet normal 0 0 1
    outer loop
      vertex -20.8657 -20.863 5.2
      vertex -18.9645 -19.4817 5.2
      vertex -19.2971 -19.0709 5.2
    endloop
  endfacet
  facet normal -0 0 1
    outer loop
      vertex -20.4821 -23.2843 5.2
      vertex -18.2472 -24.0105 5.2
      vertex -20.409 -23.0114 5.2
    endloop
  endfacet
  facet normal 0 0 1
    outer loop
      vertex -21.0435 -20.6433 5.2
      vertex -19.2971 -19.0709 5.2
      vertex -19.6709 -18.6971 5.2
    endloop
  endfacet
  facet normal 0 0 1
    outer loop
      vertex -18.2472 -24.0105 5.2
      vertex -20.4821 -23.2843 5.2
      vertex -18.4366 -24.504 5.2
    endloop
  endfacet
  facet normal 0 0 1
    outer loop
      vertex -21.2433 -20.4435 5.2
      vertex -19.6709 -18.6971 5.2
      vertex -20.0817 -18.3645 5.2
    endloop
  endfacet
  facet normal -0 0 1
    outer loop
      vertex -20.5834 -23.5482 5.2
      vertex -18.4366 -24.504 5.2
      vertex -20.4821 -23.2843 5.2
    endloop
  endfacet
  facet normal 0 0 1
    outer loop
      vertex -18.4366 -24.504 5.2
      vertex -20.5834 -23.5482 5.2
      vertex -18.6766 -24.975 5.2
    endloop
  endfacet
  facet normal 0 0 1
    outer loop
      vertex -18.0277 -21.9221 5.2
      vertex -20.3648 -22.1678 5.2
      vertex -20.35 -22.45 5.2
    endloop
  endfacet
  facet normal 0 0 1
    outer loop
      vertex -18.1104 -21.4 5.2
      vertex -20.409 -21.8886 5.2
      vertex -20.3648 -22.1678 5.2
    endloop
  endfacet
  facet normal 0 0 1
    outer loop
      vertex -18.2472 -20.8895 5.2
      vertex -20.4821 -21.6157 5.2
      vertex -20.409 -21.8886 5.2
    endloop
  endfacet
  facet normal 0 0 1
    outer loop
      vertex -21.463 -20.2657 5.2
      vertex -20.0817 -18.3645 5.2
      vertex -20.525 -18.0766 5.2
    endloop
  endfacet
  facet normal 0 0 1
    outer loop
      vertex -18.4366 -20.396 5.2
      vertex -20.5834 -21.3518 5.2
      vertex -20.4821 -21.6157 5.2
    endloop
  endfacet
  facet normal 0 0 1
    outer loop
      vertex -18.6766 -19.925 5.2
      vertex -20.7117 -21.1 5.2
      vertex -20.5834 -21.3518 5.2
    endloop
  endfacet
  facet normal 0 0 1
    outer loop
      vertex -18.9645 -19.4817 5.2
      vertex -20.8657 -20.863 5.2
      vertex -20.7117 -21.1 5.2
    endloop
  endfacet
  facet normal 0 0 1
    outer loop
      vertex -21.7 -20.1117 5.2
      vertex -20.525 -18.0766 5.2
      vertex -20.996 -17.8366 5.2
    endloop
  endfacet
  facet normal 0 0 1
    outer loop
      vertex -19.2971 -19.0709 5.2
      vertex -21.0435 -20.6433 5.2
      vertex -20.8657 -20.863 5.2
    endloop
  endfacet
  facet normal 0 0 1
    outer loop
      vertex -19.6709 -18.6971 5.2
      vertex -21.2433 -20.4435 5.2
      vertex -21.0435 -20.6433 5.2
    endloop
  endfacet
  facet normal 0 0 1
    outer loop
      vertex -20.0817 -18.3645 5.2
      vertex -21.463 -20.2657 5.2
      vertex -21.2433 -20.4435 5.2
    endloop
  endfacet
  facet normal 0 0 1
    outer loop
      vertex -21.9518 -19.9834 5.2
      vertex -20.996 -17.8366 5.2
      vertex -21.4895 -17.6472 5.2
    endloop
  endfacet
  facet normal 0 0 1
    outer loop
      vertex -20.525 -18.0766 5.2
      vertex -21.7 -20.1117 5.2
      vertex -21.463 -20.2657 5.2
    endloop
  endfacet
  facet normal 0 0 1
    outer loop
      vertex -20.996 -17.8366 5.2
      vertex -21.9518 -19.9834 5.2
      vertex -21.7 -20.1117 5.2
    endloop
  endfacet
  facet normal 0 0 1
    outer loop
      vertex -22.2157 -19.8821 5.2
      vertex -21.4895 -17.6472 5.2
      vertex -22 -17.5104 5.2
    endloop
  endfacet
  facet normal 0 0 1
    outer loop
      vertex -21.4895 -17.6472 5.2
      vertex -22.2157 -19.8821 5.2
      vertex -21.9518 -19.9834 5.2
    endloop
  endfacet
  facet normal 0 0 1
    outer loop
      vertex -22 -17.5104 5.2
      vertex -22.4886 -19.809 5.2
      vertex -22.2157 -19.8821 5.2
    endloop
  endfacet
  facet normal 0 0 1
    outer loop
      vertex -22.5221 -17.4277 5.2
      vertex -22.4886 -19.809 5.2
      vertex -22 -17.5104 5.2
    endloop
  endfacet
  facet normal 0 0 1
    outer loop
      vertex -22.5221 -17.4277 5.2
      vertex -22.7678 -19.7648 5.2
      vertex -22.4886 -19.809 5.2
    endloop
  endfacet
  facet normal 0 0 1
    outer loop
      vertex -23.05 -17.4 5.2
      vertex -22.7678 -19.7648 5.2
      vertex -22.5221 -17.4277 5.2
    endloop
  endfacet
  facet normal 0 0 1
    outer loop
      vertex -23.05 -17.4 5.2
      vertex -23.05 -19.75 5.2
      vertex -22.7678 -19.7648 5.2
    endloop
  endfacet
  facet normal 0 0 1
    outer loop
      vertex -23.05 -17.4 5.2
      vertex -23.3322 -19.7648 5.2
      vertex -23.05 -19.75 5.2
    endloop
  endfacet
  facet normal -0 0 1
    outer loop
      vertex -23.5779 -17.4277 5.2
      vertex -23.3322 -19.7648 5.2
      vertex -23.05 -17.4 5.2
    endloop
  endfacet
  facet normal 0 0 1
    outer loop
      vertex -23.5779 -17.4277 5.2
      vertex -23.6114 -19.809 5.2
      vertex -23.3322 -19.7648 5.2
    endloop
  endfacet
  facet normal -0 0 1
    outer loop
      vertex -24.1 -17.5104 5.2
      vertex -23.6114 -19.809 5.2
      vertex -23.5779 -17.4277 5.2
    endloop
  endfacet
  facet normal 0 0 1
    outer loop
      vertex -23.6114 -19.809 5.2
      vertex -24.1 -17.5104 5.2
      vertex -23.8843 -19.8821 5.2
    endloop
  endfacet
  facet normal -0 0 1
    outer loop
      vertex -24.6105 -17.6472 5.2
      vertex -23.8843 -19.8821 5.2
      vertex -24.1 -17.5104 5.2
    endloop
  endfacet
  facet normal 0 0 1
    outer loop
      vertex -23.8843 -19.8821 5.2
      vertex -24.6105 -17.6472 5.2
      vertex -24.1482 -19.9834 5.2
    endloop
  endfacet
  facet normal -0 0 1
    outer loop
      vertex -25.104 -17.8366 5.2
      vertex -24.1482 -19.9834 5.2
      vertex -24.6105 -17.6472 5.2
    endloop
  endfacet
  facet normal 0 0 1
    outer loop
      vertex -24.1482 -19.9834 5.2
      vertex -25.104 -17.8366 5.2
      vertex -24.4 -20.1117 5.2
    endloop
  endfacet
  facet normal -0 0 1
    outer loop
      vertex -25.575 -18.0766 5.2
      vertex -24.4 -20.1117 5.2
      vertex -25.104 -17.8366 5.2
    endloop
  endfacet
  facet normal 0 0 1
    outer loop
      vertex -24.4 -20.1117 5.2
      vertex -25.575 -18.0766 5.2
      vertex -24.637 -20.2657 5.2
    endloop
  endfacet
  facet normal -0 0 1
    outer loop
      vertex -26.0183 -18.3645 5.2
      vertex -24.637 -20.2657 5.2
      vertex -25.575 -18.0766 5.2
    endloop
  endfacet
  facet normal 0 0 1
    outer loop
      vertex -24.637 -20.2657 5.2
      vertex -26.0183 -18.3645 5.2
      vertex -24.8567 -20.4435 5.2
    endloop
  endfacet
  facet normal -0 0 1
    outer loop
      vertex -26.4291 -18.6971 5.2
      vertex -24.8567 -20.4435 5.2
      vertex -26.0183 -18.3645 5.2
    endloop
  endfacet
  facet normal 0 0 1
    outer loop
      vertex -24.8567 -20.4435 5.2
      vertex -26.4291 -18.6971 5.2
      vertex -25.0565 -20.6433 5.2
    endloop
  endfacet
  facet normal -0 0 1
    outer loop
      vertex -26.8029 -19.0709 5.2
      vertex -25.0565 -20.6433 5.2
      vertex -26.4291 -18.6971 5.2
    endloop
  endfacet
  facet normal 0 0 1
    outer loop
      vertex -25.0565 -20.6433 5.2
      vertex -26.8029 -19.0709 5.2
      vertex -25.2343 -20.863 5.2
    endloop
  endfacet
  facet normal -0 0 1
    outer loop
      vertex -27.1355 -19.4817 5.2
      vertex -25.2343 -20.863 5.2
      vertex -26.8029 -19.0709 5.2
    endloop
  endfacet
  facet normal 0 0 1
    outer loop
      vertex -25.2343 -20.863 5.2
      vertex -27.1355 -19.4817 5.2
      vertex -25.3883 -21.1 5.2
    endloop
  endfacet
  facet normal -0 0 1
    outer loop
      vertex -27.4234 -19.925 5.2
      vertex -25.3883 -21.1 5.2
      vertex -27.1355 -19.4817 5.2
    endloop
  endfacet
  facet normal 0 0 1
    outer loop
      vertex -25.3883 -21.1 5.2
      vertex -27.4234 -19.925 5.2
      vertex -25.5166 -21.3518 5.2
    endloop
  endfacet
  facet normal -0 0 1
    outer loop
      vertex -20.7117 -23.8 5.2
      vertex -18.6766 -24.975 5.2
      vertex -20.5834 -23.5482 5.2
    endloop
  endfacet
  facet normal 0 0 1
    outer loop
      vertex -18.6766 -24.975 5.2
      vertex -20.7117 -23.8 5.2
      vertex -18.9645 -25.4183 5.2
    endloop
  endfacet
  facet normal -0 0 1
    outer loop
      vertex -20.8657 -24.037 5.2
      vertex -18.9645 -25.4183 5.2
      vertex -20.7117 -23.8 5.2
    endloop
  endfacet
  facet normal 0 0 1
    outer loop
      vertex -18.9645 -25.4183 5.2
      vertex -20.8657 -24.037 5.2
      vertex -19.2971 -25.8291 5.2
    endloop
  endfacet
  facet normal -0 0 1
    outer loop
      vertex -21.0435 -24.2567 5.2
      vertex -19.2971 -25.8291 5.2
      vertex -20.8657 -24.037 5.2
    endloop
  endfacet
  facet normal 0 0 1
    outer loop
      vertex -19.2971 -25.8291 5.2
      vertex -21.0435 -24.2567 5.2
      vertex -19.6709 -26.2029 5.2
    endloop
  endfacet
  facet normal -0 0 1
    outer loop
      vertex -21.2433 -24.4565 5.2
      vertex -19.6709 -26.2029 5.2
      vertex -21.0435 -24.2567 5.2
    endloop
  endfacet
  facet normal 0 0 1
    outer loop
      vertex -19.6709 -26.2029 5.2
      vertex -21.2433 -24.4565 5.2
      vertex -20.0817 -26.5355 5.2
    endloop
  endfacet
  facet normal -0 0 1
    outer loop
      vertex -21.463 -24.6343 5.2
      vertex -20.0817 -26.5355 5.2
      vertex -21.2433 -24.4565 5.2
    endloop
  endfacet
  facet normal 0 0 1
    outer loop
      vertex -20.0817 -26.5355 5.2
      vertex -21.463 -24.6343 5.2
      vertex -20.525 -26.8234 5.2
    endloop
  endfacet
  facet normal -0 0 1
    outer loop
      vertex -21.7 -24.7883 5.2
      vertex -20.525 -26.8234 5.2
      vertex -21.463 -24.6343 5.2
    endloop
  endfacet
  facet normal 0 0 1
    outer loop
      vertex -20.525 -26.8234 5.2
      vertex -21.7 -24.7883 5.2
      vertex -20.996 -27.0634 5.2
    endloop
  endfacet
  facet normal -0 0 1
    outer loop
      vertex -21.9518 -24.9166 5.2
      vertex -20.996 -27.0634 5.2
      vertex -21.7 -24.7883 5.2
    endloop
  endfacet
  facet normal 0 0 1
    outer loop
      vertex -20.996 -27.0634 5.2
      vertex -21.9518 -24.9166 5.2
      vertex -21.4895 -27.2528 5.2
    endloop
  endfacet
  facet normal -0 0 1
    outer loop
      vertex -22.2157 -25.0179 5.2
      vertex -21.4895 -27.2528 5.2
      vertex -21.9518 -24.9166 5.2
    endloop
  endfacet
  facet normal 0 0 1
    outer loop
      vertex -21.4895 -27.2528 5.2
      vertex -22.2157 -25.0179 5.2
      vertex -22 -27.3896 5.2
    endloop
  endfacet
  facet normal -0 0 1
    outer loop
      vertex -22.4886 -25.091 5.2
      vertex -22 -27.3896 5.2
      vertex -22.2157 -25.0179 5.2
    endloop
  endfacet
  facet normal 0 0 1
    outer loop
      vertex -22.4886 -25.091 5.2
      vertex -22.5221 -27.4723 5.2
      vertex -22 -27.3896 5.2
    endloop
  endfacet
  facet normal -0 0 1
    outer loop
      vertex -22.7678 -25.1352 5.2
      vertex -22.5221 -27.4723 5.2
      vertex -22.4886 -25.091 5.2
    endloop
  endfacet
  facet normal -0 0 1
    outer loop
      vertex -23.05 -25.15 5.2
      vertex -22.5221 -27.4723 5.2
      vertex -22.7678 -25.1352 5.2
    endloop
  endfacet
  facet normal 0 0 1
    outer loop
      vertex -23.05 -25.15 5.2
      vertex -23.05 -27.5 5.2
      vertex -22.5221 -27.4723 5.2
    endloop
  endfacet
  facet normal 0 0 1
    outer loop
      vertex -23.3322 -25.1352 5.2
      vertex -23.05 -27.5 5.2
      vertex -23.05 -25.15 5.2
    endloop
  endfacet
  facet normal 0 0 1
    outer loop
      vertex -23.3322 -25.1352 5.2
      vertex -23.5779 -27.4723 5.2
      vertex -23.05 -27.5 5.2
    endloop
  endfacet
  facet normal 0 0 1
    outer loop
      vertex -23.6114 -25.091 5.2
      vertex -23.5779 -27.4723 5.2
      vertex -23.3322 -25.1352 5.2
    endloop
  endfacet
  facet normal 0 0 1
    outer loop
      vertex -24.1 -27.3896 5.2
      vertex -23.6114 -25.091 5.2
      vertex -23.8843 -25.0179 5.2
    endloop
  endfacet
  facet normal 0 0 1
    outer loop
      vertex -23.6114 -25.091 5.2
      vertex -24.1 -27.3896 5.2
      vertex -23.5779 -27.4723 5.2
    endloop
  endfacet
  facet normal 0 0 1
    outer loop
      vertex -24.6105 -27.2528 5.2
      vertex -23.8843 -25.0179 5.2
      vertex -24.1482 -24.9166 5.2
    endloop
  endfacet
  facet normal 0 0 1
    outer loop
      vertex -25.104 -27.0634 5.2
      vertex -24.1482 -24.9166 5.2
      vertex -24.4 -24.7883 5.2
    endloop
  endfacet
  facet normal 0 0 1
    outer loop
      vertex -23.8843 -25.0179 5.2
      vertex -24.6105 -27.2528 5.2
      vertex -24.1 -27.3896 5.2
    endloop
  endfacet
  facet normal 0 0 1
    outer loop
      vertex -25.575 -26.8234 5.2
      vertex -24.4 -24.7883 5.2
      vertex -24.637 -24.6343 5.2
    endloop
  endfacet
  facet normal 0 0 1
    outer loop
      vertex -26.0183 -26.5355 5.2
      vertex -24.637 -24.6343 5.2
      vertex -24.8567 -24.4565 5.2
    endloop
  endfacet
  facet normal 0 0 1
    outer loop
      vertex -26.4291 -26.2029 5.2
      vertex -24.8567 -24.4565 5.2
      vertex -25.0565 -24.2567 5.2
    endloop
  endfacet
  facet normal 0 0 1
    outer loop
      vertex -24.1482 -24.9166 5.2
      vertex -25.104 -27.0634 5.2
      vertex -24.6105 -27.2528 5.2
    endloop
  endfacet
  facet normal 0 0 1
    outer loop
      vertex -26.8029 -25.8291 5.2
      vertex -25.0565 -24.2567 5.2
      vertex -25.2343 -24.037 5.2
    endloop
  endfacet
  facet normal 0 0 1
    outer loop
      vertex -27.1355 -25.4183 5.2
      vertex -25.2343 -24.037 5.2
      vertex -25.3883 -23.8 5.2
    endloop
  endfacet
  facet normal 0 0 1
    outer loop
      vertex -27.4234 -24.975 5.2
      vertex -25.3883 -23.8 5.2
      vertex -25.5166 -23.5482 5.2
    endloop
  endfacet
  facet normal 0 0 1
    outer loop
      vertex -24.4 -24.7883 5.2
      vertex -25.575 -26.8234 5.2
      vertex -25.104 -27.0634 5.2
    endloop
  endfacet
  facet normal 0 0 1
    outer loop
      vertex -27.6634 -24.504 5.2
      vertex -25.5166 -23.5482 5.2
      vertex -25.6179 -23.2843 5.2
    endloop
  endfacet
  facet normal 0 0 1
    outer loop
      vertex -27.8528 -24.0105 5.2
      vertex -25.6179 -23.2843 5.2
      vertex -25.691 -23.0114 5.2
    endloop
  endfacet
  facet normal 0 0 1
    outer loop
      vertex -27.9896 -23.5 5.2
      vertex -25.691 -23.0114 5.2
      vertex -25.7352 -22.7322 5.2
    endloop
  endfacet
  facet normal 0 0 1
    outer loop
      vertex -28.0723 -22.9779 5.2
      vertex -25.7352 -22.7322 5.2
      vertex -25.75 -22.45 5.2
    endloop
  endfacet
  facet normal -0 0 1
    outer loop
      vertex -27.6634 -20.396 5.2
      vertex -25.5166 -21.3518 5.2
      vertex -27.4234 -19.925 5.2
    endloop
  endfacet
  facet normal 0 0 1
    outer loop
      vertex -24.637 -24.6343 5.2
      vertex -26.0183 -26.5355 5.2
      vertex -25.575 -26.8234 5.2
    endloop
  endfacet
  facet normal 0 0 1
    outer loop
      vertex -25.5166 -21.3518 5.2
      vertex -27.6634 -20.396 5.2
      vertex -25.6179 -21.6157 5.2
    endloop
  endfacet
  facet normal 0 0 1
    outer loop
      vertex -24.8567 -24.4565 5.2
      vertex -26.4291 -26.2029 5.2
      vertex -26.0183 -26.5355 5.2
    endloop
  endfacet
  facet normal -0 0 1
    outer loop
      vertex -27.8528 -20.8895 5.2
      vertex -25.6179 -21.6157 5.2
      vertex -27.6634 -20.396 5.2
    endloop
  endfacet
  facet normal 0 0 1
    outer loop
      vertex -25.0565 -24.2567 5.2
      vertex -26.8029 -25.8291 5.2
      vertex -26.4291 -26.2029 5.2
    endloop
  endfacet
  facet normal 0 0 1
    outer loop
      vertex -25.6179 -21.6157 5.2
      vertex -27.8528 -20.8895 5.2
      vertex -25.691 -21.8886 5.2
    endloop
  endfacet
  facet normal 0 0 1
    outer loop
      vertex -25.2343 -24.037 5.2
      vertex -27.1355 -25.4183 5.2
      vertex -26.8029 -25.8291 5.2
    endloop
  endfacet
  facet normal -0 0 1
    outer loop
      vertex -27.9896 -21.4 5.2
      vertex -25.691 -21.8886 5.2
      vertex -27.8528 -20.8895 5.2
    endloop
  endfacet
  facet normal 0 0 1
    outer loop
      vertex -25.3883 -23.8 5.2
      vertex -27.4234 -24.975 5.2
      vertex -27.1355 -25.4183 5.2
    endloop
  endfacet
  facet normal 0 0 1
    outer loop
      vertex -25.691 -21.8886 5.2
      vertex -27.9896 -21.4 5.2
      vertex -25.7352 -22.1678 5.2
    endloop
  endfacet
  facet normal 0 0 1
    outer loop
      vertex -25.5166 -23.5482 5.2
      vertex -27.6634 -24.504 5.2
      vertex -27.4234 -24.975 5.2
    endloop
  endfacet
  facet normal -0 0 1
    outer loop
      vertex -28.0723 -21.9221 5.2
      vertex -25.7352 -22.1678 5.2
      vertex -27.9896 -21.4 5.2
    endloop
  endfacet
  facet normal 0 0 1
    outer loop
      vertex -25.6179 -23.2843 5.2
      vertex -27.8528 -24.0105 5.2
      vertex -27.6634 -24.504 5.2
    endloop
  endfacet
  facet normal 0 0 1
    outer loop
      vertex -25.7352 -22.1678 5.2
      vertex -28.0723 -21.9221 5.2
      vertex -25.75 -22.45 5.2
    endloop
  endfacet
  facet normal 0 0 1
    outer loop
      vertex -25.691 -23.0114 5.2
      vertex -27.9896 -23.5 5.2
      vertex -27.8528 -24.0105 5.2
    endloop
  endfacet
  facet normal 0 0 1
    outer loop
      vertex -28.1 -22.45 5.2
      vertex -25.75 -22.45 5.2
      vertex -28.0723 -21.9221 5.2
    endloop
  endfacet
  facet normal 0 0 1
    outer loop
      vertex -25.7352 -22.7322 5.2
      vertex -28.0723 -22.9779 5.2
      vertex -27.9896 -23.5 5.2
    endloop
  endfacet
  facet normal 0 0 1
    outer loop
      vertex -25.75 -22.45 5.2
      vertex -28.1 -22.45 5.2
      vertex -28.0723 -22.9779 5.2
    endloop
  endfacet
  facet normal -0.358307 0.933604 0
    outer loop
      vertex -20.996 -27.0634 5.2
      vertex -21.4895 -27.2528 11
      vertex -20.996 -27.0634 11
    endloop
  endfacet
  facet normal -0.358307 0.933604 0
    outer loop
      vertex -21.4895 -27.2528 11
      vertex -20.996 -27.0634 5.2
      vertex -21.4895 -27.2528 5.2
    endloop
  endfacet
  facet normal -0.454011 -0.890996 0
    outer loop
      vertex -20.996 -17.8366 5.2
      vertex -20.525 -18.0766 11
      vertex -20.996 -17.8366 11
    endloop
  endfacet
  facet normal -0.454011 -0.890996 -0
    outer loop
      vertex -20.525 -18.0766 11
      vertex -20.996 -17.8366 5.2
      vertex -20.525 -18.0766 5.2
    endloop
  endfacet
  facet normal 0.933604 -0.358307 0
    outer loop
      vertex -27.8528 -20.8895 11
      vertex -27.6634 -20.396 5.2
      vertex -27.6634 -20.396 11
    endloop
  endfacet
  facet normal 0.933604 -0.358307 0
    outer loop
      vertex -27.6634 -20.396 5.2
      vertex -27.8528 -20.8895 11
      vertex -27.8528 -20.8895 5.2
    endloop
  endfacet
  facet normal -0.987686 0.156448 0
    outer loop
      vertex -18.1104 -23.5 5.2
      vertex -18.0277 -22.9779 11
      vertex -18.0277 -22.9779 5.2
    endloop
  endfacet
  facet normal -0.987686 0.156448 0
    outer loop
      vertex -18.0277 -22.9779 11
      vertex -18.1104 -23.5 5.2
      vertex -18.1104 -23.5 11
    endloop
  endfacet
  facet normal -0.998626 0.0524 0
    outer loop
      vertex -18.0277 -22.9779 5.2
      vertex -18 -22.45 11
      vertex -18 -22.45 5.2
    endloop
  endfacet
  facet normal -0.998626 0.0524 0
    outer loop
      vertex -18 -22.45 11
      vertex -18.0277 -22.9779 5.2
      vertex -18.0277 -22.9779 11
    endloop
  endfacet
  facet normal -0.629253 0.777201 0
    outer loop
      vertex -19.6709 -26.2029 5.2
      vertex -20.0817 -26.5355 11
      vertex -19.6709 -26.2029 11
    endloop
  endfacet
  facet normal -0.629253 0.777201 0
    outer loop
      vertex -20.0817 -26.5355 11
      vertex -19.6709 -26.2029 5.2
      vertex -20.0817 -26.5355 5.2
    endloop
  endfacet
  facet normal -0.777201 0.629253 0
    outer loop
      vertex -19.2971 -25.8291 5.2
      vertex -18.9645 -25.4183 11
      vertex -18.9645 -25.4183 5.2
    endloop
  endfacet
  facet normal -0.777201 0.629253 0
    outer loop
      vertex -18.9645 -25.4183 11
      vertex -19.2971 -25.8291 5.2
      vertex -19.2971 -25.8291 11
    endloop
  endfacet
  facet normal 0.777201 0.629253 0
    outer loop
      vertex -26.8029 -25.8291 11
      vertex -27.1355 -25.4183 5.2
      vertex -27.1355 -25.4183 11
    endloop
  endfacet
  facet normal 0.777201 0.629253 0
    outer loop
      vertex -27.1355 -25.4183 5.2
      vertex -26.8029 -25.8291 11
      vertex -26.8029 -25.8291 5.2
    endloop
  endfacet
  facet normal 0.96592 0.25884 0
    outer loop
      vertex -27.8528 -24.0105 11
      vertex -27.9896 -23.5 5.2
      vertex -27.9896 -23.5 11
    endloop
  endfacet
  facet normal 0.96592 0.25884 0
    outer loop
      vertex -27.9896 -23.5 5.2
      vertex -27.8528 -24.0105 11
      vertex -27.8528 -24.0105 5.2
    endloop
  endfacet
  facet normal -0.25884 0.96592 0
    outer loop
      vertex -21.4895 -27.2528 5.2
      vertex -22 -27.3896 11
      vertex -21.4895 -27.2528 11
    endloop
  endfacet
  facet normal -0.25884 0.96592 0
    outer loop
      vertex -22 -27.3896 11
      vertex -21.4895 -27.2528 5.2
      vertex -22 -27.3896 5.2
    endloop
  endfacet
  facet normal -0.933604 0.358307 0
    outer loop
      vertex -18.4366 -24.504 5.2
      vertex -18.2472 -24.0105 11
      vertex -18.2472 -24.0105 5.2
    endloop
  endfacet
  facet normal -0.933604 0.358307 0
    outer loop
      vertex -18.2472 -24.0105 11
      vertex -18.4366 -24.504 5.2
      vertex -18.4366 -24.504 11
    endloop
  endfacet
  facet normal -0.890996 0.454011 0
    outer loop
      vertex -18.6766 -24.975 5.2
      vertex -18.4366 -24.504 11
      vertex -18.4366 -24.504 5.2
    endloop
  endfacet
  facet normal -0.890996 0.454011 0
    outer loop
      vertex -18.4366 -24.504 11
      vertex -18.6766 -24.975 5.2
      vertex -18.6766 -24.975 11
    endloop
  endfacet
  facet normal -0.454011 0.890996 0
    outer loop
      vertex -20.525 -26.8234 5.2
      vertex -20.996 -27.0634 11
      vertex -20.525 -26.8234 11
    endloop
  endfacet
  facet normal -0.454011 0.890996 0
    outer loop
      vertex -20.996 -27.0634 11
      vertex -20.525 -26.8234 5.2
      vertex -20.996 -27.0634 5.2
    endloop
  endfacet
  facet normal -0.544662 0.838655 0
    outer loop
      vertex -20.0817 -26.5355 5.2
      vertex -20.525 -26.8234 11
      vertex -20.0817 -26.5355 11
    endloop
  endfacet
  facet normal -0.544662 0.838655 0
    outer loop
      vertex -20.525 -26.8234 11
      vertex -20.0817 -26.5355 5.2
      vertex -20.525 -26.8234 5.2
    endloop
  endfacet
  facet normal -0.838655 0.544662 0
    outer loop
      vertex -18.9645 -25.4183 5.2
      vertex -18.6766 -24.975 11
      vertex -18.6766 -24.975 5.2
    endloop
  endfacet
  facet normal -0.838655 0.544662 0
    outer loop
      vertex -18.6766 -24.975 11
      vertex -18.9645 -25.4183 5.2
      vertex -18.9645 -25.4183 11
    endloop
  endfacet
  facet normal 0.0524 0.998626 -0
    outer loop
      vertex -23.05 -27.5 5.2
      vertex -23.5779 -27.4723 11
      vertex -23.05 -27.5 11
    endloop
  endfacet
  facet normal 0.0524 0.998626 0
    outer loop
      vertex -23.5779 -27.4723 11
      vertex -23.05 -27.5 5.2
      vertex -23.5779 -27.4723 5.2
    endloop
  endfacet
  facet normal 0.707107 0.707107 0
    outer loop
      vertex -26.4291 -26.2029 11
      vertex -26.8029 -25.8291 5.2
      vertex -26.8029 -25.8291 11
    endloop
  endfacet
  facet normal 0.707107 0.707107 0
    outer loop
      vertex -26.8029 -25.8291 5.2
      vertex -26.4291 -26.2029 11
      vertex -26.4291 -26.2029 5.2
    endloop
  endfacet
  facet normal 0.890996 0.454011 0
    outer loop
      vertex -27.4234 -24.975 11
      vertex -27.6634 -24.504 5.2
      vertex -27.6634 -24.504 11
    endloop
  endfacet
  facet normal 0.890996 0.454011 0
    outer loop
      vertex -27.6634 -24.504 5.2
      vertex -27.4234 -24.975 11
      vertex -27.4234 -24.975 5.2
    endloop
  endfacet
  facet normal 0.933604 0.358307 0
    outer loop
      vertex -27.6634 -24.504 11
      vertex -27.8528 -24.0105 5.2
      vertex -27.8528 -24.0105 11
    endloop
  endfacet
  facet normal 0.933604 0.358307 0
    outer loop
      vertex -27.8528 -24.0105 5.2
      vertex -27.6634 -24.504 11
      vertex -27.6634 -24.504 5.2
    endloop
  endfacet
  facet normal 0.987686 0.156448 0
    outer loop
      vertex -27.9896 -23.5 11
      vertex -28.0723 -22.9779 5.2
      vertex -28.0723 -22.9779 11
    endloop
  endfacet
  facet normal 0.987686 0.156448 0
    outer loop
      vertex -28.0723 -22.9779 5.2
      vertex -27.9896 -23.5 11
      vertex -27.9896 -23.5 5.2
    endloop
  endfacet
  facet normal 0.998626 0.0524 0
    outer loop
      vertex -28.0723 -22.9779 11
      vertex -28.1 -22.45 5.2
      vertex -28.1 -22.45 11
    endloop
  endfacet
  facet normal 0.998626 0.0524 0
    outer loop
      vertex -28.1 -22.45 5.2
      vertex -28.0723 -22.9779 11
      vertex -28.0723 -22.9779 5.2
    endloop
  endfacet
  facet normal 0.629253 0.777201 -0
    outer loop
      vertex -26.0183 -26.5355 5.2
      vertex -26.4291 -26.2029 11
      vertex -26.0183 -26.5355 11
    endloop
  endfacet
  facet normal 0.629253 0.777201 0
    outer loop
      vertex -26.4291 -26.2029 11
      vertex -26.0183 -26.5355 5.2
      vertex -26.4291 -26.2029 5.2
    endloop
  endfacet
  facet normal 0.544662 0.838655 -0
    outer loop
      vertex -25.575 -26.8234 5.2
      vertex -26.0183 -26.5355 11
      vertex -25.575 -26.8234 11
    endloop
  endfacet
  facet normal 0.544662 0.838655 0
    outer loop
      vertex -26.0183 -26.5355 11
      vertex -25.575 -26.8234 5.2
      vertex -26.0183 -26.5355 5.2
    endloop
  endfacet
  facet normal 0.358307 0.933604 -0
    outer loop
      vertex -24.6105 -27.2528 5.2
      vertex -25.104 -27.0634 11
      vertex -24.6105 -27.2528 11
    endloop
  endfacet
  facet normal 0.358307 0.933604 0
    outer loop
      vertex -25.104 -27.0634 11
      vertex -24.6105 -27.2528 5.2
      vertex -25.104 -27.0634 5.2
    endloop
  endfacet
  facet normal 0.454011 0.890996 -0
    outer loop
      vertex -25.104 -27.0634 5.2
      vertex -25.575 -26.8234 11
      vertex -25.104 -27.0634 11
    endloop
  endfacet
  facet normal 0.454011 0.890996 0
    outer loop
      vertex -25.575 -26.8234 11
      vertex -25.104 -27.0634 5.2
      vertex -25.575 -26.8234 5.2
    endloop
  endfacet
  facet normal 0.25884 0.96592 -0
    outer loop
      vertex -24.1 -27.3896 5.2
      vertex -24.6105 -27.2528 11
      vertex -24.1 -27.3896 11
    endloop
  endfacet
  facet normal 0.25884 0.96592 0
    outer loop
      vertex -24.6105 -27.2528 11
      vertex -24.1 -27.3896 5.2
      vertex -24.6105 -27.2528 5.2
    endloop
  endfacet
  facet normal 0.156448 0.987686 -0
    outer loop
      vertex -23.5779 -27.4723 5.2
      vertex -24.1 -27.3896 11
      vertex -23.5779 -27.4723 11
    endloop
  endfacet
  facet normal 0.156448 0.987686 0
    outer loop
      vertex -24.1 -27.3896 11
      vertex -23.5779 -27.4723 5.2
      vertex -24.1 -27.3896 5.2
    endloop
  endfacet
  facet normal 0.838655 0.544662 0
    outer loop
      vertex -27.1355 -25.4183 11
      vertex -27.4234 -24.975 5.2
      vertex -27.4234 -24.975 11
    endloop
  endfacet
  facet normal 0.838655 0.544662 0
    outer loop
      vertex -27.4234 -24.975 5.2
      vertex -27.1355 -25.4183 11
      vertex -27.1355 -25.4183 5.2
    endloop
  endfacet
  facet normal -0.998628 -0.0523731 0
    outer loop
      vertex -20.35 -22.45 0
      vertex -20.3648 -22.1678 5.2
      vertex -20.3648 -22.1678 0
    endloop
  endfacet
  facet normal -0.998628 -0.0523731 0
    outer loop
      vertex -20.3648 -22.1678 5.2
      vertex -20.35 -22.45 0
      vertex -20.35 -22.45 5.2
    endloop
  endfacet
  facet normal 0.998628 -0.0523731 0
    outer loop
      vertex -25.75 -22.45 5.2
      vertex -25.7352 -22.1678 0
      vertex -25.7352 -22.1678 5.2
    endloop
  endfacet
  facet normal 0.998628 -0.0523731 0
    outer loop
      vertex -25.7352 -22.1678 0
      vertex -25.75 -22.45 5.2
      vertex -25.75 -22.45 0
    endloop
  endfacet
  facet normal -0.0523731 -0.998628 0
    outer loop
      vertex -23.05 -19.75 0
      vertex -22.7678 -19.7648 5.2
      vertex -23.05 -19.75 5.2
    endloop
  endfacet
  facet normal -0.0523731 -0.998628 -0
    outer loop
      vertex -22.7678 -19.7648 5.2
      vertex -23.05 -19.75 0
      vertex -22.7678 -19.7648 0
    endloop
  endfacet
  facet normal -0.707107 -0.707107 0
    outer loop
      vertex -21.0435 -20.6433 0
      vertex -21.2433 -20.4435 5.2
      vertex -21.2433 -20.4435 0
    endloop
  endfacet
  facet normal -0.707107 -0.707107 0
    outer loop
      vertex -21.2433 -20.4435 5.2
      vertex -21.0435 -20.6433 0
      vertex -21.0435 -20.6433 5.2
    endloop
  endfacet
  facet normal 0.629086 -0.777335 0
    outer loop
      vertex -24.8567 -20.4435 0
      vertex -24.637 -20.2657 5.2
      vertex -24.8567 -20.4435 5.2
    endloop
  endfacet
  facet normal 0.629086 -0.777335 0
    outer loop
      vertex -24.637 -20.2657 5.2
      vertex -24.8567 -20.4435 0
      vertex -24.637 -20.2657 0
    endloop
  endfacet
  facet normal 0.258742 -0.965946 0
    outer loop
      vertex -23.8843 -19.8821 0
      vertex -23.6114 -19.809 5.2
      vertex -23.8843 -19.8821 5.2
    endloop
  endfacet
  facet normal 0.258742 -0.965946 0
    outer loop
      vertex -23.6114 -19.809 5.2
      vertex -23.8843 -19.8821 0
      vertex -23.6114 -19.809 0
    endloop
  endfacet
  facet normal -0.891004 -0.453995 0
    outer loop
      vertex -20.5834 -21.3518 0
      vertex -20.7117 -21.1 5.2
      vertex -20.7117 -21.1 0
    endloop
  endfacet
  facet normal -0.891004 -0.453995 0
    outer loop
      vertex -20.7117 -21.1 5.2
      vertex -20.5834 -21.3518 0
      vertex -20.5834 -21.3518 5.2
    endloop
  endfacet
  facet normal -0.358363 -0.933582 0
    outer loop
      vertex -22.2157 -19.8821 0
      vertex -21.9518 -19.9834 5.2
      vertex -22.2157 -19.8821 5.2
    endloop
  endfacet
  facet normal -0.358363 -0.933582 -0
    outer loop
      vertex -21.9518 -19.9834 5.2
      vertex -22.2157 -19.8821 0
      vertex -21.9518 -19.9834 0
    endloop
  endfacet
  facet normal -0.258742 -0.965946 0
    outer loop
      vertex -22.4886 -19.809 0
      vertex -22.2157 -19.8821 5.2
      vertex -22.4886 -19.809 5.2
    endloop
  endfacet
  facet normal -0.258742 -0.965946 -0
    outer loop
      vertex -22.2157 -19.8821 5.2
      vertex -22.4886 -19.809 0
      vertex -22.2157 -19.8821 0
    endloop
  endfacet
  facet normal -0.544864 -0.838524 0
    outer loop
      vertex -21.7 -20.1117 0
      vertex -21.463 -20.2657 5.2
      vertex -21.7 -20.1117 5.2
    endloop
  endfacet
  facet normal -0.544864 -0.838524 -0
    outer loop
      vertex -21.463 -20.2657 5.2
      vertex -21.7 -20.1117 0
      vertex -21.463 -20.2657 0
    endloop
  endfacet
  facet normal 0.891004 -0.453995 0
    outer loop
      vertex -25.5166 -21.3518 5.2
      vertex -25.3883 -21.1 0
      vertex -25.3883 -21.1 5.2
    endloop
  endfacet
  facet normal 0.891004 -0.453995 0
    outer loop
      vertex -25.3883 -21.1 0
      vertex -25.5166 -21.3518 5.2
      vertex -25.5166 -21.3518 0
    endloop
  endfacet
  facet normal 0.156362 -0.9877 0
    outer loop
      vertex -23.6114 -19.809 0
      vertex -23.3322 -19.7648 5.2
      vertex -23.6114 -19.809 5.2
    endloop
  endfacet
  facet normal 0.156362 -0.9877 0
    outer loop
      vertex -23.3322 -19.7648 5.2
      vertex -23.6114 -19.809 0
      vertex -23.3322 -19.7648 0
    endloop
  endfacet
  facet normal -0.965946 -0.258742 0
    outer loop
      vertex -20.409 -21.8886 0
      vertex -20.4821 -21.6157 5.2
      vertex -20.4821 -21.6157 0
    endloop
  endfacet
  facet normal -0.965946 -0.258742 0
    outer loop
      vertex -20.4821 -21.6157 5.2
      vertex -20.409 -21.8886 0
      vertex -20.409 -21.8886 5.2
    endloop
  endfacet
  facet normal -0.9877 -0.156362 0
    outer loop
      vertex -20.3648 -22.1678 0
      vertex -20.409 -21.8886 5.2
      vertex -20.409 -21.8886 0
    endloop
  endfacet
  facet normal -0.9877 -0.156362 0
    outer loop
      vertex -20.409 -21.8886 5.2
      vertex -20.3648 -22.1678 0
      vertex -20.3648 -22.1678 5.2
    endloop
  endfacet
  facet normal -0.933582 -0.358363 0
    outer loop
      vertex -20.4821 -21.6157 0
      vertex -20.5834 -21.3518 5.2
      vertex -20.5834 -21.3518 0
    endloop
  endfacet
  facet normal -0.933582 -0.358363 0
    outer loop
      vertex -20.5834 -21.3518 5.2
      vertex -20.4821 -21.6157 0
      vertex -20.4821 -21.6157 5.2
    endloop
  endfacet
  facet normal -0.777335 -0.629086 0
    outer loop
      vertex -20.8657 -20.863 0
      vertex -21.0435 -20.6433 5.2
      vertex -21.0435 -20.6433 0
    endloop
  endfacet
  facet normal -0.777335 -0.629086 0
    outer loop
      vertex -21.0435 -20.6433 5.2
      vertex -20.8657 -20.863 0
      vertex -20.8657 -20.863 5.2
    endloop
  endfacet
  facet normal -0.838524 -0.544864 0
    outer loop
      vertex -20.7117 -21.1 0
      vertex -20.8657 -20.863 5.2
      vertex -20.8657 -20.863 0
    endloop
  endfacet
  facet normal -0.838524 -0.544864 0
    outer loop
      vertex -20.8657 -20.863 5.2
      vertex -20.7117 -21.1 0
      vertex -20.7117 -21.1 5.2
    endloop
  endfacet
  facet normal -0.156362 -0.9877 0
    outer loop
      vertex -22.7678 -19.7648 0
      vertex -22.4886 -19.809 5.2
      vertex -22.7678 -19.7648 5.2
    endloop
  endfacet
  facet normal -0.156362 -0.9877 -0
    outer loop
      vertex -22.4886 -19.809 5.2
      vertex -22.7678 -19.7648 0
      vertex -22.4886 -19.809 0
    endloop
  endfacet
  facet normal -0.453995 -0.891004 0
    outer loop
      vertex -21.9518 -19.9834 0
      vertex -21.7 -20.1117 5.2
      vertex -21.9518 -19.9834 5.2
    endloop
  endfacet
  facet normal -0.453995 -0.891004 -0
    outer loop
      vertex -21.7 -20.1117 5.2
      vertex -21.9518 -19.9834 0
      vertex -21.7 -20.1117 0
    endloop
  endfacet
  facet normal -0.629086 -0.777335 0
    outer loop
      vertex -21.463 -20.2657 0
      vertex -21.2433 -20.4435 5.2
      vertex -21.463 -20.2657 5.2
    endloop
  endfacet
  facet normal -0.629086 -0.777335 -0
    outer loop
      vertex -21.2433 -20.4435 5.2
      vertex -21.463 -20.2657 0
      vertex -21.2433 -20.4435 0
    endloop
  endfacet
  facet normal 0.965946 -0.258742 0
    outer loop
      vertex -25.691 -21.8886 5.2
      vertex -25.6179 -21.6157 0
      vertex -25.6179 -21.6157 5.2
    endloop
  endfacet
  facet normal 0.965946 -0.258742 0
    outer loop
      vertex -25.6179 -21.6157 0
      vertex -25.691 -21.8886 5.2
      vertex -25.691 -21.8886 0
    endloop
  endfacet
  facet normal 0.777335 -0.629086 0
    outer loop
      vertex -25.2343 -20.863 5.2
      vertex -25.0565 -20.6433 0
      vertex -25.0565 -20.6433 5.2
    endloop
  endfacet
  facet normal 0.777335 -0.629086 0
    outer loop
      vertex -25.0565 -20.6433 0
      vertex -25.2343 -20.863 5.2
      vertex -25.2343 -20.863 0
    endloop
  endfacet
  facet normal 0.707107 -0.707107 0
    outer loop
      vertex -25.0565 -20.6433 5.2
      vertex -24.8567 -20.4435 0
      vertex -24.8567 -20.4435 5.2
    endloop
  endfacet
  facet normal 0.707107 -0.707107 0
    outer loop
      vertex -24.8567 -20.4435 0
      vertex -25.0565 -20.6433 5.2
      vertex -25.0565 -20.6433 0
    endloop
  endfacet
  facet normal 0.838524 -0.544864 0
    outer loop
      vertex -25.3883 -21.1 5.2
      vertex -25.2343 -20.863 0
      vertex -25.2343 -20.863 5.2
    endloop
  endfacet
  facet normal 0.838524 -0.544864 0
    outer loop
      vertex -25.2343 -20.863 0
      vertex -25.3883 -21.1 5.2
      vertex -25.3883 -21.1 0
    endloop
  endfacet
  facet normal 0.933582 -0.358363 0
    outer loop
      vertex -25.6179 -21.6157 5.2
      vertex -25.5166 -21.3518 0
      vertex -25.5166 -21.3518 5.2
    endloop
  endfacet
  facet normal 0.933582 -0.358363 0
    outer loop
      vertex -25.5166 -21.3518 0
      vertex -25.6179 -21.6157 5.2
      vertex -25.6179 -21.6157 0
    endloop
  endfacet
  facet normal 0.9877 -0.156362 0
    outer loop
      vertex -25.7352 -22.1678 5.2
      vertex -25.691 -21.8886 0
      vertex -25.691 -21.8886 5.2
    endloop
  endfacet
  facet normal 0.9877 -0.156362 0
    outer loop
      vertex -25.691 -21.8886 0
      vertex -25.7352 -22.1678 5.2
      vertex -25.7352 -22.1678 0
    endloop
  endfacet
  facet normal 0.453995 -0.891004 0
    outer loop
      vertex -24.4 -20.1117 0
      vertex -24.1482 -19.9834 5.2
      vertex -24.4 -20.1117 5.2
    endloop
  endfacet
  facet normal 0.453995 -0.891004 0
    outer loop
      vertex -24.1482 -19.9834 5.2
      vertex -24.4 -20.1117 0
      vertex -24.1482 -19.9834 0
    endloop
  endfacet
  facet normal 0.358363 -0.933582 0
    outer loop
      vertex -24.1482 -19.9834 0
      vertex -23.8843 -19.8821 5.2
      vertex -24.1482 -19.9834 5.2
    endloop
  endfacet
  facet normal 0.358363 -0.933582 0
    outer loop
      vertex -23.8843 -19.8821 5.2
      vertex -24.1482 -19.9834 0
      vertex -23.8843 -19.8821 0
    endloop
  endfacet
  facet normal 0.544864 -0.838524 0
    outer loop
      vertex -24.637 -20.2657 0
      vertex -24.4 -20.1117 5.2
      vertex -24.637 -20.2657 5.2
    endloop
  endfacet
  facet normal 0.544864 -0.838524 0
    outer loop
      vertex -24.4 -20.1117 5.2
      vertex -24.637 -20.2657 0
      vertex -24.4 -20.1117 0
    endloop
  endfacet
  facet normal 0.0523731 -0.998628 0
    outer loop
      vertex -23.3322 -19.7648 0
      vertex -23.05 -19.75 5.2
      vertex -23.3322 -19.7648 5.2
    endloop
  endfacet
  facet normal 0.0523731 -0.998628 0
    outer loop
      vertex -23.05 -19.75 5.2
      vertex -23.3322 -19.7648 0
      vertex -23.05 -19.75 0
    endloop
  endfacet
  facet normal -0.998628 0.0523731 0
    outer loop
      vertex -20.3648 -22.7322 0
      vertex -20.35 -22.45 5.2
      vertex -20.35 -22.45 0
    endloop
  endfacet
  facet normal -0.998628 0.0523731 0
    outer loop
      vertex -20.35 -22.45 5.2
      vertex -20.3648 -22.7322 0
      vertex -20.3648 -22.7322 5.2
    endloop
  endfacet
  facet normal -0.0523731 0.998628 0
    outer loop
      vertex -22.7678 -25.1352 0
      vertex -23.05 -25.15 5.2
      vertex -22.7678 -25.1352 5.2
    endloop
  endfacet
  facet normal -0.0523731 0.998628 0
    outer loop
      vertex -23.05 -25.15 5.2
      vertex -22.7678 -25.1352 0
      vertex -23.05 -25.15 0
    endloop
  endfacet
  facet normal -0.258742 0.965946 0
    outer loop
      vertex -22.2157 -25.0179 0
      vertex -22.4886 -25.091 5.2
      vertex -22.2157 -25.0179 5.2
    endloop
  endfacet
  facet normal -0.258742 0.965946 0
    outer loop
      vertex -22.4886 -25.091 5.2
      vertex -22.2157 -25.0179 0
      vertex -22.4886 -25.091 0
    endloop
  endfacet
  facet normal -0.629086 0.777335 0
    outer loop
      vertex -21.2433 -24.4565 0
      vertex -21.463 -24.6343 5.2
      vertex -21.2433 -24.4565 5.2
    endloop
  endfacet
  facet normal -0.629086 0.777335 0
    outer loop
      vertex -21.463 -24.6343 5.2
      vertex -21.2433 -24.4565 0
      vertex -21.463 -24.6343 0
    endloop
  endfacet
  facet normal -0.453995 0.891004 0
    outer loop
      vertex -21.7 -24.7883 0
      vertex -21.9518 -24.9166 5.2
      vertex -21.7 -24.7883 5.2
    endloop
  endfacet
  facet normal -0.453995 0.891004 0
    outer loop
      vertex -21.9518 -24.9166 5.2
      vertex -21.7 -24.7883 0
      vertex -21.9518 -24.9166 0
    endloop
  endfacet
  facet normal -0.777335 0.629086 0
    outer loop
      vertex -21.0435 -24.2567 0
      vertex -20.8657 -24.037 5.2
      vertex -20.8657 -24.037 0
    endloop
  endfacet
  facet normal -0.777335 0.629086 0
    outer loop
      vertex -20.8657 -24.037 5.2
      vertex -21.0435 -24.2567 0
      vertex -21.0435 -24.2567 5.2
    endloop
  endfacet
  facet normal -0.891004 0.453995 0
    outer loop
      vertex -20.7117 -23.8 0
      vertex -20.5834 -23.5482 5.2
      vertex -20.5834 -23.5482 0
    endloop
  endfacet
  facet normal -0.891004 0.453995 0
    outer loop
      vertex -20.5834 -23.5482 5.2
      vertex -20.7117 -23.8 0
      vertex -20.7117 -23.8 5.2
    endloop
  endfacet
  facet normal 0.707107 0.707107 0
    outer loop
      vertex -24.8567 -24.4565 5.2
      vertex -25.0565 -24.2567 0
      vertex -25.0565 -24.2567 5.2
    endloop
  endfacet
  facet normal 0.707107 0.707107 0
    outer loop
      vertex -25.0565 -24.2567 0
      vertex -24.8567 -24.4565 5.2
      vertex -24.8567 -24.4565 0
    endloop
  endfacet
  facet normal 0.544864 0.838524 -0
    outer loop
      vertex -24.4 -24.7883 0
      vertex -24.637 -24.6343 5.2
      vertex -24.4 -24.7883 5.2
    endloop
  endfacet
  facet normal 0.544864 0.838524 0
    outer loop
      vertex -24.637 -24.6343 5.2
      vertex -24.4 -24.7883 0
      vertex -24.637 -24.6343 0
    endloop
  endfacet
  facet normal 0.358363 0.933582 -0
    outer loop
      vertex -23.8843 -25.0179 0
      vertex -24.1482 -24.9166 5.2
      vertex -23.8843 -25.0179 5.2
    endloop
  endfacet
  facet normal 0.358363 0.933582 0
    outer loop
      vertex -24.1482 -24.9166 5.2
      vertex -23.8843 -25.0179 0
      vertex -24.1482 -24.9166 0
    endloop
  endfacet
  facet normal 0.156362 0.9877 -0
    outer loop
      vertex -23.3322 -25.1352 0
      vertex -23.6114 -25.091 5.2
      vertex -23.3322 -25.1352 5.2
    endloop
  endfacet
  facet normal 0.156362 0.9877 0
    outer loop
      vertex -23.6114 -25.091 5.2
      vertex -23.3322 -25.1352 0
      vertex -23.6114 -25.091 0
    endloop
  endfacet
  facet normal 0.933582 0.358363 0
    outer loop
      vertex -25.5166 -23.5482 5.2
      vertex -25.6179 -23.2843 0
      vertex -25.6179 -23.2843 5.2
    endloop
  endfacet
  facet normal 0.933582 0.358363 0
    outer loop
      vertex -25.6179 -23.2843 0
      vertex -25.5166 -23.5482 5.2
      vertex -25.5166 -23.5482 0
    endloop
  endfacet
  facet normal 0.838524 0.544864 0
    outer loop
      vertex -25.2343 -24.037 5.2
      vertex -25.3883 -23.8 0
      vertex -25.3883 -23.8 5.2
    endloop
  endfacet
  facet normal 0.838524 0.544864 0
    outer loop
      vertex -25.3883 -23.8 0
      vertex -25.2343 -24.037 5.2
      vertex -25.2343 -24.037 0
    endloop
  endfacet
  facet normal 0.965946 0.258742 0
    outer loop
      vertex -25.6179 -23.2843 5.2
      vertex -25.691 -23.0114 0
      vertex -25.691 -23.0114 5.2
    endloop
  endfacet
  facet normal 0.965946 0.258742 0
    outer loop
      vertex -25.691 -23.0114 0
      vertex -25.6179 -23.2843 5.2
      vertex -25.6179 -23.2843 0
    endloop
  endfacet
  facet normal 0.998628 0.0523731 0
    outer loop
      vertex -25.7352 -22.7322 5.2
      vertex -25.75 -22.45 0
      vertex -25.75 -22.45 5.2
    endloop
  endfacet
  facet normal 0.998628 0.0523731 0
    outer loop
      vertex -25.75 -22.45 0
      vertex -25.7352 -22.7322 5.2
      vertex -25.7352 -22.7322 0
    endloop
  endfacet
  facet normal -0.156362 0.9877 0
    outer loop
      vertex -22.4886 -25.091 0
      vertex -22.7678 -25.1352 5.2
      vertex -22.4886 -25.091 5.2
    endloop
  endfacet
  facet normal -0.156362 0.9877 0
    outer loop
      vertex -22.7678 -25.1352 5.2
      vertex -22.4886 -25.091 0
      vertex -22.7678 -25.1352 0
    endloop
  endfacet
  facet normal -0.358363 0.933582 0
    outer loop
      vertex -21.9518 -24.9166 0
      vertex -22.2157 -25.0179 5.2
      vertex -21.9518 -24.9166 5.2
    endloop
  endfacet
  facet normal -0.358363 0.933582 0
    outer loop
      vertex -22.2157 -25.0179 5.2
      vertex -21.9518 -24.9166 0
      vertex -22.2157 -25.0179 0
    endloop
  endfacet
  facet normal -0.707107 0.707107 0
    outer loop
      vertex -21.2433 -24.4565 0
      vertex -21.0435 -24.2567 5.2
      vertex -21.0435 -24.2567 0
    endloop
  endfacet
  facet normal -0.707107 0.707107 0
    outer loop
      vertex -21.0435 -24.2567 5.2
      vertex -21.2433 -24.4565 0
      vertex -21.2433 -24.4565 5.2
    endloop
  endfacet
  facet normal -0.544864 0.838524 0
    outer loop
      vertex -21.463 -24.6343 0
      vertex -21.7 -24.7883 5.2
      vertex -21.463 -24.6343 5.2
    endloop
  endfacet
  facet normal -0.544864 0.838524 0
    outer loop
      vertex -21.7 -24.7883 5.2
      vertex -21.463 -24.6343 0
      vertex -21.7 -24.7883 0
    endloop
  endfacet
  facet normal -0.838524 0.544864 0
    outer loop
      vertex -20.8657 -24.037 0
      vertex -20.7117 -23.8 5.2
      vertex -20.7117 -23.8 0
    endloop
  endfacet
  facet normal -0.838524 0.544864 0
    outer loop
      vertex -20.7117 -23.8 5.2
      vertex -20.8657 -24.037 0
      vertex -20.8657 -24.037 5.2
    endloop
  endfacet
  facet normal -0.933582 0.358363 0
    outer loop
      vertex -20.5834 -23.5482 0
      vertex -20.4821 -23.2843 5.2
      vertex -20.4821 -23.2843 0
    endloop
  endfacet
  facet normal -0.933582 0.358363 0
    outer loop
      vertex -20.4821 -23.2843 5.2
      vertex -20.5834 -23.5482 0
      vertex -20.5834 -23.5482 5.2
    endloop
  endfacet
  facet normal -0.9877 0.156362 0
    outer loop
      vertex -20.409 -23.0114 0
      vertex -20.3648 -22.7322 5.2
      vertex -20.3648 -22.7322 0
    endloop
  endfacet
  facet normal -0.9877 0.156362 0
    outer loop
      vertex -20.3648 -22.7322 5.2
      vertex -20.409 -23.0114 0
      vertex -20.409 -23.0114 5.2
    endloop
  endfacet
  facet normal -0.965946 0.258742 0
    outer loop
      vertex -20.4821 -23.2843 0
      vertex -20.409 -23.0114 5.2
      vertex -20.409 -23.0114 0
    endloop
  endfacet
  facet normal -0.965946 0.258742 0
    outer loop
      vertex -20.409 -23.0114 5.2
      vertex -20.4821 -23.2843 0
      vertex -20.4821 -23.2843 5.2
    endloop
  endfacet
  facet normal 0.629086 0.777335 -0
    outer loop
      vertex -24.637 -24.6343 0
      vertex -24.8567 -24.4565 5.2
      vertex -24.637 -24.6343 5.2
    endloop
  endfacet
  facet normal 0.629086 0.777335 0
    outer loop
      vertex -24.8567 -24.4565 5.2
      vertex -24.637 -24.6343 0
      vertex -24.8567 -24.4565 0
    endloop
  endfacet
  facet normal 0.453995 0.891004 -0
    outer loop
      vertex -24.1482 -24.9166 0
      vertex -24.4 -24.7883 5.2
      vertex -24.1482 -24.9166 5.2
    endloop
  endfacet
  facet normal 0.453995 0.891004 0
    outer loop
      vertex -24.4 -24.7883 5.2
      vertex -24.1482 -24.9166 0
      vertex -24.4 -24.7883 0
    endloop
  endfacet
  facet normal 0.258742 0.965946 -0
    outer loop
      vertex -23.6114 -25.091 0
      vertex -23.8843 -25.0179 5.2
      vertex -23.6114 -25.091 5.2
    endloop
  endfacet
  facet normal 0.258742 0.965946 0
    outer loop
      vertex -23.8843 -25.0179 5.2
      vertex -23.6114 -25.091 0
      vertex -23.8843 -25.0179 0
    endloop
  endfacet
  facet normal 0.0523731 0.998628 -0
    outer loop
      vertex -23.05 -25.15 0
      vertex -23.3322 -25.1352 5.2
      vertex -23.05 -25.15 5.2
    endloop
  endfacet
  facet normal 0.0523731 0.998628 0
    outer loop
      vertex -23.3322 -25.1352 5.2
      vertex -23.05 -25.15 0
      vertex -23.3322 -25.1352 0
    endloop
  endfacet
  facet normal 0.891004 0.453995 0
    outer loop
      vertex -25.3883 -23.8 5.2
      vertex -25.5166 -23.5482 0
      vertex -25.5166 -23.5482 5.2
    endloop
  endfacet
  facet normal 0.891004 0.453995 0
    outer loop
      vertex -25.5166 -23.5482 0
      vertex -25.3883 -23.8 5.2
      vertex -25.3883 -23.8 0
    endloop
  endfacet
  facet normal 0.777335 0.629086 0
    outer loop
      vertex -25.0565 -24.2567 5.2
      vertex -25.2343 -24.037 0
      vertex -25.2343 -24.037 5.2
    endloop
  endfacet
  facet normal 0.777335 0.629086 0
    outer loop
      vertex -25.2343 -24.037 0
      vertex -25.0565 -24.2567 5.2
      vertex -25.0565 -24.2567 0
    endloop
  endfacet
  facet normal 0.9877 0.156362 0
    outer loop
      vertex -25.691 -23.0114 5.2
      vertex -25.7352 -22.7322 0
      vertex -25.7352 -22.7322 5.2
    endloop
  endfacet
  facet normal 0.9877 0.156362 0
    outer loop
      vertex -25.7352 -22.7322 0
      vertex -25.691 -23.0114 5.2
      vertex -25.691 -23.0114 0
    endloop
  endfacet
  facet normal -0.998626 -0.0524 0
    outer loop
      vertex -18 22.45 5.2
      vertex -18.0277 22.9779 11
      vertex -18.0277 22.9779 5.2
    endloop
  endfacet
  facet normal -0.998626 -0.0524 0
    outer loop
      vertex -18.0277 22.9779 11
      vertex -18 22.45 5.2
      vertex -18 22.45 11
    endloop
  endfacet
  facet normal 0.998626 -0.0524 0
    outer loop
      vertex -28.1 22.45 11
      vertex -28.0723 22.9779 5.2
      vertex -28.0723 22.9779 11
    endloop
  endfacet
  facet normal 0.998626 -0.0524 0
    outer loop
      vertex -28.0723 22.9779 5.2
      vertex -28.1 22.45 11
      vertex -28.1 22.45 5.2
    endloop
  endfacet
  facet normal 0.0524 -0.998626 0
    outer loop
      vertex -23.5779 27.4723 5.2
      vertex -23.05 27.5 11
      vertex -23.5779 27.4723 11
    endloop
  endfacet
  facet normal 0.0524 -0.998626 0
    outer loop
      vertex -23.05 27.5 11
      vertex -23.5779 27.4723 5.2
      vertex -23.05 27.5 5.2
    endloop
  endfacet
  facet normal -0.0524 0.998626 0
    outer loop
      vertex -22.5221 17.4277 5.2
      vertex -23.05 17.4 11
      vertex -22.5221 17.4277 11
    endloop
  endfacet
  facet normal -0.0524 0.998626 0
    outer loop
      vertex -23.05 17.4 11
      vertex -22.5221 17.4277 5.2
      vertex -23.05 17.4 5.2
    endloop
  endfacet
  facet normal -0.707107 -0.707107 0
    outer loop
      vertex -19.2971 25.8291 5.2
      vertex -19.6709 26.2029 11
      vertex -19.6709 26.2029 5.2
    endloop
  endfacet
  facet normal -0.707107 -0.707107 0
    outer loop
      vertex -19.6709 26.2029 11
      vertex -19.2971 25.8291 5.2
      vertex -19.2971 25.8291 11
    endloop
  endfacet
  facet normal 0.707107 -0.707107 0
    outer loop
      vertex -26.8029 25.8291 11
      vertex -26.4291 26.2029 5.2
      vertex -26.4291 26.2029 11
    endloop
  endfacet
  facet normal 0.707107 -0.707107 0
    outer loop
      vertex -26.4291 26.2029 5.2
      vertex -26.8029 25.8291 11
      vertex -26.8029 25.8291 5.2
    endloop
  endfacet
  facet normal 0.358307 -0.933604 0
    outer loop
      vertex -25.104 27.0634 5.2
      vertex -24.6105 27.2528 11
      vertex -25.104 27.0634 11
    endloop
  endfacet
  facet normal 0.358307 -0.933604 0
    outer loop
      vertex -24.6105 27.2528 11
      vertex -25.104 27.0634 5.2
      vertex -24.6105 27.2528 5.2
    endloop
  endfacet
  facet normal -0.933604 -0.358307 0
    outer loop
      vertex -18.2472 24.0105 5.2
      vertex -18.4366 24.504 11
      vertex -18.4366 24.504 5.2
    endloop
  endfacet
  facet normal -0.933604 -0.358307 0
    outer loop
      vertex -18.4366 24.504 11
      vertex -18.2472 24.0105 5.2
      vertex -18.2472 24.0105 11
    endloop
  endfacet
  facet normal -0.987686 -0.156448 0
    outer loop
      vertex -18.0277 22.9779 5.2
      vertex -18.1104 23.5 11
      vertex -18.1104 23.5 5.2
    endloop
  endfacet
  facet normal -0.987686 -0.156448 0
    outer loop
      vertex -18.1104 23.5 11
      vertex -18.0277 22.9779 5.2
      vertex -18.0277 22.9779 11
    endloop
  endfacet
  facet normal -0.358307 -0.933604 0
    outer loop
      vertex -21.4895 27.2528 5.2
      vertex -20.996 27.0634 11
      vertex -21.4895 27.2528 11
    endloop
  endfacet
  facet normal -0.358307 -0.933604 -0
    outer loop
      vertex -20.996 27.0634 11
      vertex -21.4895 27.2528 5.2
      vertex -20.996 27.0634 5.2
    endloop
  endfacet
  facet normal -0.544662 -0.838655 0
    outer loop
      vertex -20.525 26.8234 5.2
      vertex -20.0817 26.5355 11
      vertex -20.525 26.8234 11
    endloop
  endfacet
  facet normal -0.544662 -0.838655 -0
    outer loop
      vertex -20.0817 26.5355 11
      vertex -20.525 26.8234 5.2
      vertex -20.0817 26.5355 5.2
    endloop
  endfacet
  facet normal 0.838655 -0.544662 0
    outer loop
      vertex -27.4234 24.975 11
      vertex -27.1355 25.4183 5.2
      vertex -27.1355 25.4183 11
    endloop
  endfacet
  facet normal 0.838655 -0.544662 0
    outer loop
      vertex -27.1355 25.4183 5.2
      vertex -27.4234 24.975 11
      vertex -27.4234 24.975 5.2
    endloop
  endfacet
  facet normal 0.777201 -0.629253 0
    outer loop
      vertex -27.1355 25.4183 11
      vertex -26.8029 25.8291 5.2
      vertex -26.8029 25.8291 11
    endloop
  endfacet
  facet normal 0.777201 -0.629253 0
    outer loop
      vertex -26.8029 25.8291 5.2
      vertex -27.1355 25.4183 11
      vertex -27.1355 25.4183 5.2
    endloop
  endfacet
  facet normal 0.156448 -0.987686 0
    outer loop
      vertex -24.1 27.3896 5.2
      vertex -23.5779 27.4723 11
      vertex -24.1 27.3896 11
    endloop
  endfacet
  facet normal 0.156448 -0.987686 0
    outer loop
      vertex -23.5779 27.4723 11
      vertex -24.1 27.3896 5.2
      vertex -23.5779 27.4723 5.2
    endloop
  endfacet
  facet normal -0.156448 0.987686 0
    outer loop
      vertex -22 17.5104 5.2
      vertex -22.5221 17.4277 11
      vertex -22 17.5104 11
    endloop
  endfacet
  facet normal -0.156448 0.987686 0
    outer loop
      vertex -22.5221 17.4277 11
      vertex -22 17.5104 5.2
      vertex -22.5221 17.4277 5.2
    endloop
  endfacet
  facet normal -0.96592 -0.25884 0
    outer loop
      vertex -18.1104 23.5 5.2
      vertex -18.2472 24.0105 11
      vertex -18.2472 24.0105 5.2
    endloop
  endfacet
  facet normal -0.96592 -0.25884 0
    outer loop
      vertex -18.2472 24.0105 11
      vertex -18.1104 23.5 5.2
      vertex -18.1104 23.5 11
    endloop
  endfacet
  facet normal -0.838655 -0.544662 0
    outer loop
      vertex -18.6766 24.975 5.2
      vertex -18.9645 25.4183 11
      vertex -18.9645 25.4183 5.2
    endloop
  endfacet
  facet normal -0.838655 -0.544662 0
    outer loop
      vertex -18.9645 25.4183 11
      vertex -18.6766 24.975 5.2
      vertex -18.6766 24.975 11
    endloop
  endfacet
  facet normal -0.777201 -0.629253 0
    outer loop
      vertex -18.9645 25.4183 5.2
      vertex -19.2971 25.8291 11
      vertex -19.2971 25.8291 5.2
    endloop
  endfacet
  facet normal -0.777201 -0.629253 0
    outer loop
      vertex -19.2971 25.8291 11
      vertex -18.9645 25.4183 5.2
      vertex -18.9645 25.4183 11
    endloop
  endfacet
  facet normal -0.890996 -0.454011 0
    outer loop
      vertex -18.4366 24.504 5.2
      vertex -18.6766 24.975 11
      vertex -18.6766 24.975 5.2
    endloop
  endfacet
  facet normal -0.890996 -0.454011 0
    outer loop
      vertex -18.6766 24.975 11
      vertex -18.4366 24.504 5.2
      vertex -18.4366 24.504 11
    endloop
  endfacet
  facet normal -0.156448 -0.987686 0
    outer loop
      vertex -22.5221 27.4723 5.2
      vertex -22 27.3896 11
      vertex -22.5221 27.4723 11
    endloop
  endfacet
  facet normal -0.156448 -0.987686 -0
    outer loop
      vertex -22 27.3896 11
      vertex -22.5221 27.4723 5.2
      vertex -22 27.3896 5.2
    endloop
  endfacet
  facet normal -0.25884 -0.96592 0
    outer loop
      vertex -22 27.3896 5.2
      vertex -21.4895 27.2528 11
      vertex -22 27.3896 11
    endloop
  endfacet
  facet normal -0.25884 -0.96592 -0
    outer loop
      vertex -21.4895 27.2528 11
      vertex -22 27.3896 5.2
      vertex -21.4895 27.2528 5.2
    endloop
  endfacet
  facet normal -0.0524 -0.998626 0
    outer loop
      vertex -23.05 27.5 5.2
      vertex -22.5221 27.4723 11
      vertex -23.05 27.5 11
    endloop
  endfacet
  facet normal -0.0524 -0.998626 -0
    outer loop
      vertex -22.5221 27.4723 11
      vertex -23.05 27.5 5.2
      vertex -22.5221 27.4723 5.2
    endloop
  endfacet
  facet normal -0.629253 -0.777201 0
    outer loop
      vertex -20.0817 26.5355 5.2
      vertex -19.6709 26.2029 11
      vertex -20.0817 26.5355 11
    endloop
  endfacet
  facet normal -0.629253 -0.777201 -0
    outer loop
      vertex -19.6709 26.2029 11
      vertex -20.0817 26.5355 5.2
      vertex -19.6709 26.2029 5.2
    endloop
  endfacet
  facet normal 0.96592 -0.25884 0
    outer loop
      vertex -27.9896 23.5 11
      vertex -27.8528 24.0105 5.2
      vertex -27.8528 24.0105 11
    endloop
  endfacet
  facet normal 0.96592 -0.25884 0
    outer loop
      vertex -27.8528 24.0105 5.2
      vertex -27.9896 23.5 11
      vertex -27.9896 23.5 5.2
    endloop
  endfacet
  facet normal 0.890996 -0.454011 0
    outer loop
      vertex -27.6634 24.504 11
      vertex -27.4234 24.975 5.2
      vertex -27.4234 24.975 11
    endloop
  endfacet
  facet normal 0.890996 -0.454011 0
    outer loop
      vertex -27.4234 24.975 5.2
      vertex -27.6634 24.504 11
      vertex -27.6634 24.504 5.2
    endloop
  endfacet
  facet normal 0.987686 -0.156448 0
    outer loop
      vertex -28.0723 22.9779 11
      vertex -27.9896 23.5 5.2
      vertex -27.9896 23.5 11
    endloop
  endfacet
  facet normal 0.987686 -0.156448 0
    outer loop
      vertex -27.9896 23.5 5.2
      vertex -28.0723 22.9779 11
      vertex -28.0723 22.9779 5.2
    endloop
  endfacet
  facet normal 0.454011 -0.890996 0
    outer loop
      vertex -25.575 26.8234 5.2
      vertex -25.104 27.0634 11
      vertex -25.575 26.8234 11
    endloop
  endfacet
  facet normal 0.454011 -0.890996 0
    outer loop
      vertex -25.104 27.0634 11
      vertex -25.575 26.8234 5.2
      vertex -25.104 27.0634 5.2
    endloop
  endfacet
  facet normal 0.544662 -0.838655 0
    outer loop
      vertex -26.0183 26.5355 5.2
      vertex -25.575 26.8234 11
      vertex -26.0183 26.5355 11
    endloop
  endfacet
  facet normal 0.544662 -0.838655 0
    outer loop
      vertex -25.575 26.8234 11
      vertex -26.0183 26.5355 5.2
      vertex -25.575 26.8234 5.2
    endloop
  endfacet
  facet normal 0.629253 -0.777201 0
    outer loop
      vertex -26.4291 26.2029 5.2
      vertex -26.0183 26.5355 11
      vertex -26.4291 26.2029 11
    endloop
  endfacet
  facet normal 0.629253 -0.777201 0
    outer loop
      vertex -26.0183 26.5355 11
      vertex -26.4291 26.2029 5.2
      vertex -26.0183 26.5355 5.2
    endloop
  endfacet
  facet normal 0.25884 -0.96592 0
    outer loop
      vertex -24.6105 27.2528 5.2
      vertex -24.1 27.3896 11
      vertex -24.6105 27.2528 11
    endloop
  endfacet
  facet normal 0.25884 -0.96592 0
    outer loop
      vertex -24.1 27.3896 11
      vertex -24.6105 27.2528 5.2
      vertex -24.1 27.3896 5.2
    endloop
  endfacet
  facet normal -0.96592 0.25884 0
    outer loop
      vertex -18.2472 20.8895 5.2
      vertex -18.1104 21.4 11
      vertex -18.1104 21.4 5.2
    endloop
  endfacet
  facet normal -0.96592 0.25884 0
    outer loop
      vertex -18.1104 21.4 11
      vertex -18.2472 20.8895 5.2
      vertex -18.2472 20.8895 11
    endloop
  endfacet
  facet normal -0.707107 0.707107 0
    outer loop
      vertex -19.6709 18.6971 5.2
      vertex -19.2971 19.0709 11
      vertex -19.2971 19.0709 5.2
    endloop
  endfacet
  facet normal -0.707107 0.707107 0
    outer loop
      vertex -19.2971 19.0709 11
      vertex -19.6709 18.6971 5.2
      vertex -19.6709 18.6971 11
    endloop
  endfacet
  facet normal 0 0 1
    outer loop
      vertex -20.35 22.45 5.2
      vertex -18 22.45 5.2
      vertex -18.0277 22.9779 5.2
    endloop
  endfacet
  facet normal 0 0 1
    outer loop
      vertex -20.3648 22.7322 5.2
      vertex -18.0277 22.9779 5.2
      vertex -18.1104 23.5 5.2
    endloop
  endfacet
  facet normal 0 0 1
    outer loop
      vertex -18 22.45 5.2
      vertex -20.35 22.45 5.2
      vertex -18.0277 21.9221 5.2
    endloop
  endfacet
  facet normal 0 0 1
    outer loop
      vertex -20.409 23.0114 5.2
      vertex -18.1104 23.5 5.2
      vertex -18.2472 24.0105 5.2
    endloop
  endfacet
  facet normal -0 0 1
    outer loop
      vertex -20.3648 22.1678 5.2
      vertex -18.0277 21.9221 5.2
      vertex -20.35 22.45 5.2
    endloop
  endfacet
  facet normal 0 0 1
    outer loop
      vertex -20.4821 23.2843 5.2
      vertex -18.2472 24.0105 5.2
      vertex -18.4366 24.504 5.2
    endloop
  endfacet
  facet normal 0 0 1
    outer loop
      vertex -18.0277 21.9221 5.2
      vertex -20.3648 22.1678 5.2
      vertex -18.1104 21.4 5.2
    endloop
  endfacet
  facet normal 0 0 1
    outer loop
      vertex -20.5834 23.5482 5.2
      vertex -18.4366 24.504 5.2
      vertex -18.6766 24.975 5.2
    endloop
  endfacet
  facet normal -0 0 1
    outer loop
      vertex -20.409 21.8886 5.2
      vertex -18.1104 21.4 5.2
      vertex -20.3648 22.1678 5.2
    endloop
  endfacet
  facet normal 0 0 1
    outer loop
      vertex -20.7117 23.8 5.2
      vertex -18.6766 24.975 5.2
      vertex -18.9645 25.4183 5.2
    endloop
  endfacet
  facet normal 0 0 1
    outer loop
      vertex -18.1104 21.4 5.2
      vertex -20.409 21.8886 5.2
      vertex -18.2472 20.8895 5.2
    endloop
  endfacet
  facet normal 0 0 1
    outer loop
      vertex -20.8657 24.037 5.2
      vertex -18.9645 25.4183 5.2
      vertex -19.2971 25.8291 5.2
    endloop
  endfacet
  facet normal -0 0 1
    outer loop
      vertex -20.4821 21.6157 5.2
      vertex -18.2472 20.8895 5.2
      vertex -20.409 21.8886 5.2
    endloop
  endfacet
  facet normal 0 0 1
    outer loop
      vertex -21.0435 24.2567 5.2
      vertex -19.2971 25.8291 5.2
      vertex -19.6709 26.2029 5.2
    endloop
  endfacet
  facet normal 0 0 1
    outer loop
      vertex -18.2472 20.8895 5.2
      vertex -20.4821 21.6157 5.2
      vertex -18.4366 20.396 5.2
    endloop
  endfacet
  facet normal 0 0 1
    outer loop
      vertex -21.2433 24.4565 5.2
      vertex -19.6709 26.2029 5.2
      vertex -20.0817 26.5355 5.2
    endloop
  endfacet
  facet normal -0 0 1
    outer loop
      vertex -20.5834 21.3518 5.2
      vertex -18.4366 20.396 5.2
      vertex -20.4821 21.6157 5.2
    endloop
  endfacet
  facet normal 0 0 1
    outer loop
      vertex -18.4366 20.396 5.2
      vertex -20.5834 21.3518 5.2
      vertex -18.6766 19.925 5.2
    endloop
  endfacet
  facet normal 0 0 1
    outer loop
      vertex -18.0277 22.9779 5.2
      vertex -20.3648 22.7322 5.2
      vertex -20.35 22.45 5.2
    endloop
  endfacet
  facet normal 0 0 1
    outer loop
      vertex -18.1104 23.5 5.2
      vertex -20.409 23.0114 5.2
      vertex -20.3648 22.7322 5.2
    endloop
  endfacet
  facet normal 0 0 1
    outer loop
      vertex -18.2472 24.0105 5.2
      vertex -20.4821 23.2843 5.2
      vertex -20.409 23.0114 5.2
    endloop
  endfacet
  facet normal 0 0 1
    outer loop
      vertex -21.463 24.6343 5.2
      vertex -20.0817 26.5355 5.2
      vertex -20.525 26.8234 5.2
    endloop
  endfacet
  facet normal 0 0 1
    outer loop
      vertex -18.4366 24.504 5.2
      vertex -20.5834 23.5482 5.2
      vertex -20.4821 23.2843 5.2
    endloop
  endfacet
  facet normal 0 0 1
    outer loop
      vertex -18.6766 24.975 5.2
      vertex -20.7117 23.8 5.2
      vertex -20.5834 23.5482 5.2
    endloop
  endfacet
  facet normal 0 0 1
    outer loop
      vertex -18.9645 25.4183 5.2
      vertex -20.8657 24.037 5.2
      vertex -20.7117 23.8 5.2
    endloop
  endfacet
  facet normal 0 0 1
    outer loop
      vertex -21.7 24.7883 5.2
      vertex -20.525 26.8234 5.2
      vertex -20.996 27.0634 5.2
    endloop
  endfacet
  facet normal 0 0 1
    outer loop
      vertex -19.2971 25.8291 5.2
      vertex -21.0435 24.2567 5.2
      vertex -20.8657 24.037 5.2
    endloop
  endfacet
  facet normal 0 0 1
    outer loop
      vertex -19.6709 26.2029 5.2
      vertex -21.2433 24.4565 5.2
      vertex -21.0435 24.2567 5.2
    endloop
  endfacet
  facet normal 0 0 1
    outer loop
      vertex -20.0817 26.5355 5.2
      vertex -21.463 24.6343 5.2
      vertex -21.2433 24.4565 5.2
    endloop
  endfacet
  facet normal 0 0 1
    outer loop
      vertex -21.9518 24.9166 5.2
      vertex -20.996 27.0634 5.2
      vertex -21.4895 27.2528 5.2
    endloop
  endfacet
  facet normal 0 0 1
    outer loop
      vertex -20.525 26.8234 5.2
      vertex -21.7 24.7883 5.2
      vertex -21.463 24.6343 5.2
    endloop
  endfacet
  facet normal 0 0 1
    outer loop
      vertex -20.996 27.0634 5.2
      vertex -21.9518 24.9166 5.2
      vertex -21.7 24.7883 5.2
    endloop
  endfacet
  facet normal 0 0 1
    outer loop
      vertex -22.2157 25.0179 5.2
      vertex -21.4895 27.2528 5.2
      vertex -22 27.3896 5.2
    endloop
  endfacet
  facet normal 0 0 1
    outer loop
      vertex -21.4895 27.2528 5.2
      vertex -22.2157 25.0179 5.2
      vertex -21.9518 24.9166 5.2
    endloop
  endfacet
  facet normal 0 0 1
    outer loop
      vertex -22 27.3896 5.2
      vertex -22.4886 25.091 5.2
      vertex -22.2157 25.0179 5.2
    endloop
  endfacet
  facet normal 0 0 1
    outer loop
      vertex -22.5221 27.4723 5.2
      vertex -22.4886 25.091 5.2
      vertex -22 27.3896 5.2
    endloop
  endfacet
  facet normal 0 0 1
    outer loop
      vertex -22.5221 27.4723 5.2
      vertex -22.7678 25.1352 5.2
      vertex -22.4886 25.091 5.2
    endloop
  endfacet
  facet normal 0 0 1
    outer loop
      vertex -23.05 27.5 5.2
      vertex -22.7678 25.1352 5.2
      vertex -22.5221 27.4723 5.2
    endloop
  endfacet
  facet normal 0 0 1
    outer loop
      vertex -23.05 27.5 5.2
      vertex -23.05 25.15 5.2
      vertex -22.7678 25.1352 5.2
    endloop
  endfacet
  facet normal 0 0 1
    outer loop
      vertex -23.05 27.5 5.2
      vertex -23.3322 25.1352 5.2
      vertex -23.05 25.15 5.2
    endloop
  endfacet
  facet normal -0 0 1
    outer loop
      vertex -23.5779 27.4723 5.2
      vertex -23.3322 25.1352 5.2
      vertex -23.05 27.5 5.2
    endloop
  endfacet
  facet normal 0 0 1
    outer loop
      vertex -23.5779 27.4723 5.2
      vertex -23.6114 25.091 5.2
      vertex -23.3322 25.1352 5.2
    endloop
  endfacet
  facet normal -0 0 1
    outer loop
      vertex -24.1 27.3896 5.2
      vertex -23.6114 25.091 5.2
      vertex -23.5779 27.4723 5.2
    endloop
  endfacet
  facet normal 0 0 1
    outer loop
      vertex -23.6114 25.091 5.2
      vertex -24.1 27.3896 5.2
      vertex -23.8843 25.0179 5.2
    endloop
  endfacet
  facet normal -0 0 1
    outer loop
      vertex -24.6105 27.2528 5.2
      vertex -23.8843 25.0179 5.2
      vertex -24.1 27.3896 5.2
    endloop
  endfacet
  facet normal 0 0 1
    outer loop
      vertex -23.8843 25.0179 5.2
      vertex -24.6105 27.2528 5.2
      vertex -24.1482 24.9166 5.2
    endloop
  endfacet
  facet normal -0 0 1
    outer loop
      vertex -25.104 27.0634 5.2
      vertex -24.1482 24.9166 5.2
      vertex -24.6105 27.2528 5.2
    endloop
  endfacet
  facet normal 0 0 1
    outer loop
      vertex -24.1482 24.9166 5.2
      vertex -25.104 27.0634 5.2
      vertex -24.4 24.7883 5.2
    endloop
  endfacet
  facet normal -0 0 1
    outer loop
      vertex -25.575 26.8234 5.2
      vertex -24.4 24.7883 5.2
      vertex -25.104 27.0634 5.2
    endloop
  endfacet
  facet normal 0 0 1
    outer loop
      vertex -24.4 24.7883 5.2
      vertex -25.575 26.8234 5.2
      vertex -24.637 24.6343 5.2
    endloop
  endfacet
  facet normal -0 0 1
    outer loop
      vertex -26.0183 26.5355 5.2
      vertex -24.637 24.6343 5.2
      vertex -25.575 26.8234 5.2
    endloop
  endfacet
  facet normal 0 0 1
    outer loop
      vertex -24.637 24.6343 5.2
      vertex -26.0183 26.5355 5.2
      vertex -24.8567 24.4565 5.2
    endloop
  endfacet
  facet normal -0 0 1
    outer loop
      vertex -26.4291 26.2029 5.2
      vertex -24.8567 24.4565 5.2
      vertex -26.0183 26.5355 5.2
    endloop
  endfacet
  facet normal 0 0 1
    outer loop
      vertex -24.8567 24.4565 5.2
      vertex -26.4291 26.2029 5.2
      vertex -25.0565 24.2567 5.2
    endloop
  endfacet
  facet normal -0 0 1
    outer loop
      vertex -26.8029 25.8291 5.2
      vertex -25.0565 24.2567 5.2
      vertex -26.4291 26.2029 5.2
    endloop
  endfacet
  facet normal 0 0 1
    outer loop
      vertex -25.0565 24.2567 5.2
      vertex -26.8029 25.8291 5.2
      vertex -25.2343 24.037 5.2
    endloop
  endfacet
  facet normal -0 0 1
    outer loop
      vertex -27.1355 25.4183 5.2
      vertex -25.2343 24.037 5.2
      vertex -26.8029 25.8291 5.2
    endloop
  endfacet
  facet normal 0 0 1
    outer loop
      vertex -25.2343 24.037 5.2
      vertex -27.1355 25.4183 5.2
      vertex -25.3883 23.8 5.2
    endloop
  endfacet
  facet normal -0 0 1
    outer loop
      vertex -27.4234 24.975 5.2
      vertex -25.3883 23.8 5.2
      vertex -27.1355 25.4183 5.2
    endloop
  endfacet
  facet normal 0 0 1
    outer loop
      vertex -25.3883 23.8 5.2
      vertex -27.4234 24.975 5.2
      vertex -25.5166 23.5482 5.2
    endloop
  endfacet
  facet normal -0 0 1
    outer loop
      vertex -20.7117 21.1 5.2
      vertex -18.6766 19.925 5.2
      vertex -20.5834 21.3518 5.2
    endloop
  endfacet
  facet normal 0 0 1
    outer loop
      vertex -18.6766 19.925 5.2
      vertex -20.7117 21.1 5.2
      vertex -18.9645 19.4817 5.2
    endloop
  endfacet
  facet normal -0 0 1
    outer loop
      vertex -20.8657 20.863 5.2
      vertex -18.9645 19.4817 5.2
      vertex -20.7117 21.1 5.2
    endloop
  endfacet
  facet normal 0 0 1
    outer loop
      vertex -18.9645 19.4817 5.2
      vertex -20.8657 20.863 5.2
      vertex -19.2971 19.0709 5.2
    endloop
  endfacet
  facet normal -0 0 1
    outer loop
      vertex -21.0435 20.6433 5.2
      vertex -19.2971 19.0709 5.2
      vertex -20.8657 20.863 5.2
    endloop
  endfacet
  facet normal 0 0 1
    outer loop
      vertex -19.2971 19.0709 5.2
      vertex -21.0435 20.6433 5.2
      vertex -19.6709 18.6971 5.2
    endloop
  endfacet
  facet normal -0 0 1
    outer loop
      vertex -21.2433 20.4435 5.2
      vertex -19.6709 18.6971 5.2
      vertex -21.0435 20.6433 5.2
    endloop
  endfacet
  facet normal 0 0 1
    outer loop
      vertex -19.6709 18.6971 5.2
      vertex -21.2433 20.4435 5.2
      vertex -20.0817 18.3645 5.2
    endloop
  endfacet
  facet normal -0 0 1
    outer loop
      vertex -21.463 20.2657 5.2
      vertex -20.0817 18.3645 5.2
      vertex -21.2433 20.4435 5.2
    endloop
  endfacet
  facet normal 0 0 1
    outer loop
      vertex -20.0817 18.3645 5.2
      vertex -21.463 20.2657 5.2
      vertex -20.525 18.0766 5.2
    endloop
  endfacet
  facet normal -0 0 1
    outer loop
      vertex -21.7 20.1117 5.2
      vertex -20.525 18.0766 5.2
      vertex -21.463 20.2657 5.2
    endloop
  endfacet
  facet normal 0 0 1
    outer loop
      vertex -20.525 18.0766 5.2
      vertex -21.7 20.1117 5.2
      vertex -20.996 17.8366 5.2
    endloop
  endfacet
  facet normal -0 0 1
    outer loop
      vertex -21.9518 19.9834 5.2
      vertex -20.996 17.8366 5.2
      vertex -21.7 20.1117 5.2
    endloop
  endfacet
  facet normal 0 0 1
    outer loop
      vertex -20.996 17.8366 5.2
      vertex -21.9518 19.9834 5.2
      vertex -21.4895 17.6472 5.2
    endloop
  endfacet
  facet normal -0 0 1
    outer loop
      vertex -22.2157 19.8821 5.2
      vertex -21.4895 17.6472 5.2
      vertex -21.9518 19.9834 5.2
    endloop
  endfacet
  facet normal 0 0 1
    outer loop
      vertex -21.4895 17.6472 5.2
      vertex -22.2157 19.8821 5.2
      vertex -22 17.5104 5.2
    endloop
  endfacet
  facet normal -0 0 1
    outer loop
      vertex -22.4886 19.809 5.2
      vertex -22 17.5104 5.2
      vertex -22.2157 19.8821 5.2
    endloop
  endfacet
  facet normal 0 0 1
    outer loop
      vertex -22.4886 19.809 5.2
      vertex -22.5221 17.4277 5.2
      vertex -22 17.5104 5.2
    endloop
  endfacet
  facet normal -0 0 1
    outer loop
      vertex -22.7678 19.7648 5.2
      vertex -22.5221 17.4277 5.2
      vertex -22.4886 19.809 5.2
    endloop
  endfacet
  facet normal -0 0 1
    outer loop
      vertex -23.05 19.75 5.2
      vertex -22.5221 17.4277 5.2
      vertex -22.7678 19.7648 5.2
    endloop
  endfacet
  facet normal 0 0 1
    outer loop
      vertex -23.05 19.75 5.2
      vertex -23.05 17.4 5.2
      vertex -22.5221 17.4277 5.2
    endloop
  endfacet
  facet normal 0 0 1
    outer loop
      vertex -23.3322 19.7648 5.2
      vertex -23.05 17.4 5.2
      vertex -23.05 19.75 5.2
    endloop
  endfacet
  facet normal 0 0 1
    outer loop
      vertex -23.3322 19.7648 5.2
      vertex -23.5779 17.4277 5.2
      vertex -23.05 17.4 5.2
    endloop
  endfacet
  facet normal 0 0 1
    outer loop
      vertex -23.6114 19.809 5.2
      vertex -23.5779 17.4277 5.2
      vertex -23.3322 19.7648 5.2
    endloop
  endfacet
  facet normal 0 0 1
    outer loop
      vertex -24.1 17.5104 5.2
      vertex -23.6114 19.809 5.2
      vertex -23.8843 19.8821 5.2
    endloop
  endfacet
  facet normal 0 0 1
    outer loop
      vertex -23.6114 19.809 5.2
      vertex -24.1 17.5104 5.2
      vertex -23.5779 17.4277 5.2
    endloop
  endfacet
  facet normal 0 0 1
    outer loop
      vertex -24.6105 17.6472 5.2
      vertex -23.8843 19.8821 5.2
      vertex -24.1482 19.9834 5.2
    endloop
  endfacet
  facet normal 0 0 1
    outer loop
      vertex -25.104 17.8366 5.2
      vertex -24.1482 19.9834 5.2
      vertex -24.4 20.1117 5.2
    endloop
  endfacet
  facet normal 0 0 1
    outer loop
      vertex -23.8843 19.8821 5.2
      vertex -24.6105 17.6472 5.2
      vertex -24.1 17.5104 5.2
    endloop
  endfacet
  facet normal 0 0 1
    outer loop
      vertex -25.575 18.0766 5.2
      vertex -24.4 20.1117 5.2
      vertex -24.637 20.2657 5.2
    endloop
  endfacet
  facet normal 0 0 1
    outer loop
      vertex -26.0183 18.3645 5.2
      vertex -24.637 20.2657 5.2
      vertex -24.8567 20.4435 5.2
    endloop
  endfacet
  facet normal 0 0 1
    outer loop
      vertex -26.4291 18.6971 5.2
      vertex -24.8567 20.4435 5.2
      vertex -25.0565 20.6433 5.2
    endloop
  endfacet
  facet normal 0 0 1
    outer loop
      vertex -24.1482 19.9834 5.2
      vertex -25.104 17.8366 5.2
      vertex -24.6105 17.6472 5.2
    endloop
  endfacet
  facet normal 0 0 1
    outer loop
      vertex -26.8029 19.0709 5.2
      vertex -25.0565 20.6433 5.2
      vertex -25.2343 20.863 5.2
    endloop
  endfacet
  facet normal 0 0 1
    outer loop
      vertex -27.1355 19.4817 5.2
      vertex -25.2343 20.863 5.2
      vertex -25.3883 21.1 5.2
    endloop
  endfacet
  facet normal 0 0 1
    outer loop
      vertex -27.4234 19.925 5.2
      vertex -25.3883 21.1 5.2
      vertex -25.5166 21.3518 5.2
    endloop
  endfacet
  facet normal 0 0 1
    outer loop
      vertex -24.4 20.1117 5.2
      vertex -25.575 18.0766 5.2
      vertex -25.104 17.8366 5.2
    endloop
  endfacet
  facet normal 0 0 1
    outer loop
      vertex -27.6634 20.396 5.2
      vertex -25.5166 21.3518 5.2
      vertex -25.6179 21.6157 5.2
    endloop
  endfacet
  facet normal 0 0 1
    outer loop
      vertex -27.8528 20.8895 5.2
      vertex -25.6179 21.6157 5.2
      vertex -25.691 21.8886 5.2
    endloop
  endfacet
  facet normal 0 0 1
    outer loop
      vertex -27.9896 21.4 5.2
      vertex -25.691 21.8886 5.2
      vertex -25.7352 22.1678 5.2
    endloop
  endfacet
  facet normal 0 0 1
    outer loop
      vertex -28.0723 21.9221 5.2
      vertex -25.7352 22.1678 5.2
      vertex -25.75 22.45 5.2
    endloop
  endfacet
  facet normal -0 0 1
    outer loop
      vertex -27.6634 24.504 5.2
      vertex -25.5166 23.5482 5.2
      vertex -27.4234 24.975 5.2
    endloop
  endfacet
  facet normal 0 0 1
    outer loop
      vertex -24.637 20.2657 5.2
      vertex -26.0183 18.3645 5.2
      vertex -25.575 18.0766 5.2
    endloop
  endfacet
  facet normal 0 0 1
    outer loop
      vertex -25.5166 23.5482 5.2
      vertex -27.6634 24.504 5.2
      vertex -25.6179 23.2843 5.2
    endloop
  endfacet
  facet normal 0 0 1
    outer loop
      vertex -24.8567 20.4435 5.2
      vertex -26.4291 18.6971 5.2
      vertex -26.0183 18.3645 5.2
    endloop
  endfacet
  facet normal -0 0 1
    outer loop
      vertex -27.8528 24.0105 5.2
      vertex -25.6179 23.2843 5.2
      vertex -27.6634 24.504 5.2
    endloop
  endfacet
  facet normal 0 0 1
    outer loop
      vertex -25.0565 20.6433 5.2
      vertex -26.8029 19.0709 5.2
      vertex -26.4291 18.6971 5.2
    endloop
  endfacet
  facet normal 0 0 1
    outer loop
      vertex -25.6179 23.2843 5.2
      vertex -27.8528 24.0105 5.2
      vertex -25.691 23.0114 5.2
    endloop
  endfacet
  facet normal 0 0 1
    outer loop
      vertex -25.2343 20.863 5.2
      vertex -27.1355 19.4817 5.2
      vertex -26.8029 19.0709 5.2
    endloop
  endfacet
  facet normal -0 0 1
    outer loop
      vertex -27.9896 23.5 5.2
      vertex -25.691 23.0114 5.2
      vertex -27.8528 24.0105 5.2
    endloop
  endfacet
  facet normal 0 0 1
    outer loop
      vertex -25.3883 21.1 5.2
      vertex -27.4234 19.925 5.2
      vertex -27.1355 19.4817 5.2
    endloop
  endfacet
  facet normal 0 0 1
    outer loop
      vertex -25.691 23.0114 5.2
      vertex -27.9896 23.5 5.2
      vertex -25.7352 22.7322 5.2
    endloop
  endfacet
  facet normal 0 0 1
    outer loop
      vertex -25.5166 21.3518 5.2
      vertex -27.6634 20.396 5.2
      vertex -27.4234 19.925 5.2
    endloop
  endfacet
  facet normal -0 0 1
    outer loop
      vertex -28.0723 22.9779 5.2
      vertex -25.7352 22.7322 5.2
      vertex -27.9896 23.5 5.2
    endloop
  endfacet
  facet normal 0 0 1
    outer loop
      vertex -25.6179 21.6157 5.2
      vertex -27.8528 20.8895 5.2
      vertex -27.6634 20.396 5.2
    endloop
  endfacet
  facet normal 0 0 1
    outer loop
      vertex -25.7352 22.7322 5.2
      vertex -28.0723 22.9779 5.2
      vertex -25.75 22.45 5.2
    endloop
  endfacet
  facet normal 0 0 1
    outer loop
      vertex -25.691 21.8886 5.2
      vertex -27.9896 21.4 5.2
      vertex -27.8528 20.8895 5.2
    endloop
  endfacet
  facet normal 0 0 1
    outer loop
      vertex -28.1 22.45 5.2
      vertex -25.75 22.45 5.2
      vertex -28.0723 22.9779 5.2
    endloop
  endfacet
  facet normal 0 0 1
    outer loop
      vertex -25.7352 22.1678 5.2
      vertex -28.0723 21.9221 5.2
      vertex -27.9896 21.4 5.2
    endloop
  endfacet
  facet normal 0 0 1
    outer loop
      vertex -25.75 22.45 5.2
      vertex -28.1 22.45 5.2
      vertex -28.0723 21.9221 5.2
    endloop
  endfacet
  facet normal -0.358307 0.933604 0
    outer loop
      vertex -20.996 17.8366 5.2
      vertex -21.4895 17.6472 11
      vertex -20.996 17.8366 11
    endloop
  endfacet
  facet normal -0.358307 0.933604 0
    outer loop
      vertex -21.4895 17.6472 11
      vertex -20.996 17.8366 5.2
      vertex -21.4895 17.6472 5.2
    endloop
  endfacet
  facet normal -0.454011 -0.890996 0
    outer loop
      vertex -20.996 27.0634 5.2
      vertex -20.525 26.8234 11
      vertex -20.996 27.0634 11
    endloop
  endfacet
  facet normal -0.454011 -0.890996 -0
    outer loop
      vertex -20.525 26.8234 11
      vertex -20.996 27.0634 5.2
      vertex -20.525 26.8234 5.2
    endloop
  endfacet
  facet normal 0.933604 -0.358307 0
    outer loop
      vertex -27.8528 24.0105 11
      vertex -27.6634 24.504 5.2
      vertex -27.6634 24.504 11
    endloop
  endfacet
  facet normal 0.933604 -0.358307 0
    outer loop
      vertex -27.6634 24.504 5.2
      vertex -27.8528 24.0105 11
      vertex -27.8528 24.0105 5.2
    endloop
  endfacet
  facet normal -0.987686 0.156448 0
    outer loop
      vertex -18.1104 21.4 5.2
      vertex -18.0277 21.9221 11
      vertex -18.0277 21.9221 5.2
    endloop
  endfacet
  facet normal -0.987686 0.156448 0
    outer loop
      vertex -18.0277 21.9221 11
      vertex -18.1104 21.4 5.2
      vertex -18.1104 21.4 11
    endloop
  endfacet
  facet normal -0.998626 0.0524 0
    outer loop
      vertex -18.0277 21.9221 5.2
      vertex -18 22.45 11
      vertex -18 22.45 5.2
    endloop
  endfacet
  facet normal -0.998626 0.0524 0
    outer loop
      vertex -18 22.45 11
      vertex -18.0277 21.9221 5.2
      vertex -18.0277 21.9221 11
    endloop
  endfacet
  facet normal -0.629253 0.777201 0
    outer loop
      vertex -19.6709 18.6971 5.2
      vertex -20.0817 18.3645 11
      vertex -19.6709 18.6971 11
    endloop
  endfacet
  facet normal -0.629253 0.777201 0
    outer loop
      vertex -20.0817 18.3645 11
      vertex -19.6709 18.6971 5.2
      vertex -20.0817 18.3645 5.2
    endloop
  endfacet
  facet normal -0.777201 0.629253 0
    outer loop
      vertex -19.2971 19.0709 5.2
      vertex -18.9645 19.4817 11
      vertex -18.9645 19.4817 5.2
    endloop
  endfacet
  facet normal -0.777201 0.629253 0
    outer loop
      vertex -18.9645 19.4817 11
      vertex -19.2971 19.0709 5.2
      vertex -19.2971 19.0709 11
    endloop
  endfacet
  facet normal 0.777201 0.629253 0
    outer loop
      vertex -26.8029 19.0709 11
      vertex -27.1355 19.4817 5.2
      vertex -27.1355 19.4817 11
    endloop
  endfacet
  facet normal 0.777201 0.629253 0
    outer loop
      vertex -27.1355 19.4817 5.2
      vertex -26.8029 19.0709 11
      vertex -26.8029 19.0709 5.2
    endloop
  endfacet
  facet normal 0.96592 0.25884 0
    outer loop
      vertex -27.8528 20.8895 11
      vertex -27.9896 21.4 5.2
      vertex -27.9896 21.4 11
    endloop
  endfacet
  facet normal 0.96592 0.25884 0
    outer loop
      vertex -27.9896 21.4 5.2
      vertex -27.8528 20.8895 11
      vertex -27.8528 20.8895 5.2
    endloop
  endfacet
  facet normal -0.25884 0.96592 0
    outer loop
      vertex -21.4895 17.6472 5.2
      vertex -22 17.5104 11
      vertex -21.4895 17.6472 11
    endloop
  endfacet
  facet normal -0.25884 0.96592 0
    outer loop
      vertex -22 17.5104 11
      vertex -21.4895 17.6472 5.2
      vertex -22 17.5104 5.2
    endloop
  endfacet
  facet normal -0.933604 0.358307 0
    outer loop
      vertex -18.4366 20.396 5.2
      vertex -18.2472 20.8895 11
      vertex -18.2472 20.8895 5.2
    endloop
  endfacet
  facet normal -0.933604 0.358307 0
    outer loop
      vertex -18.2472 20.8895 11
      vertex -18.4366 20.396 5.2
      vertex -18.4366 20.396 11
    endloop
  endfacet
  facet normal -0.890996 0.454011 0
    outer loop
      vertex -18.6766 19.925 5.2
      vertex -18.4366 20.396 11
      vertex -18.4366 20.396 5.2
    endloop
  endfacet
  facet normal -0.890996 0.454011 0
    outer loop
      vertex -18.4366 20.396 11
      vertex -18.6766 19.925 5.2
      vertex -18.6766 19.925 11
    endloop
  endfacet
  facet normal -0.454011 0.890996 0
    outer loop
      vertex -20.525 18.0766 5.2
      vertex -20.996 17.8366 11
      vertex -20.525 18.0766 11
    endloop
  endfacet
  facet normal -0.454011 0.890996 0
    outer loop
      vertex -20.996 17.8366 11
      vertex -20.525 18.0766 5.2
      vertex -20.996 17.8366 5.2
    endloop
  endfacet
  facet normal -0.544662 0.838655 0
    outer loop
      vertex -20.0817 18.3645 5.2
      vertex -20.525 18.0766 11
      vertex -20.0817 18.3645 11
    endloop
  endfacet
  facet normal -0.544662 0.838655 0
    outer loop
      vertex -20.525 18.0766 11
      vertex -20.0817 18.3645 5.2
      vertex -20.525 18.0766 5.2
    endloop
  endfacet
  facet normal -0.838655 0.544662 0
    outer loop
      vertex -18.9645 19.4817 5.2
      vertex -18.6766 19.925 11
      vertex -18.6766 19.925 5.2
    endloop
  endfacet
  facet normal -0.838655 0.544662 0
    outer loop
      vertex -18.6766 19.925 11
      vertex -18.9645 19.4817 5.2
      vertex -18.9645 19.4817 11
    endloop
  endfacet
  facet normal 0.0524 0.998626 -0
    outer loop
      vertex -23.05 17.4 5.2
      vertex -23.5779 17.4277 11
      vertex -23.05 17.4 11
    endloop
  endfacet
  facet normal 0.0524 0.998626 0
    outer loop
      vertex -23.5779 17.4277 11
      vertex -23.05 17.4 5.2
      vertex -23.5779 17.4277 5.2
    endloop
  endfacet
  facet normal 0.707107 0.707107 0
    outer loop
      vertex -26.4291 18.6971 11
      vertex -26.8029 19.0709 5.2
      vertex -26.8029 19.0709 11
    endloop
  endfacet
  facet normal 0.707107 0.707107 0
    outer loop
      vertex -26.8029 19.0709 5.2
      vertex -26.4291 18.6971 11
      vertex -26.4291 18.6971 5.2
    endloop
  endfacet
  facet normal 0.890996 0.454011 0
    outer loop
      vertex -27.4234 19.925 11
      vertex -27.6634 20.396 5.2
      vertex -27.6634 20.396 11
    endloop
  endfacet
  facet normal 0.890996 0.454011 0
    outer loop
      vertex -27.6634 20.396 5.2
      vertex -27.4234 19.925 11
      vertex -27.4234 19.925 5.2
    endloop
  endfacet
  facet normal 0.933604 0.358307 0
    outer loop
      vertex -27.6634 20.396 11
      vertex -27.8528 20.8895 5.2
      vertex -27.8528 20.8895 11
    endloop
  endfacet
  facet normal 0.933604 0.358307 0
    outer loop
      vertex -27.8528 20.8895 5.2
      vertex -27.6634 20.396 11
      vertex -27.6634 20.396 5.2
    endloop
  endfacet
  facet normal 0.987686 0.156448 0
    outer loop
      vertex -27.9896 21.4 11
      vertex -28.0723 21.9221 5.2
      vertex -28.0723 21.9221 11
    endloop
  endfacet
  facet normal 0.987686 0.156448 0
    outer loop
      vertex -28.0723 21.9221 5.2
      vertex -27.9896 21.4 11
      vertex -27.9896 21.4 5.2
    endloop
  endfacet
  facet normal 0.998626 0.0524 0
    outer loop
      vertex -28.0723 21.9221 11
      vertex -28.1 22.45 5.2
      vertex -28.1 22.45 11
    endloop
  endfacet
  facet normal 0.998626 0.0524 0
    outer loop
      vertex -28.1 22.45 5.2
      vertex -28.0723 21.9221 11
      vertex -28.0723 21.9221 5.2
    endloop
  endfacet
  facet normal 0.629253 0.777201 -0
    outer loop
      vertex -26.0183 18.3645 5.2
      vertex -26.4291 18.6971 11
      vertex -26.0183 18.3645 11
    endloop
  endfacet
  facet normal 0.629253 0.777201 0
    outer loop
      vertex -26.4291 18.6971 11
      vertex -26.0183 18.3645 5.2
      vertex -26.4291 18.6971 5.2
    endloop
  endfacet
  facet normal 0.544662 0.838655 -0
    outer loop
      vertex -25.575 18.0766 5.2
      vertex -26.0183 18.3645 11
      vertex -25.575 18.0766 11
    endloop
  endfacet
  facet normal 0.544662 0.838655 0
    outer loop
      vertex -26.0183 18.3645 11
      vertex -25.575 18.0766 5.2
      vertex -26.0183 18.3645 5.2
    endloop
  endfacet
  facet normal 0.358307 0.933604 -0
    outer loop
      vertex -24.6105 17.6472 5.2
      vertex -25.104 17.8366 11
      vertex -24.6105 17.6472 11
    endloop
  endfacet
  facet normal 0.358307 0.933604 0
    outer loop
      vertex -25.104 17.8366 11
      vertex -24.6105 17.6472 5.2
      vertex -25.104 17.8366 5.2
    endloop
  endfacet
  facet normal 0.454011 0.890996 -0
    outer loop
      vertex -25.104 17.8366 5.2
      vertex -25.575 18.0766 11
      vertex -25.104 17.8366 11
    endloop
  endfacet
  facet normal 0.454011 0.890996 0
    outer loop
      vertex -25.575 18.0766 11
      vertex -25.104 17.8366 5.2
      vertex -25.575 18.0766 5.2
    endloop
  endfacet
  facet normal 0.25884 0.96592 -0
    outer loop
      vertex -24.1 17.5104 5.2
      vertex -24.6105 17.6472 11
      vertex -24.1 17.5104 11
    endloop
  endfacet
  facet normal 0.25884 0.96592 0
    outer loop
      vertex -24.6105 17.6472 11
      vertex -24.1 17.5104 5.2
      vertex -24.6105 17.6472 5.2
    endloop
  endfacet
  facet normal 0.156448 0.987686 -0
    outer loop
      vertex -23.5779 17.4277 5.2
      vertex -24.1 17.5104 11
      vertex -23.5779 17.4277 11
    endloop
  endfacet
  facet normal 0.156448 0.987686 0
    outer loop
      vertex -24.1 17.5104 11
      vertex -23.5779 17.4277 5.2
      vertex -24.1 17.5104 5.2
    endloop
  endfacet
  facet normal 0.838655 0.544662 0
    outer loop
      vertex -27.1355 19.4817 11
      vertex -27.4234 19.925 5.2
      vertex -27.4234 19.925 11
    endloop
  endfacet
  facet normal 0.838655 0.544662 0
    outer loop
      vertex -27.4234 19.925 5.2
      vertex -27.1355 19.4817 11
      vertex -27.1355 19.4817 5.2
    endloop
  endfacet
  facet normal -0.998628 -0.0523731 0
    outer loop
      vertex -20.35 22.45 0
      vertex -20.3648 22.7322 5.2
      vertex -20.3648 22.7322 0
    endloop
  endfacet
  facet normal -0.998628 -0.0523731 0
    outer loop
      vertex -20.3648 22.7322 5.2
      vertex -20.35 22.45 0
      vertex -20.35 22.45 5.2
    endloop
  endfacet
  facet normal 0.998628 -0.0523731 0
    outer loop
      vertex -25.75 22.45 5.2
      vertex -25.7352 22.7322 0
      vertex -25.7352 22.7322 5.2
    endloop
  endfacet
  facet normal 0.998628 -0.0523731 0
    outer loop
      vertex -25.7352 22.7322 0
      vertex -25.75 22.45 5.2
      vertex -25.75 22.45 0
    endloop
  endfacet
  facet normal -0.0523731 -0.998628 0
    outer loop
      vertex -23.05 25.15 0
      vertex -22.7678 25.1352 5.2
      vertex -23.05 25.15 5.2
    endloop
  endfacet
  facet normal -0.0523731 -0.998628 -0
    outer loop
      vertex -22.7678 25.1352 5.2
      vertex -23.05 25.15 0
      vertex -22.7678 25.1352 0
    endloop
  endfacet
  facet normal -0.707107 -0.707107 0
    outer loop
      vertex -21.0435 24.2567 0
      vertex -21.2433 24.4565 5.2
      vertex -21.2433 24.4565 0
    endloop
  endfacet
  facet normal -0.707107 -0.707107 0
    outer loop
      vertex -21.2433 24.4565 5.2
      vertex -21.0435 24.2567 0
      vertex -21.0435 24.2567 5.2
    endloop
  endfacet
  facet normal 0.629086 -0.777335 0
    outer loop
      vertex -24.8567 24.4565 0
      vertex -24.637 24.6343 5.2
      vertex -24.8567 24.4565 5.2
    endloop
  endfacet
  facet normal 0.629086 -0.777335 0
    outer loop
      vertex -24.637 24.6343 5.2
      vertex -24.8567 24.4565 0
      vertex -24.637 24.6343 0
    endloop
  endfacet
  facet normal 0.258742 -0.965946 0
    outer loop
      vertex -23.8843 25.0179 0
      vertex -23.6114 25.091 5.2
      vertex -23.8843 25.0179 5.2
    endloop
  endfacet
  facet normal 0.258742 -0.965946 0
    outer loop
      vertex -23.6114 25.091 5.2
      vertex -23.8843 25.0179 0
      vertex -23.6114 25.091 0
    endloop
  endfacet
  facet normal -0.891004 -0.453995 0
    outer loop
      vertex -20.5834 23.5482 0
      vertex -20.7117 23.8 5.2
      vertex -20.7117 23.8 0
    endloop
  endfacet
  facet normal -0.891004 -0.453995 0
    outer loop
      vertex -20.7117 23.8 5.2
      vertex -20.5834 23.5482 0
      vertex -20.5834 23.5482 5.2
    endloop
  endfacet
  facet normal -0.358363 -0.933582 0
    outer loop
      vertex -22.2157 25.0179 0
      vertex -21.9518 24.9166 5.2
      vertex -22.2157 25.0179 5.2
    endloop
  endfacet
  facet normal -0.358363 -0.933582 -0
    outer loop
      vertex -21.9518 24.9166 5.2
      vertex -22.2157 25.0179 0
      vertex -21.9518 24.9166 0
    endloop
  endfacet
  facet normal -0.258742 -0.965946 0
    outer loop
      vertex -22.4886 25.091 0
      vertex -22.2157 25.0179 5.2
      vertex -22.4886 25.091 5.2
    endloop
  endfacet
  facet normal -0.258742 -0.965946 -0
    outer loop
      vertex -22.2157 25.0179 5.2
      vertex -22.4886 25.091 0
      vertex -22.2157 25.0179 0
    endloop
  endfacet
  facet normal -0.544864 -0.838524 0
    outer loop
      vertex -21.7 24.7883 0
      vertex -21.463 24.6343 5.2
      vertex -21.7 24.7883 5.2
    endloop
  endfacet
  facet normal -0.544864 -0.838524 -0
    outer loop
      vertex -21.463 24.6343 5.2
      vertex -21.7 24.7883 0
      vertex -21.463 24.6343 0
    endloop
  endfacet
  facet normal 0.891004 -0.453995 0
    outer loop
      vertex -25.5166 23.5482 5.2
      vertex -25.3883 23.8 0
      vertex -25.3883 23.8 5.2
    endloop
  endfacet
  facet normal 0.891004 -0.453995 0
    outer loop
      vertex -25.3883 23.8 0
      vertex -25.5166 23.5482 5.2
      vertex -25.5166 23.5482 0
    endloop
  endfacet
  facet normal 0.156362 -0.9877 0
    outer loop
      vertex -23.6114 25.091 0
      vertex -23.3322 25.1352 5.2
      vertex -23.6114 25.091 5.2
    endloop
  endfacet
  facet normal 0.156362 -0.9877 0
    outer loop
      vertex -23.3322 25.1352 5.2
      vertex -23.6114 25.091 0
      vertex -23.3322 25.1352 0
    endloop
  endfacet
  facet normal -0.965946 -0.258742 0
    outer loop
      vertex -20.409 23.0114 0
      vertex -20.4821 23.2843 5.2
      vertex -20.4821 23.2843 0
    endloop
  endfacet
  facet normal -0.965946 -0.258742 0
    outer loop
      vertex -20.4821 23.2843 5.2
      vertex -20.409 23.0114 0
      vertex -20.409 23.0114 5.2
    endloop
  endfacet
  facet normal -0.9877 -0.156362 0
    outer loop
      vertex -20.3648 22.7322 0
      vertex -20.409 23.0114 5.2
      vertex -20.409 23.0114 0
    endloop
  endfacet
  facet normal -0.9877 -0.156362 0
    outer loop
      vertex -20.409 23.0114 5.2
      vertex -20.3648 22.7322 0
      vertex -20.3648 22.7322 5.2
    endloop
  endfacet
  facet normal -0.933582 -0.358363 0
    outer loop
      vertex -20.4821 23.2843 0
      vertex -20.5834 23.5482 5.2
      vertex -20.5834 23.5482 0
    endloop
  endfacet
  facet normal -0.933582 -0.358363 0
    outer loop
      vertex -20.5834 23.5482 5.2
      vertex -20.4821 23.2843 0
      vertex -20.4821 23.2843 5.2
    endloop
  endfacet
  facet normal -0.777335 -0.629086 0
    outer loop
      vertex -20.8657 24.037 0
      vertex -21.0435 24.2567 5.2
      vertex -21.0435 24.2567 0
    endloop
  endfacet
  facet normal -0.777335 -0.629086 0
    outer loop
      vertex -21.0435 24.2567 5.2
      vertex -20.8657 24.037 0
      vertex -20.8657 24.037 5.2
    endloop
  endfacet
  facet normal -0.838524 -0.544864 0
    outer loop
      vertex -20.7117 23.8 0
      vertex -20.8657 24.037 5.2
      vertex -20.8657 24.037 0
    endloop
  endfacet
  facet normal -0.838524 -0.544864 0
    outer loop
      vertex -20.8657 24.037 5.2
      vertex -20.7117 23.8 0
      vertex -20.7117 23.8 5.2
    endloop
  endfacet
  facet normal -0.156362 -0.9877 0
    outer loop
      vertex -22.7678 25.1352 0
      vertex -22.4886 25.091 5.2
      vertex -22.7678 25.1352 5.2
    endloop
  endfacet
  facet normal -0.156362 -0.9877 -0
    outer loop
      vertex -22.4886 25.091 5.2
      vertex -22.7678 25.1352 0
      vertex -22.4886 25.091 0
    endloop
  endfacet
  facet normal -0.453995 -0.891004 0
    outer loop
      vertex -21.9518 24.9166 0
      vertex -21.7 24.7883 5.2
      vertex -21.9518 24.9166 5.2
    endloop
  endfacet
  facet normal -0.453995 -0.891004 -0
    outer loop
      vertex -21.7 24.7883 5.2
      vertex -21.9518 24.9166 0
      vertex -21.7 24.7883 0
    endloop
  endfacet
  facet normal -0.629086 -0.777335 0
    outer loop
      vertex -21.463 24.6343 0
      vertex -21.2433 24.4565 5.2
      vertex -21.463 24.6343 5.2
    endloop
  endfacet
  facet normal -0.629086 -0.777335 -0
    outer loop
      vertex -21.2433 24.4565 5.2
      vertex -21.463 24.6343 0
      vertex -21.2433 24.4565 0
    endloop
  endfacet
  facet normal 0.965946 -0.258742 0
    outer loop
      vertex -25.691 23.0114 5.2
      vertex -25.6179 23.2843 0
      vertex -25.6179 23.2843 5.2
    endloop
  endfacet
  facet normal 0.965946 -0.258742 0
    outer loop
      vertex -25.6179 23.2843 0
      vertex -25.691 23.0114 5.2
      vertex -25.691 23.0114 0
    endloop
  endfacet
  facet normal 0.777335 -0.629086 0
    outer loop
      vertex -25.2343 24.037 5.2
      vertex -25.0565 24.2567 0
      vertex -25.0565 24.2567 5.2
    endloop
  endfacet
  facet normal 0.777335 -0.629086 0
    outer loop
      vertex -25.0565 24.2567 0
      vertex -25.2343 24.037 5.2
      vertex -25.2343 24.037 0
    endloop
  endfacet
  facet normal 0.707107 -0.707107 0
    outer loop
      vertex -25.0565 24.2567 5.2
      vertex -24.8567 24.4565 0
      vertex -24.8567 24.4565 5.2
    endloop
  endfacet
  facet normal 0.707107 -0.707107 0
    outer loop
      vertex -24.8567 24.4565 0
      vertex -25.0565 24.2567 5.2
      vertex -25.0565 24.2567 0
    endloop
  endfacet
  facet normal 0.838524 -0.544864 0
    outer loop
      vertex -25.3883 23.8 5.2
      vertex -25.2343 24.037 0
      vertex -25.2343 24.037 5.2
    endloop
  endfacet
  facet normal 0.838524 -0.544864 0
    outer loop
      vertex -25.2343 24.037 0
      vertex -25.3883 23.8 5.2
      vertex -25.3883 23.8 0
    endloop
  endfacet
  facet normal 0.933582 -0.358363 0
    outer loop
      vertex -25.6179 23.2843 5.2
      vertex -25.5166 23.5482 0
      vertex -25.5166 23.5482 5.2
    endloop
  endfacet
  facet normal 0.933582 -0.358363 0
    outer loop
      vertex -25.5166 23.5482 0
      vertex -25.6179 23.2843 5.2
      vertex -25.6179 23.2843 0
    endloop
  endfacet
  facet normal 0.9877 -0.156362 0
    outer loop
      vertex -25.7352 22.7322 5.2
      vertex -25.691 23.0114 0
      vertex -25.691 23.0114 5.2
    endloop
  endfacet
  facet normal 0.9877 -0.156362 0
    outer loop
      vertex -25.691 23.0114 0
      vertex -25.7352 22.7322 5.2
      vertex -25.7352 22.7322 0
    endloop
  endfacet
  facet normal 0.453995 -0.891004 0
    outer loop
      vertex -24.4 24.7883 0
      vertex -24.1482 24.9166 5.2
      vertex -24.4 24.7883 5.2
    endloop
  endfacet
  facet normal 0.453995 -0.891004 0
    outer loop
      vertex -24.1482 24.9166 5.2
      vertex -24.4 24.7883 0
      vertex -24.1482 24.9166 0
    endloop
  endfacet
  facet normal 0.358363 -0.933582 0
    outer loop
      vertex -24.1482 24.9166 0
      vertex -23.8843 25.0179 5.2
      vertex -24.1482 24.9166 5.2
    endloop
  endfacet
  facet normal 0.358363 -0.933582 0
    outer loop
      vertex -23.8843 25.0179 5.2
      vertex -24.1482 24.9166 0
      vertex -23.8843 25.0179 0
    endloop
  endfacet
  facet normal 0.544864 -0.838524 0
    outer loop
      vertex -24.637 24.6343 0
      vertex -24.4 24.7883 5.2
      vertex -24.637 24.6343 5.2
    endloop
  endfacet
  facet normal 0.544864 -0.838524 0
    outer loop
      vertex -24.4 24.7883 5.2
      vertex -24.637 24.6343 0
      vertex -24.4 24.7883 0
    endloop
  endfacet
  facet normal 0.0523731 -0.998628 0
    outer loop
      vertex -23.3322 25.1352 0
      vertex -23.05 25.15 5.2
      vertex -23.3322 25.1352 5.2
    endloop
  endfacet
  facet normal 0.0523731 -0.998628 0
    outer loop
      vertex -23.05 25.15 5.2
      vertex -23.3322 25.1352 0
      vertex -23.05 25.15 0
    endloop
  endfacet
  facet normal -0.998628 0.0523731 0
    outer loop
      vertex -20.3648 22.1678 0
      vertex -20.35 22.45 5.2
      vertex -20.35 22.45 0
    endloop
  endfacet
  facet normal -0.998628 0.0523731 0
    outer loop
      vertex -20.35 22.45 5.2
      vertex -20.3648 22.1678 0
      vertex -20.3648 22.1678 5.2
    endloop
  endfacet
  facet normal -0.0523731 0.998628 0
    outer loop
      vertex -22.7678 19.7648 0
      vertex -23.05 19.75 5.2
      vertex -22.7678 19.7648 5.2
    endloop
  endfacet
  facet normal -0.0523731 0.998628 0
    outer loop
      vertex -23.05 19.75 5.2
      vertex -22.7678 19.7648 0
      vertex -23.05 19.75 0
    endloop
  endfacet
  facet normal -0.258742 0.965946 0
    outer loop
      vertex -22.2157 19.8821 0
      vertex -22.4886 19.809 5.2
      vertex -22.2157 19.8821 5.2
    endloop
  endfacet
  facet normal -0.258742 0.965946 0
    outer loop
      vertex -22.4886 19.809 5.2
      vertex -22.2157 19.8821 0
      vertex -22.4886 19.809 0
    endloop
  endfacet
  facet normal -0.629086 0.777335 0
    outer loop
      vertex -21.2433 20.4435 0
      vertex -21.463 20.2657 5.2
      vertex -21.2433 20.4435 5.2
    endloop
  endfacet
  facet normal -0.629086 0.777335 0
    outer loop
      vertex -21.463 20.2657 5.2
      vertex -21.2433 20.4435 0
      vertex -21.463 20.2657 0
    endloop
  endfacet
  facet normal -0.453995 0.891004 0
    outer loop
      vertex -21.7 20.1117 0
      vertex -21.9518 19.9834 5.2
      vertex -21.7 20.1117 5.2
    endloop
  endfacet
  facet normal -0.453995 0.891004 0
    outer loop
      vertex -21.9518 19.9834 5.2
      vertex -21.7 20.1117 0
      vertex -21.9518 19.9834 0
    endloop
  endfacet
  facet normal -0.777335 0.629086 0
    outer loop
      vertex -21.0435 20.6433 0
      vertex -20.8657 20.863 5.2
      vertex -20.8657 20.863 0
    endloop
  endfacet
  facet normal -0.777335 0.629086 0
    outer loop
      vertex -20.8657 20.863 5.2
      vertex -21.0435 20.6433 0
      vertex -21.0435 20.6433 5.2
    endloop
  endfacet
  facet normal -0.891004 0.453995 0
    outer loop
      vertex -20.7117 21.1 0
      vertex -20.5834 21.3518 5.2
      vertex -20.5834 21.3518 0
    endloop
  endfacet
  facet normal -0.891004 0.453995 0
    outer loop
      vertex -20.5834 21.3518 5.2
      vertex -20.7117 21.1 0
      vertex -20.7117 21.1 5.2
    endloop
  endfacet
  facet normal 0.707107 0.707107 0
    outer loop
      vertex -24.8567 20.4435 5.2
      vertex -25.0565 20.6433 0
      vertex -25.0565 20.6433 5.2
    endloop
  endfacet
  facet normal 0.707107 0.707107 0
    outer loop
      vertex -25.0565 20.6433 0
      vertex -24.8567 20.4435 5.2
      vertex -24.8567 20.4435 0
    endloop
  endfacet
  facet normal 0.544864 0.838524 -0
    outer loop
      vertex -24.4 20.1117 0
      vertex -24.637 20.2657 5.2
      vertex -24.4 20.1117 5.2
    endloop
  endfacet
  facet normal 0.544864 0.838524 0
    outer loop
      vertex -24.637 20.2657 5.2
      vertex -24.4 20.1117 0
      vertex -24.637 20.2657 0
    endloop
  endfacet
  facet normal 0.358363 0.933582 -0
    outer loop
      vertex -23.8843 19.8821 0
      vertex -24.1482 19.9834 5.2
      vertex -23.8843 19.8821 5.2
    endloop
  endfacet
  facet normal 0.358363 0.933582 0
    outer loop
      vertex -24.1482 19.9834 5.2
      vertex -23.8843 19.8821 0
      vertex -24.1482 19.9834 0
    endloop
  endfacet
  facet normal 0.156362 0.9877 -0
    outer loop
      vertex -23.3322 19.7648 0
      vertex -23.6114 19.809 5.2
      vertex -23.3322 19.7648 5.2
    endloop
  endfacet
  facet normal 0.156362 0.9877 0
    outer loop
      vertex -23.6114 19.809 5.2
      vertex -23.3322 19.7648 0
      vertex -23.6114 19.809 0
    endloop
  endfacet
  facet normal 0.933582 0.358363 0
    outer loop
      vertex -25.5166 21.3518 5.2
      vertex -25.6179 21.6157 0
      vertex -25.6179 21.6157 5.2
    endloop
  endfacet
  facet normal 0.933582 0.358363 0
    outer loop
      vertex -25.6179 21.6157 0
      vertex -25.5166 21.3518 5.2
      vertex -25.5166 21.3518 0
    endloop
  endfacet
  facet normal 0.838524 0.544864 0
    outer loop
      vertex -25.2343 20.863 5.2
      vertex -25.3883 21.1 0
      vertex -25.3883 21.1 5.2
    endloop
  endfacet
  facet normal 0.838524 0.544864 0
    outer loop
      vertex -25.3883 21.1 0
      vertex -25.2343 20.863 5.2
      vertex -25.2343 20.863 0
    endloop
  endfacet
  facet normal 0.965946 0.258742 0
    outer loop
      vertex -25.6179 21.6157 5.2
      vertex -25.691 21.8886 0
      vertex -25.691 21.8886 5.2
    endloop
  endfacet
  facet normal 0.965946 0.258742 0
    outer loop
      vertex -25.691 21.8886 0
      vertex -25.6179 21.6157 5.2
      vertex -25.6179 21.6157 0
    endloop
  endfacet
  facet normal 0.998628 0.0523731 0
    outer loop
      vertex -25.7352 22.1678 5.2
      vertex -25.75 22.45 0
      vertex -25.75 22.45 5.2
    endloop
  endfacet
  facet normal 0.998628 0.0523731 0
    outer loop
      vertex -25.75 22.45 0
      vertex -25.7352 22.1678 5.2
      vertex -25.7352 22.1678 0
    endloop
  endfacet
  facet normal -0.156362 0.9877 0
    outer loop
      vertex -22.4886 19.809 0
      vertex -22.7678 19.7648 5.2
      vertex -22.4886 19.809 5.2
    endloop
  endfacet
  facet normal -0.156362 0.9877 0
    outer loop
      vertex -22.7678 19.7648 5.2
      vertex -22.4886 19.809 0
      vertex -22.7678 19.7648 0
    endloop
  endfacet
  facet normal -0.358363 0.933582 0
    outer loop
      vertex -21.9518 19.9834 0
      vertex -22.2157 19.8821 5.2
      vertex -21.9518 19.9834 5.2
    endloop
  endfacet
  facet normal -0.358363 0.933582 0
    outer loop
      vertex -22.2157 19.8821 5.2
      vertex -21.9518 19.9834 0
      vertex -22.2157 19.8821 0
    endloop
  endfacet
  facet normal -0.707107 0.707107 0
    outer loop
      vertex -21.2433 20.4435 0
      vertex -21.0435 20.6433 5.2
      vertex -21.0435 20.6433 0
    endloop
  endfacet
  facet normal -0.707107 0.707107 0
    outer loop
      vertex -21.0435 20.6433 5.2
      vertex -21.2433 20.4435 0
      vertex -21.2433 20.4435 5.2
    endloop
  endfacet
  facet normal -0.544864 0.838524 0
    outer loop
      vertex -21.463 20.2657 0
      vertex -21.7 20.1117 5.2
      vertex -21.463 20.2657 5.2
    endloop
  endfacet
  facet normal -0.544864 0.838524 0
    outer loop
      vertex -21.7 20.1117 5.2
      vertex -21.463 20.2657 0
      vertex -21.7 20.1117 0
    endloop
  endfacet
  facet normal -0.838524 0.544864 0
    outer loop
      vertex -20.8657 20.863 0
      vertex -20.7117 21.1 5.2
      vertex -20.7117 21.1 0
    endloop
  endfacet
  facet normal -0.838524 0.544864 0
    outer loop
      vertex -20.7117 21.1 5.2
      vertex -20.8657 20.863 0
      vertex -20.8657 20.863 5.2
    endloop
  endfacet
  facet normal -0.933582 0.358363 0
    outer loop
      vertex -20.5834 21.3518 0
      vertex -20.4821 21.6157 5.2
      vertex -20.4821 21.6157 0
    endloop
  endfacet
  facet normal -0.933582 0.358363 0
    outer loop
      vertex -20.4821 21.6157 5.2
      vertex -20.5834 21.3518 0
      vertex -20.5834 21.3518 5.2
    endloop
  endfacet
  facet normal -0.9877 0.156362 0
    outer loop
      vertex -20.409 21.8886 0
      vertex -20.3648 22.1678 5.2
      vertex -20.3648 22.1678 0
    endloop
  endfacet
  facet normal -0.9877 0.156362 0
    outer loop
      vertex -20.3648 22.1678 5.2
      vertex -20.409 21.8886 0
      vertex -20.409 21.8886 5.2
    endloop
  endfacet
  facet normal -0.965946 0.258742 0
    outer loop
      vertex -20.4821 21.6157 0
      vertex -20.409 21.8886 5.2
      vertex -20.409 21.8886 0
    endloop
  endfacet
  facet normal -0.965946 0.258742 0
    outer loop
      vertex -20.409 21.8886 5.2
      vertex -20.4821 21.6157 0
      vertex -20.4821 21.6157 5.2
    endloop
  endfacet
  facet normal 0.629086 0.777335 -0
    outer loop
      vertex -24.637 20.2657 0
      vertex -24.8567 20.4435 5.2
      vertex -24.637 20.2657 5.2
    endloop
  endfacet
  facet normal 0.629086 0.777335 0
    outer loop
      vertex -24.8567 20.4435 5.2
      vertex -24.637 20.2657 0
      vertex -24.8567 20.4435 0
    endloop
  endfacet
  facet normal 0.453995 0.891004 -0
    outer loop
      vertex -24.1482 19.9834 0
      vertex -24.4 20.1117 5.2
      vertex -24.1482 19.9834 5.2
    endloop
  endfacet
  facet normal 0.453995 0.891004 0
    outer loop
      vertex -24.4 20.1117 5.2
      vertex -24.1482 19.9834 0
      vertex -24.4 20.1117 0
    endloop
  endfacet
  facet normal 0.258742 0.965946 -0
    outer loop
      vertex -23.6114 19.809 0
      vertex -23.8843 19.8821 5.2
      vertex -23.6114 19.809 5.2
    endloop
  endfacet
  facet normal 0.258742 0.965946 0
    outer loop
      vertex -23.8843 19.8821 5.2
      vertex -23.6114 19.809 0
      vertex -23.8843 19.8821 0
    endloop
  endfacet
  facet normal 0.0523731 0.998628 -0
    outer loop
      vertex -23.05 19.75 0
      vertex -23.3322 19.7648 5.2
      vertex -23.05 19.75 5.2
    endloop
  endfacet
  facet normal 0.0523731 0.998628 0
    outer loop
      vertex -23.3322 19.7648 5.2
      vertex -23.05 19.75 0
      vertex -23.3322 19.7648 0
    endloop
  endfacet
  facet normal 0.891004 0.453995 0
    outer loop
      vertex -25.3883 21.1 5.2
      vertex -25.5166 21.3518 0
      vertex -25.5166 21.3518 5.2
    endloop
  endfacet
  facet normal 0.891004 0.453995 0
    outer loop
      vertex -25.5166 21.3518 0
      vertex -25.3883 21.1 5.2
      vertex -25.3883 21.1 0
    endloop
  endfacet
  facet normal 0.777335 0.629086 0
    outer loop
      vertex -25.0565 20.6433 5.2
      vertex -25.2343 20.863 0
      vertex -25.2343 20.863 5.2
    endloop
  endfacet
  facet normal 0.777335 0.629086 0
    outer loop
      vertex -25.2343 20.863 0
      vertex -25.0565 20.6433 5.2
      vertex -25.0565 20.6433 0
    endloop
  endfacet
  facet normal 0.9877 0.156362 0
    outer loop
      vertex -25.691 21.8886 5.2
      vertex -25.7352 22.1678 0
      vertex -25.7352 22.1678 5.2
    endloop
  endfacet
  facet normal 0.9877 0.156362 0
    outer loop
      vertex -25.7352 22.1678 0
      vertex -25.691 21.8886 5.2
      vertex -25.691 21.8886 0
    endloop
  endfacet
  facet normal -0.998626 -0.0524 0
    outer loop
      vertex 28.1 -22.45 5.2
      vertex 28.0723 -21.9221 11
      vertex 28.0723 -21.9221 5.2
    endloop
  endfacet
  facet normal -0.998626 -0.0524 0
    outer loop
      vertex 28.0723 -21.9221 11
      vertex 28.1 -22.45 5.2
      vertex 28.1 -22.45 11
    endloop
  endfacet
  facet normal 0.998626 -0.0524 0
    outer loop
      vertex 18 -22.45 11
      vertex 18.0277 -21.9221 5.2
      vertex 18.0277 -21.9221 11
    endloop
  endfacet
  facet normal 0.998626 -0.0524 0
    outer loop
      vertex 18.0277 -21.9221 5.2
      vertex 18 -22.45 11
      vertex 18 -22.45 5.2
    endloop
  endfacet
  facet normal 0.0524 -0.998626 0
    outer loop
      vertex 22.5221 -17.4277 5.2
      vertex 23.05 -17.4 11
      vertex 22.5221 -17.4277 11
    endloop
  endfacet
  facet normal 0.0524 -0.998626 0
    outer loop
      vertex 23.05 -17.4 11
      vertex 22.5221 -17.4277 5.2
      vertex 23.05 -17.4 5.2
    endloop
  endfacet
  facet normal -0.0524 0.998626 0
    outer loop
      vertex 23.5779 -27.4723 5.2
      vertex 23.05 -27.5 11
      vertex 23.5779 -27.4723 11
    endloop
  endfacet
  facet normal -0.0524 0.998626 0
    outer loop
      vertex 23.05 -27.5 11
      vertex 23.5779 -27.4723 5.2
      vertex 23.05 -27.5 5.2
    endloop
  endfacet
  facet normal -0.707107 -0.707107 0
    outer loop
      vertex 26.8029 -19.0709 5.2
      vertex 26.4291 -18.6971 11
      vertex 26.4291 -18.6971 5.2
    endloop
  endfacet
  facet normal -0.707107 -0.707107 0
    outer loop
      vertex 26.4291 -18.6971 11
      vertex 26.8029 -19.0709 5.2
      vertex 26.8029 -19.0709 11
    endloop
  endfacet
  facet normal 0.707107 -0.707107 0
    outer loop
      vertex 19.2971 -19.0709 11
      vertex 19.6709 -18.6971 5.2
      vertex 19.6709 -18.6971 11
    endloop
  endfacet
  facet normal 0.707107 -0.707107 0
    outer loop
      vertex 19.6709 -18.6971 5.2
      vertex 19.2971 -19.0709 11
      vertex 19.2971 -19.0709 5.2
    endloop
  endfacet
  facet normal 0.358307 -0.933604 0
    outer loop
      vertex 20.996 -17.8366 5.2
      vertex 21.4895 -17.6472 11
      vertex 20.996 -17.8366 11
    endloop
  endfacet
  facet normal 0.358307 -0.933604 0
    outer loop
      vertex 21.4895 -17.6472 11
      vertex 20.996 -17.8366 5.2
      vertex 21.4895 -17.6472 5.2
    endloop
  endfacet
  facet normal -0.933604 -0.358307 0
    outer loop
      vertex 27.8528 -20.8895 5.2
      vertex 27.6634 -20.396 11
      vertex 27.6634 -20.396 5.2
    endloop
  endfacet
  facet normal -0.933604 -0.358307 0
    outer loop
      vertex 27.6634 -20.396 11
      vertex 27.8528 -20.8895 5.2
      vertex 27.8528 -20.8895 11
    endloop
  endfacet
  facet normal -0.987686 -0.156448 0
    outer loop
      vertex 28.0723 -21.9221 5.2
      vertex 27.9896 -21.4 11
      vertex 27.9896 -21.4 5.2
    endloop
  endfacet
  facet normal -0.987686 -0.156448 0
    outer loop
      vertex 27.9896 -21.4 11
      vertex 28.0723 -21.9221 5.2
      vertex 28.0723 -21.9221 11
    endloop
  endfacet
  facet normal -0.358307 -0.933604 0
    outer loop
      vertex 24.6105 -17.6472 5.2
      vertex 25.104 -17.8366 11
      vertex 24.6105 -17.6472 11
    endloop
  endfacet
  facet normal -0.358307 -0.933604 -0
    outer loop
      vertex 25.104 -17.8366 11
      vertex 24.6105 -17.6472 5.2
      vertex 25.104 -17.8366 5.2
    endloop
  endfacet
  facet normal -0.544662 -0.838655 0
    outer loop
      vertex 25.575 -18.0766 5.2
      vertex 26.0183 -18.3645 11
      vertex 25.575 -18.0766 11
    endloop
  endfacet
  facet normal -0.544662 -0.838655 -0
    outer loop
      vertex 26.0183 -18.3645 11
      vertex 25.575 -18.0766 5.2
      vertex 26.0183 -18.3645 5.2
    endloop
  endfacet
  facet normal 0.838655 -0.544662 0
    outer loop
      vertex 18.6766 -19.925 11
      vertex 18.9645 -19.4817 5.2
      vertex 18.9645 -19.4817 11
    endloop
  endfacet
  facet normal 0.838655 -0.544662 0
    outer loop
      vertex 18.9645 -19.4817 5.2
      vertex 18.6766 -19.925 11
      vertex 18.6766 -19.925 5.2
    endloop
  endfacet
  facet normal 0.777201 -0.629253 0
    outer loop
      vertex 18.9645 -19.4817 11
      vertex 19.2971 -19.0709 5.2
      vertex 19.2971 -19.0709 11
    endloop
  endfacet
  facet normal 0.777201 -0.629253 0
    outer loop
      vertex 19.2971 -19.0709 5.2
      vertex 18.9645 -19.4817 11
      vertex 18.9645 -19.4817 5.2
    endloop
  endfacet
  facet normal 0.156448 -0.987686 0
    outer loop
      vertex 22 -17.5104 5.2
      vertex 22.5221 -17.4277 11
      vertex 22 -17.5104 11
    endloop
  endfacet
  facet normal 0.156448 -0.987686 0
    outer loop
      vertex 22.5221 -17.4277 11
      vertex 22 -17.5104 5.2
      vertex 22.5221 -17.4277 5.2
    endloop
  endfacet
  facet normal -0.156448 0.987686 0
    outer loop
      vertex 24.1 -27.3896 5.2
      vertex 23.5779 -27.4723 11
      vertex 24.1 -27.3896 11
    endloop
  endfacet
  facet normal -0.156448 0.987686 0
    outer loop
      vertex 23.5779 -27.4723 11
      vertex 24.1 -27.3896 5.2
      vertex 23.5779 -27.4723 5.2
    endloop
  endfacet
  facet normal -0.96592 -0.25884 0
    outer loop
      vertex 27.9896 -21.4 5.2
      vertex 27.8528 -20.8895 11
      vertex 27.8528 -20.8895 5.2
    endloop
  endfacet
  facet normal -0.96592 -0.25884 0
    outer loop
      vertex 27.8528 -20.8895 11
      vertex 27.9896 -21.4 5.2
      vertex 27.9896 -21.4 11
    endloop
  endfacet
  facet normal -0.838655 -0.544662 0
    outer loop
      vertex 27.4234 -19.925 5.2
      vertex 27.1355 -19.4817 11
      vertex 27.1355 -19.4817 5.2
    endloop
  endfacet
  facet normal -0.838655 -0.544662 0
    outer loop
      vertex 27.1355 -19.4817 11
      vertex 27.4234 -19.925 5.2
      vertex 27.4234 -19.925 11
    endloop
  endfacet
  facet normal -0.777201 -0.629253 0
    outer loop
      vertex 27.1355 -19.4817 5.2
      vertex 26.8029 -19.0709 11
      vertex 26.8029 -19.0709 5.2
    endloop
  endfacet
  facet normal -0.777201 -0.629253 0
    outer loop
      vertex 26.8029 -19.0709 11
      vertex 27.1355 -19.4817 5.2
      vertex 27.1355 -19.4817 11
    endloop
  endfacet
  facet normal -0.890996 -0.454011 0
    outer loop
      vertex 27.6634 -20.396 5.2
      vertex 27.4234 -19.925 11
      vertex 27.4234 -19.925 5.2
    endloop
  endfacet
  facet normal -0.890996 -0.454011 0
    outer loop
      vertex 27.4234 -19.925 11
      vertex 27.6634 -20.396 5.2
      vertex 27.6634 -20.396 11
    endloop
  endfacet
  facet normal -0.156448 -0.987686 0
    outer loop
      vertex 23.5779 -17.4277 5.2
      vertex 24.1 -17.5104 11
      vertex 23.5779 -17.4277 11
    endloop
  endfacet
  facet normal -0.156448 -0.987686 -0
    outer loop
      vertex 24.1 -17.5104 11
      vertex 23.5779 -17.4277 5.2
      vertex 24.1 -17.5104 5.2
    endloop
  endfacet
  facet normal -0.25884 -0.96592 0
    outer loop
      vertex 24.1 -17.5104 5.2
      vertex 24.6105 -17.6472 11
      vertex 24.1 -17.5104 11
    endloop
  endfacet
  facet normal -0.25884 -0.96592 -0
    outer loop
      vertex 24.6105 -17.6472 11
      vertex 24.1 -17.5104 5.2
      vertex 24.6105 -17.6472 5.2
    endloop
  endfacet
  facet normal -0.0524 -0.998626 0
    outer loop
      vertex 23.05 -17.4 5.2
      vertex 23.5779 -17.4277 11
      vertex 23.05 -17.4 11
    endloop
  endfacet
  facet normal -0.0524 -0.998626 -0
    outer loop
      vertex 23.5779 -17.4277 11
      vertex 23.05 -17.4 5.2
      vertex 23.5779 -17.4277 5.2
    endloop
  endfacet
  facet normal -0.629253 -0.777201 0
    outer loop
      vertex 26.0183 -18.3645 5.2
      vertex 26.4291 -18.6971 11
      vertex 26.0183 -18.3645 11
    endloop
  endfacet
  facet normal -0.629253 -0.777201 -0
    outer loop
      vertex 26.4291 -18.6971 11
      vertex 26.0183 -18.3645 5.2
      vertex 26.4291 -18.6971 5.2
    endloop
  endfacet
  facet normal 0.96592 -0.25884 0
    outer loop
      vertex 18.1104 -21.4 11
      vertex 18.2472 -20.8895 5.2
      vertex 18.2472 -20.8895 11
    endloop
  endfacet
  facet normal 0.96592 -0.25884 0
    outer loop
      vertex 18.2472 -20.8895 5.2
      vertex 18.1104 -21.4 11
      vertex 18.1104 -21.4 5.2
    endloop
  endfacet
  facet normal 0.890996 -0.454011 0
    outer loop
      vertex 18.4366 -20.396 11
      vertex 18.6766 -19.925 5.2
      vertex 18.6766 -19.925 11
    endloop
  endfacet
  facet normal 0.890996 -0.454011 0
    outer loop
      vertex 18.6766 -19.925 5.2
      vertex 18.4366 -20.396 11
      vertex 18.4366 -20.396 5.2
    endloop
  endfacet
  facet normal 0.987686 -0.156448 0
    outer loop
      vertex 18.0277 -21.9221 11
      vertex 18.1104 -21.4 5.2
      vertex 18.1104 -21.4 11
    endloop
  endfacet
  facet normal 0.987686 -0.156448 0
    outer loop
      vertex 18.1104 -21.4 5.2
      vertex 18.0277 -21.9221 11
      vertex 18.0277 -21.9221 5.2
    endloop
  endfacet
  facet normal 0.454011 -0.890996 0
    outer loop
      vertex 20.525 -18.0766 5.2
      vertex 20.996 -17.8366 11
      vertex 20.525 -18.0766 11
    endloop
  endfacet
  facet normal 0.454011 -0.890996 0
    outer loop
      vertex 20.996 -17.8366 11
      vertex 20.525 -18.0766 5.2
      vertex 20.996 -17.8366 5.2
    endloop
  endfacet
  facet normal 0.544662 -0.838655 0
    outer loop
      vertex 20.0817 -18.3645 5.2
      vertex 20.525 -18.0766 11
      vertex 20.0817 -18.3645 11
    endloop
  endfacet
  facet normal 0.544662 -0.838655 0
    outer loop
      vertex 20.525 -18.0766 11
      vertex 20.0817 -18.3645 5.2
      vertex 20.525 -18.0766 5.2
    endloop
  endfacet
  facet normal 0.629253 -0.777201 0
    outer loop
      vertex 19.6709 -18.6971 5.2
      vertex 20.0817 -18.3645 11
      vertex 19.6709 -18.6971 11
    endloop
  endfacet
  facet normal 0.629253 -0.777201 0
    outer loop
      vertex 20.0817 -18.3645 11
      vertex 19.6709 -18.6971 5.2
      vertex 20.0817 -18.3645 5.2
    endloop
  endfacet
  facet normal 0.25884 -0.96592 0
    outer loop
      vertex 21.4895 -17.6472 5.2
      vertex 22 -17.5104 11
      vertex 21.4895 -17.6472 11
    endloop
  endfacet
  facet normal 0.25884 -0.96592 0
    outer loop
      vertex 22 -17.5104 11
      vertex 21.4895 -17.6472 5.2
      vertex 22 -17.5104 5.2
    endloop
  endfacet
  facet normal -0.96592 0.25884 0
    outer loop
      vertex 27.8528 -24.0105 5.2
      vertex 27.9896 -23.5 11
      vertex 27.9896 -23.5 5.2
    endloop
  endfacet
  facet normal -0.96592 0.25884 0
    outer loop
      vertex 27.9896 -23.5 11
      vertex 27.8528 -24.0105 5.2
      vertex 27.8528 -24.0105 11
    endloop
  endfacet
  facet normal -0.707107 0.707107 0
    outer loop
      vertex 26.4291 -26.2029 5.2
      vertex 26.8029 -25.8291 11
      vertex 26.8029 -25.8291 5.2
    endloop
  endfacet
  facet normal -0.707107 0.707107 0
    outer loop
      vertex 26.8029 -25.8291 11
      vertex 26.4291 -26.2029 5.2
      vertex 26.4291 -26.2029 11
    endloop
  endfacet
  facet normal 0 0 1
    outer loop
      vertex 25.75 -22.45 5.2
      vertex 28.1 -22.45 5.2
      vertex 28.0723 -21.9221 5.2
    endloop
  endfacet
  facet normal 0 0 1
    outer loop
      vertex 25.7352 -22.1678 5.2
      vertex 28.0723 -21.9221 5.2
      vertex 27.9896 -21.4 5.2
    endloop
  endfacet
  facet normal 0 0 1
    outer loop
      vertex 28.1 -22.45 5.2
      vertex 25.75 -22.45 5.2
      vertex 28.0723 -22.9779 5.2
    endloop
  endfacet
  facet normal 0 0 1
    outer loop
      vertex 25.691 -21.8886 5.2
      vertex 27.9896 -21.4 5.2
      vertex 27.8528 -20.8895 5.2
    endloop
  endfacet
  facet normal -0 0 1
    outer loop
      vertex 25.7352 -22.7322 5.2
      vertex 28.0723 -22.9779 5.2
      vertex 25.75 -22.45 5.2
    endloop
  endfacet
  facet normal 0 0 1
    outer loop
      vertex 25.6179 -21.6157 5.2
      vertex 27.8528 -20.8895 5.2
      vertex 27.6634 -20.396 5.2
    endloop
  endfacet
  facet normal 0 0 1
    outer loop
      vertex 28.0723 -22.9779 5.2
      vertex 25.7352 -22.7322 5.2
      vertex 27.9896 -23.5 5.2
    endloop
  endfacet
  facet normal 0 0 1
    outer loop
      vertex 25.5166 -21.3518 5.2
      vertex 27.6634 -20.396 5.2
      vertex 27.4234 -19.925 5.2
    endloop
  endfacet
  facet normal -0 0 1
    outer loop
      vertex 25.691 -23.0114 5.2
      vertex 27.9896 -23.5 5.2
      vertex 25.7352 -22.7322 5.2
    endloop
  endfacet
  facet normal 0 0 1
    outer loop
      vertex 25.3883 -21.1 5.2
      vertex 27.4234 -19.925 5.2
      vertex 27.1355 -19.4817 5.2
    endloop
  endfacet
  facet normal 0 0 1
    outer loop
      vertex 27.9896 -23.5 5.2
      vertex 25.691 -23.0114 5.2
      vertex 27.8528 -24.0105 5.2
    endloop
  endfacet
  facet normal 0 0 1
    outer loop
      vertex 25.2343 -20.863 5.2
      vertex 27.1355 -19.4817 5.2
      vertex 26.8029 -19.0709 5.2
    endloop
  endfacet
  facet normal -0 0 1
    outer loop
      vertex 25.6179 -23.2843 5.2
      vertex 27.8528 -24.0105 5.2
      vertex 25.691 -23.0114 5.2
    endloop
  endfacet
  facet normal 0 0 1
    outer loop
      vertex 25.0565 -20.6433 5.2
      vertex 26.8029 -19.0709 5.2
      vertex 26.4291 -18.6971 5.2
    endloop
  endfacet
  facet normal 0 0 1
    outer loop
      vertex 27.8528 -24.0105 5.2
      vertex 25.6179 -23.2843 5.2
      vertex 27.6634 -24.504 5.2
    endloop
  endfacet
  facet normal 0 0 1
    outer loop
      vertex 24.8567 -20.4435 5.2
      vertex 26.4291 -18.6971 5.2
      vertex 26.0183 -18.3645 5.2
    endloop
  endfacet
  facet normal -0 0 1
    outer loop
      vertex 25.5166 -23.5482 5.2
      vertex 27.6634 -24.504 5.2
      vertex 25.6179 -23.2843 5.2
    endloop
  endfacet
  facet normal 0 0 1
    outer loop
      vertex 27.6634 -24.504 5.2
      vertex 25.5166 -23.5482 5.2
      vertex 27.4234 -24.975 5.2
    endloop
  endfacet
  facet normal 0 0 1
    outer loop
      vertex 28.0723 -21.9221 5.2
      vertex 25.7352 -22.1678 5.2
      vertex 25.75 -22.45 5.2
    endloop
  endfacet
  facet normal 0 0 1
    outer loop
      vertex 27.9896 -21.4 5.2
      vertex 25.691 -21.8886 5.2
      vertex 25.7352 -22.1678 5.2
    endloop
  endfacet
  facet normal 0 0 1
    outer loop
      vertex 27.8528 -20.8895 5.2
      vertex 25.6179 -21.6157 5.2
      vertex 25.691 -21.8886 5.2
    endloop
  endfacet
  facet normal 0 0 1
    outer loop
      vertex 24.637 -20.2657 5.2
      vertex 26.0183 -18.3645 5.2
      vertex 25.575 -18.0766 5.2
    endloop
  endfacet
  facet normal 0 0 1
    outer loop
      vertex 27.6634 -20.396 5.2
      vertex 25.5166 -21.3518 5.2
      vertex 25.6179 -21.6157 5.2
    endloop
  endfacet
  facet normal 0 0 1
    outer loop
      vertex 27.4234 -19.925 5.2
      vertex 25.3883 -21.1 5.2
      vertex 25.5166 -21.3518 5.2
    endloop
  endfacet
  facet normal 0 0 1
    outer loop
      vertex 27.1355 -19.4817 5.2
      vertex 25.2343 -20.863 5.2
      vertex 25.3883 -21.1 5.2
    endloop
  endfacet
  facet normal 0 0 1
    outer loop
      vertex 24.4 -20.1117 5.2
      vertex 25.575 -18.0766 5.2
      vertex 25.104 -17.8366 5.2
    endloop
  endfacet
  facet normal 0 0 1
    outer loop
      vertex 26.8029 -19.0709 5.2
      vertex 25.0565 -20.6433 5.2
      vertex 25.2343 -20.863 5.2
    endloop
  endfacet
  facet normal 0 0 1
    outer loop
      vertex 26.4291 -18.6971 5.2
      vertex 24.8567 -20.4435 5.2
      vertex 25.0565 -20.6433 5.2
    endloop
  endfacet
  facet normal 0 0 1
    outer loop
      vertex 26.0183 -18.3645 5.2
      vertex 24.637 -20.2657 5.2
      vertex 24.8567 -20.4435 5.2
    endloop
  endfacet
  facet normal 0 0 1
    outer loop
      vertex 24.1482 -19.9834 5.2
      vertex 25.104 -17.8366 5.2
      vertex 24.6105 -17.6472 5.2
    endloop
  endfacet
  facet normal 0 0 1
    outer loop
      vertex 25.575 -18.0766 5.2
      vertex 24.4 -20.1117 5.2
      vertex 24.637 -20.2657 5.2
    endloop
  endfacet
  facet normal 0 0 1
    outer loop
      vertex 25.104 -17.8366 5.2
      vertex 24.1482 -19.9834 5.2
      vertex 24.4 -20.1117 5.2
    endloop
  endfacet
  facet normal 0 0 1
    outer loop
      vertex 23.8843 -19.8821 5.2
      vertex 24.6105 -17.6472 5.2
      vertex 24.1 -17.5104 5.2
    endloop
  endfacet
  facet normal 0 0 1
    outer loop
      vertex 24.6105 -17.6472 5.2
      vertex 23.8843 -19.8821 5.2
      vertex 24.1482 -19.9834 5.2
    endloop
  endfacet
  facet normal 0 0 1
    outer loop
      vertex 24.1 -17.5104 5.2
      vertex 23.6114 -19.809 5.2
      vertex 23.8843 -19.8821 5.2
    endloop
  endfacet
  facet normal 0 0 1
    outer loop
      vertex 23.5779 -17.4277 5.2
      vertex 23.6114 -19.809 5.2
      vertex 24.1 -17.5104 5.2
    endloop
  endfacet
  facet normal 0 0 1
    outer loop
      vertex 23.5779 -17.4277 5.2
      vertex 23.3322 -19.7648 5.2
      vertex 23.6114 -19.809 5.2
    endloop
  endfacet
  facet normal 0 0 1
    outer loop
      vertex 23.05 -17.4 5.2
      vertex 23.3322 -19.7648 5.2
      vertex 23.5779 -17.4277 5.2
    endloop
  endfacet
  facet normal 0 0 1
    outer loop
      vertex 23.05 -17.4 5.2
      vertex 23.05 -19.75 5.2
      vertex 23.3322 -19.7648 5.2
    endloop
  endfacet
  facet normal 0 0 1
    outer loop
      vertex 23.05 -17.4 5.2
      vertex 22.7678 -19.7648 5.2
      vertex 23.05 -19.75 5.2
    endloop
  endfacet
  facet normal -0 0 1
    outer loop
      vertex 22.5221 -17.4277 5.2
      vertex 22.7678 -19.7648 5.2
      vertex 23.05 -17.4 5.2
    endloop
  endfacet
  facet normal 0 0 1
    outer loop
      vertex 22.5221 -17.4277 5.2
      vertex 22.4886 -19.809 5.2
      vertex 22.7678 -19.7648 5.2
    endloop
  endfacet
  facet normal -0 0 1
    outer loop
      vertex 22 -17.5104 5.2
      vertex 22.4886 -19.809 5.2
      vertex 22.5221 -17.4277 5.2
    endloop
  endfacet
  facet normal 0 0 1
    outer loop
      vertex 22.4886 -19.809 5.2
      vertex 22 -17.5104 5.2
      vertex 22.2157 -19.8821 5.2
    endloop
  endfacet
  facet normal -0 0 1
    outer loop
      vertex 21.4895 -17.6472 5.2
      vertex 22.2157 -19.8821 5.2
      vertex 22 -17.5104 5.2
    endloop
  endfacet
  facet normal 0 0 1
    outer loop
      vertex 22.2157 -19.8821 5.2
      vertex 21.4895 -17.6472 5.2
      vertex 21.9518 -19.9834 5.2
    endloop
  endfacet
  facet normal -0 0 1
    outer loop
      vertex 20.996 -17.8366 5.2
      vertex 21.9518 -19.9834 5.2
      vertex 21.4895 -17.6472 5.2
    endloop
  endfacet
  facet normal 0 0 1
    outer loop
      vertex 21.9518 -19.9834 5.2
      vertex 20.996 -17.8366 5.2
      vertex 21.7 -20.1117 5.2
    endloop
  endfacet
  facet normal -0 0 1
    outer loop
      vertex 20.525 -18.0766 5.2
      vertex 21.7 -20.1117 5.2
      vertex 20.996 -17.8366 5.2
    endloop
  endfacet
  facet normal 0 0 1
    outer loop
      vertex 21.7 -20.1117 5.2
      vertex 20.525 -18.0766 5.2
      vertex 21.463 -20.2657 5.2
    endloop
  endfacet
  facet normal -0 0 1
    outer loop
      vertex 20.0817 -18.3645 5.2
      vertex 21.463 -20.2657 5.2
      vertex 20.525 -18.0766 5.2
    endloop
  endfacet
  facet normal 0 0 1
    outer loop
      vertex 21.463 -20.2657 5.2
      vertex 20.0817 -18.3645 5.2
      vertex 21.2433 -20.4435 5.2
    endloop
  endfacet
  facet normal -0 0 1
    outer loop
      vertex 19.6709 -18.6971 5.2
      vertex 21.2433 -20.4435 5.2
      vertex 20.0817 -18.3645 5.2
    endloop
  endfacet
  facet normal 0 0 1
    outer loop
      vertex 21.2433 -20.4435 5.2
      vertex 19.6709 -18.6971 5.2
      vertex 21.0435 -20.6433 5.2
    endloop
  endfacet
  facet normal -0 0 1
    outer loop
      vertex 19.2971 -19.0709 5.2
      vertex 21.0435 -20.6433 5.2
      vertex 19.6709 -18.6971 5.2
    endloop
  endfacet
  facet normal 0 0 1
    outer loop
      vertex 21.0435 -20.6433 5.2
      vertex 19.2971 -19.0709 5.2
      vertex 20.8657 -20.863 5.2
    endloop
  endfacet
  facet normal -0 0 1
    outer loop
      vertex 18.9645 -19.4817 5.2
      vertex 20.8657 -20.863 5.2
      vertex 19.2971 -19.0709 5.2
    endloop
  endfacet
  facet normal 0 0 1
    outer loop
      vertex 20.8657 -20.863 5.2
      vertex 18.9645 -19.4817 5.2
      vertex 20.7117 -21.1 5.2
    endloop
  endfacet
  facet normal -0 0 1
    outer loop
      vertex 18.6766 -19.925 5.2
      vertex 20.7117 -21.1 5.2
      vertex 18.9645 -19.4817 5.2
    endloop
  endfacet
  facet normal 0 0 1
    outer loop
      vertex 20.7117 -21.1 5.2
      vertex 18.6766 -19.925 5.2
      vertex 20.5834 -21.3518 5.2
    endloop
  endfacet
  facet normal -0 0 1
    outer loop
      vertex 25.3883 -23.8 5.2
      vertex 27.4234 -24.975 5.2
      vertex 25.5166 -23.5482 5.2
    endloop
  endfacet
  facet normal 0 0 1
    outer loop
      vertex 27.4234 -24.975 5.2
      vertex 25.3883 -23.8 5.2
      vertex 27.1355 -25.4183 5.2
    endloop
  endfacet
  facet normal -0 0 1
    outer loop
      vertex 25.2343 -24.037 5.2
      vertex 27.1355 -25.4183 5.2
      vertex 25.3883 -23.8 5.2
    endloop
  endfacet
  facet normal 0 0 1
    outer loop
      vertex 27.1355 -25.4183 5.2
      vertex 25.2343 -24.037 5.2
      vertex 26.8029 -25.8291 5.2
    endloop
  endfacet
  facet normal -0 0 1
    outer loop
      vertex 25.0565 -24.2567 5.2
      vertex 26.8029 -25.8291 5.2
      vertex 25.2343 -24.037 5.2
    endloop
  endfacet
  facet normal 0 0 1
    outer loop
      vertex 26.8029 -25.8291 5.2
      vertex 25.0565 -24.2567 5.2
      vertex 26.4291 -26.2029 5.2
    endloop
  endfacet
  facet normal -0 0 1
    outer loop
      vertex 24.8567 -24.4565 5.2
      vertex 26.4291 -26.2029 5.2
      vertex 25.0565 -24.2567 5.2
    endloop
  endfacet
  facet normal 0 0 1
    outer loop
      vertex 26.4291 -26.2029 5.2
      vertex 24.8567 -24.4565 5.2
      vertex 26.0183 -26.5355 5.2
    endloop
  endfacet
  facet normal -0 0 1
    outer loop
      vertex 24.637 -24.6343 5.2
      vertex 26.0183 -26.5355 5.2
      vertex 24.8567 -24.4565 5.2
    endloop
  endfacet
  facet normal 0 0 1
    outer loop
      vertex 26.0183 -26.5355 5.2
      vertex 24.637 -24.6343 5.2
      vertex 25.575 -26.8234 5.2
    endloop
  endfacet
  facet normal -0 0 1
    outer loop
      vertex 24.4 -24.7883 5.2
      vertex 25.575 -26.8234 5.2
      vertex 24.637 -24.6343 5.2
    endloop
  endfacet
  facet normal 0 0 1
    outer loop
      vertex 25.575 -26.8234 5.2
      vertex 24.4 -24.7883 5.2
      vertex 25.104 -27.0634 5.2
    endloop
  endfacet
  facet normal -0 0 1
    outer loop
      vertex 24.1482 -24.9166 5.2
      vertex 25.104 -27.0634 5.2
      vertex 24.4 -24.7883 5.2
    endloop
  endfacet
  facet normal 0 0 1
    outer loop
      vertex 25.104 -27.0634 5.2
      vertex 24.1482 -24.9166 5.2
      vertex 24.6105 -27.2528 5.2
    endloop
  endfacet
  facet normal -0 0 1
    outer loop
      vertex 23.8843 -25.0179 5.2
      vertex 24.6105 -27.2528 5.2
      vertex 24.1482 -24.9166 5.2
    endloop
  endfacet
  facet normal 0 0 1
    outer loop
      vertex 24.6105 -27.2528 5.2
      vertex 23.8843 -25.0179 5.2
      vertex 24.1 -27.3896 5.2
    endloop
  endfacet
  facet normal -0 0 1
    outer loop
      vertex 23.6114 -25.091 5.2
      vertex 24.1 -27.3896 5.2
      vertex 23.8843 -25.0179 5.2
    endloop
  endfacet
  facet normal 0 0 1
    outer loop
      vertex 23.6114 -25.091 5.2
      vertex 23.5779 -27.4723 5.2
      vertex 24.1 -27.3896 5.2
    endloop
  endfacet
  facet normal -0 0 1
    outer loop
      vertex 23.3322 -25.1352 5.2
      vertex 23.5779 -27.4723 5.2
      vertex 23.6114 -25.091 5.2
    endloop
  endfacet
  facet normal -0 0 1
    outer loop
      vertex 23.05 -25.15 5.2
      vertex 23.5779 -27.4723 5.2
      vertex 23.3322 -25.1352 5.2
    endloop
  endfacet
  facet normal 0 0 1
    outer loop
      vertex 23.05 -25.15 5.2
      vertex 23.05 -27.5 5.2
      vertex 23.5779 -27.4723 5.2
    endloop
  endfacet
  facet normal 0 0 1
    outer loop
      vertex 22.7678 -25.1352 5.2
      vertex 23.05 -27.5 5.2
      vertex 23.05 -25.15 5.2
    endloop
  endfacet
  facet normal 0 0 1
    outer loop
      vertex 22.7678 -25.1352 5.2
      vertex 22.5221 -27.4723 5.2
      vertex 23.05 -27.5 5.2
    endloop
  endfacet
  facet normal 0 0 1
    outer loop
      vertex 22.4886 -25.091 5.2
      vertex 22.5221 -27.4723 5.2
      vertex 22.7678 -25.1352 5.2
    endloop
  endfacet
  facet normal 0 0 1
    outer loop
      vertex 22 -27.3896 5.2
      vertex 22.4886 -25.091 5.2
      vertex 22.2157 -25.0179 5.2
    endloop
  endfacet
  facet normal 0 0 1
    outer loop
      vertex 22.4886 -25.091 5.2
      vertex 22 -27.3896 5.2
      vertex 22.5221 -27.4723 5.2
    endloop
  endfacet
  facet normal 0 0 1
    outer loop
      vertex 21.4895 -27.2528 5.2
      vertex 22.2157 -25.0179 5.2
      vertex 21.9518 -24.9166 5.2
    endloop
  endfacet
  facet normal 0 0 1
    outer loop
      vertex 20.996 -27.0634 5.2
      vertex 21.9518 -24.9166 5.2
      vertex 21.7 -24.7883 5.2
    endloop
  endfacet
  facet normal 0 0 1
    outer loop
      vertex 22.2157 -25.0179 5.2
      vertex 21.4895 -27.2528 5.2
      vertex 22 -27.3896 5.2
    endloop
  endfacet
  facet normal 0 0 1
    outer loop
      vertex 20.525 -26.8234 5.2
      vertex 21.7 -24.7883 5.2
      vertex 21.463 -24.6343 5.2
    endloop
  endfacet
  facet normal 0 0 1
    outer loop
      vertex 20.0817 -26.5355 5.2
      vertex 21.463 -24.6343 5.2
      vertex 21.2433 -24.4565 5.2
    endloop
  endfacet
  facet normal 0 0 1
    outer loop
      vertex 19.6709 -26.2029 5.2
      vertex 21.2433 -24.4565 5.2
      vertex 21.0435 -24.2567 5.2
    endloop
  endfacet
  facet normal 0 0 1
    outer loop
      vertex 21.9518 -24.9166 5.2
      vertex 20.996 -27.0634 5.2
      vertex 21.4895 -27.2528 5.2
    endloop
  endfacet
  facet normal 0 0 1
    outer loop
      vertex 19.2971 -25.8291 5.2
      vertex 21.0435 -24.2567 5.2
      vertex 20.8657 -24.037 5.2
    endloop
  endfacet
  facet normal 0 0 1
    outer loop
      vertex 18.9645 -25.4183 5.2
      vertex 20.8657 -24.037 5.2
      vertex 20.7117 -23.8 5.2
    endloop
  endfacet
  facet normal 0 0 1
    outer loop
      vertex 18.6766 -24.975 5.2
      vertex 20.7117 -23.8 5.2
      vertex 20.5834 -23.5482 5.2
    endloop
  endfacet
  facet normal 0 0 1
    outer loop
      vertex 21.7 -24.7883 5.2
      vertex 20.525 -26.8234 5.2
      vertex 20.996 -27.0634 5.2
    endloop
  endfacet
  facet normal 0 0 1
    outer loop
      vertex 18.4366 -24.504 5.2
      vertex 20.5834 -23.5482 5.2
      vertex 20.4821 -23.2843 5.2
    endloop
  endfacet
  facet normal 0 0 1
    outer loop
      vertex 18.2472 -24.0105 5.2
      vertex 20.4821 -23.2843 5.2
      vertex 20.409 -23.0114 5.2
    endloop
  endfacet
  facet normal 0 0 1
    outer loop
      vertex 18.1104 -23.5 5.2
      vertex 20.409 -23.0114 5.2
      vertex 20.3648 -22.7322 5.2
    endloop
  endfacet
  facet normal 0 0 1
    outer loop
      vertex 18.0277 -22.9779 5.2
      vertex 20.3648 -22.7322 5.2
      vertex 20.35 -22.45 5.2
    endloop
  endfacet
  facet normal -0 0 1
    outer loop
      vertex 18.4366 -20.396 5.2
      vertex 20.5834 -21.3518 5.2
      vertex 18.6766 -19.925 5.2
    endloop
  endfacet
  facet normal 0 0 1
    outer loop
      vertex 21.463 -24.6343 5.2
      vertex 20.0817 -26.5355 5.2
      vertex 20.525 -26.8234 5.2
    endloop
  endfacet
  facet normal 0 0 1
    outer loop
      vertex 20.5834 -21.3518 5.2
      vertex 18.4366 -20.396 5.2
      vertex 20.4821 -21.6157 5.2
    endloop
  endfacet
  facet normal 0 0 1
    outer loop
      vertex 21.2433 -24.4565 5.2
      vertex 19.6709 -26.2029 5.2
      vertex 20.0817 -26.5355 5.2
    endloop
  endfacet
  facet normal -0 0 1
    outer loop
      vertex 18.2472 -20.8895 5.2
      vertex 20.4821 -21.6157 5.2
      vertex 18.4366 -20.396 5.2
    endloop
  endfacet
  facet normal 0 0 1
    outer loop
      vertex 21.0435 -24.2567 5.2
      vertex 19.2971 -25.8291 5.2
      vertex 19.6709 -26.2029 5.2
    endloop
  endfacet
  facet normal 0 0 1
    outer loop
      vertex 20.4821 -21.6157 5.2
      vertex 18.2472 -20.8895 5.2
      vertex 20.409 -21.8886 5.2
    endloop
  endfacet
  facet normal 0 0 1
    outer loop
      vertex 20.8657 -24.037 5.2
      vertex 18.9645 -25.4183 5.2
      vertex 19.2971 -25.8291 5.2
    endloop
  endfacet
  facet normal -0 0 1
    outer loop
      vertex 18.1104 -21.4 5.2
      vertex 20.409 -21.8886 5.2
      vertex 18.2472 -20.8895 5.2
    endloop
  endfacet
  facet normal 0 0 1
    outer loop
      vertex 20.7117 -23.8 5.2
      vertex 18.6766 -24.975 5.2
      vertex 18.9645 -25.4183 5.2
    endloop
  endfacet
  facet normal 0 0 1
    outer loop
      vertex 20.409 -21.8886 5.2
      vertex 18.1104 -21.4 5.2
      vertex 20.3648 -22.1678 5.2
    endloop
  endfacet
  facet normal 0 0 1
    outer loop
      vertex 20.5834 -23.5482 5.2
      vertex 18.4366 -24.504 5.2
      vertex 18.6766 -24.975 5.2
    endloop
  endfacet
  facet normal -0 0 1
    outer loop
      vertex 18.0277 -21.9221 5.2
      vertex 20.3648 -22.1678 5.2
      vertex 18.1104 -21.4 5.2
    endloop
  endfacet
  facet normal 0 0 1
    outer loop
      vertex 20.4821 -23.2843 5.2
      vertex 18.2472 -24.0105 5.2
      vertex 18.4366 -24.504 5.2
    endloop
  endfacet
  facet normal 0 0 1
    outer loop
      vertex 20.3648 -22.1678 5.2
      vertex 18.0277 -21.9221 5.2
      vertex 20.35 -22.45 5.2
    endloop
  endfacet
  facet normal 0 0 1
    outer loop
      vertex 20.409 -23.0114 5.2
      vertex 18.1104 -23.5 5.2
      vertex 18.2472 -24.0105 5.2
    endloop
  endfacet
  facet normal 0 0 1
    outer loop
      vertex 18 -22.45 5.2
      vertex 20.35 -22.45 5.2
      vertex 18.0277 -21.9221 5.2
    endloop
  endfacet
  facet normal 0 0 1
    outer loop
      vertex 20.3648 -22.7322 5.2
      vertex 18.0277 -22.9779 5.2
      vertex 18.1104 -23.5 5.2
    endloop
  endfacet
  facet normal 0 0 1
    outer loop
      vertex 20.35 -22.45 5.2
      vertex 18 -22.45 5.2
      vertex 18.0277 -22.9779 5.2
    endloop
  endfacet
  facet normal -0.358307 0.933604 0
    outer loop
      vertex 25.104 -27.0634 5.2
      vertex 24.6105 -27.2528 11
      vertex 25.104 -27.0634 11
    endloop
  endfacet
  facet normal -0.358307 0.933604 0
    outer loop
      vertex 24.6105 -27.2528 11
      vertex 25.104 -27.0634 5.2
      vertex 24.6105 -27.2528 5.2
    endloop
  endfacet
  facet normal -0.454011 -0.890996 0
    outer loop
      vertex 25.104 -17.8366 5.2
      vertex 25.575 -18.0766 11
      vertex 25.104 -17.8366 11
    endloop
  endfacet
  facet normal -0.454011 -0.890996 -0
    outer loop
      vertex 25.575 -18.0766 11
      vertex 25.104 -17.8366 5.2
      vertex 25.575 -18.0766 5.2
    endloop
  endfacet
  facet normal 0.933604 -0.358307 0
    outer loop
      vertex 18.2472 -20.8895 11
      vertex 18.4366 -20.396 5.2
      vertex 18.4366 -20.396 11
    endloop
  endfacet
  facet normal 0.933604 -0.358307 0
    outer loop
      vertex 18.4366 -20.396 5.2
      vertex 18.2472 -20.8895 11
      vertex 18.2472 -20.8895 5.2
    endloop
  endfacet
  facet normal -0.987686 0.156448 0
    outer loop
      vertex 27.9896 -23.5 5.2
      vertex 28.0723 -22.9779 11
      vertex 28.0723 -22.9779 5.2
    endloop
  endfacet
  facet normal -0.987686 0.156448 0
    outer loop
      vertex 28.0723 -22.9779 11
      vertex 27.9896 -23.5 5.2
      vertex 27.9896 -23.5 11
    endloop
  endfacet
  facet normal -0.998626 0.0524 0
    outer loop
      vertex 28.0723 -22.9779 5.2
      vertex 28.1 -22.45 11
      vertex 28.1 -22.45 5.2
    endloop
  endfacet
  facet normal -0.998626 0.0524 0
    outer loop
      vertex 28.1 -22.45 11
      vertex 28.0723 -22.9779 5.2
      vertex 28.0723 -22.9779 11
    endloop
  endfacet
  facet normal -0.629253 0.777201 0
    outer loop
      vertex 26.4291 -26.2029 5.2
      vertex 26.0183 -26.5355 11
      vertex 26.4291 -26.2029 11
    endloop
  endfacet
  facet normal -0.629253 0.777201 0
    outer loop
      vertex 26.0183 -26.5355 11
      vertex 26.4291 -26.2029 5.2
      vertex 26.0183 -26.5355 5.2
    endloop
  endfacet
  facet normal -0.777201 0.629253 0
    outer loop
      vertex 26.8029 -25.8291 5.2
      vertex 27.1355 -25.4183 11
      vertex 27.1355 -25.4183 5.2
    endloop
  endfacet
  facet normal -0.777201 0.629253 0
    outer loop
      vertex 27.1355 -25.4183 11
      vertex 26.8029 -25.8291 5.2
      vertex 26.8029 -25.8291 11
    endloop
  endfacet
  facet normal 0.777201 0.629253 0
    outer loop
      vertex 19.2971 -25.8291 11
      vertex 18.9645 -25.4183 5.2
      vertex 18.9645 -25.4183 11
    endloop
  endfacet
  facet normal 0.777201 0.629253 0
    outer loop
      vertex 18.9645 -25.4183 5.2
      vertex 19.2971 -25.8291 11
      vertex 19.2971 -25.8291 5.2
    endloop
  endfacet
  facet normal 0.96592 0.25884 0
    outer loop
      vertex 18.2472 -24.0105 11
      vertex 18.1104 -23.5 5.2
      vertex 18.1104 -23.5 11
    endloop
  endfacet
  facet normal 0.96592 0.25884 0
    outer loop
      vertex 18.1104 -23.5 5.2
      vertex 18.2472 -24.0105 11
      vertex 18.2472 -24.0105 5.2
    endloop
  endfacet
  facet normal -0.25884 0.96592 0
    outer loop
      vertex 24.6105 -27.2528 5.2
      vertex 24.1 -27.3896 11
      vertex 24.6105 -27.2528 11
    endloop
  endfacet
  facet normal -0.25884 0.96592 0
    outer loop
      vertex 24.1 -27.3896 11
      vertex 24.6105 -27.2528 5.2
      vertex 24.1 -27.3896 5.2
    endloop
  endfacet
  facet normal -0.933604 0.358307 0
    outer loop
      vertex 27.6634 -24.504 5.2
      vertex 27.8528 -24.0105 11
      vertex 27.8528 -24.0105 5.2
    endloop
  endfacet
  facet normal -0.933604 0.358307 0
    outer loop
      vertex 27.8528 -24.0105 11
      vertex 27.6634 -24.504 5.2
      vertex 27.6634 -24.504 11
    endloop
  endfacet
  facet normal -0.890996 0.454011 0
    outer loop
      vertex 27.4234 -24.975 5.2
      vertex 27.6634 -24.504 11
      vertex 27.6634 -24.504 5.2
    endloop
  endfacet
  facet normal -0.890996 0.454011 0
    outer loop
      vertex 27.6634 -24.504 11
      vertex 27.4234 -24.975 5.2
      vertex 27.4234 -24.975 11
    endloop
  endfacet
  facet normal -0.454011 0.890996 0
    outer loop
      vertex 25.575 -26.8234 5.2
      vertex 25.104 -27.0634 11
      vertex 25.575 -26.8234 11
    endloop
  endfacet
  facet normal -0.454011 0.890996 0
    outer loop
      vertex 25.104 -27.0634 11
      vertex 25.575 -26.8234 5.2
      vertex 25.104 -27.0634 5.2
    endloop
  endfacet
  facet normal -0.544662 0.838655 0
    outer loop
      vertex 26.0183 -26.5355 5.2
      vertex 25.575 -26.8234 11
      vertex 26.0183 -26.5355 11
    endloop
  endfacet
  facet normal -0.544662 0.838655 0
    outer loop
      vertex 25.575 -26.8234 11
      vertex 26.0183 -26.5355 5.2
      vertex 25.575 -26.8234 5.2
    endloop
  endfacet
  facet normal -0.838655 0.544662 0
    outer loop
      vertex 27.1355 -25.4183 5.2
      vertex 27.4234 -24.975 11
      vertex 27.4234 -24.975 5.2
    endloop
  endfacet
  facet normal -0.838655 0.544662 0
    outer loop
      vertex 27.4234 -24.975 11
      vertex 27.1355 -25.4183 5.2
      vertex 27.1355 -25.4183 11
    endloop
  endfacet
  facet normal 0.0524 0.998626 -0
    outer loop
      vertex 23.05 -27.5 5.2
      vertex 22.5221 -27.4723 11
      vertex 23.05 -27.5 11
    endloop
  endfacet
  facet normal 0.0524 0.998626 0
    outer loop
      vertex 22.5221 -27.4723 11
      vertex 23.05 -27.5 5.2
      vertex 22.5221 -27.4723 5.2
    endloop
  endfacet
  facet normal 0.707107 0.707107 0
    outer loop
      vertex 19.6709 -26.2029 11
      vertex 19.2971 -25.8291 5.2
      vertex 19.2971 -25.8291 11
    endloop
  endfacet
  facet normal 0.707107 0.707107 0
    outer loop
      vertex 19.2971 -25.8291 5.2
      vertex 19.6709 -26.2029 11
      vertex 19.6709 -26.2029 5.2
    endloop
  endfacet
  facet normal 0.890996 0.454011 0
    outer loop
      vertex 18.6766 -24.975 11
      vertex 18.4366 -24.504 5.2
      vertex 18.4366 -24.504 11
    endloop
  endfacet
  facet normal 0.890996 0.454011 0
    outer loop
      vertex 18.4366 -24.504 5.2
      vertex 18.6766 -24.975 11
      vertex 18.6766 -24.975 5.2
    endloop
  endfacet
  facet normal 0.933604 0.358307 0
    outer loop
      vertex 18.4366 -24.504 11
      vertex 18.2472 -24.0105 5.2
      vertex 18.2472 -24.0105 11
    endloop
  endfacet
  facet normal 0.933604 0.358307 0
    outer loop
      vertex 18.2472 -24.0105 5.2
      vertex 18.4366 -24.504 11
      vertex 18.4366 -24.504 5.2
    endloop
  endfacet
  facet normal 0.987686 0.156448 0
    outer loop
      vertex 18.1104 -23.5 11
      vertex 18.0277 -22.9779 5.2
      vertex 18.0277 -22.9779 11
    endloop
  endfacet
  facet normal 0.987686 0.156448 0
    outer loop
      vertex 18.0277 -22.9779 5.2
      vertex 18.1104 -23.5 11
      vertex 18.1104 -23.5 5.2
    endloop
  endfacet
  facet normal 0.998626 0.0524 0
    outer loop
      vertex 18.0277 -22.9779 11
      vertex 18 -22.45 5.2
      vertex 18 -22.45 11
    endloop
  endfacet
  facet normal 0.998626 0.0524 0
    outer loop
      vertex 18 -22.45 5.2
      vertex 18.0277 -22.9779 11
      vertex 18.0277 -22.9779 5.2
    endloop
  endfacet
  facet normal 0.629253 0.777201 -0
    outer loop
      vertex 20.0817 -26.5355 5.2
      vertex 19.6709 -26.2029 11
      vertex 20.0817 -26.5355 11
    endloop
  endfacet
  facet normal 0.629253 0.777201 0
    outer loop
      vertex 19.6709 -26.2029 11
      vertex 20.0817 -26.5355 5.2
      vertex 19.6709 -26.2029 5.2
    endloop
  endfacet
  facet normal 0.544662 0.838655 -0
    outer loop
      vertex 20.525 -26.8234 5.2
      vertex 20.0817 -26.5355 11
      vertex 20.525 -26.8234 11
    endloop
  endfacet
  facet normal 0.544662 0.838655 0
    outer loop
      vertex 20.0817 -26.5355 11
      vertex 20.525 -26.8234 5.2
      vertex 20.0817 -26.5355 5.2
    endloop
  endfacet
  facet normal 0.358307 0.933604 -0
    outer loop
      vertex 21.4895 -27.2528 5.2
      vertex 20.996 -27.0634 11
      vertex 21.4895 -27.2528 11
    endloop
  endfacet
  facet normal 0.358307 0.933604 0
    outer loop
      vertex 20.996 -27.0634 11
      vertex 21.4895 -27.2528 5.2
      vertex 20.996 -27.0634 5.2
    endloop
  endfacet
  facet normal 0.454011 0.890996 -0
    outer loop
      vertex 20.996 -27.0634 5.2
      vertex 20.525 -26.8234 11
      vertex 20.996 -27.0634 11
    endloop
  endfacet
  facet normal 0.454011 0.890996 0
    outer loop
      vertex 20.525 -26.8234 11
      vertex 20.996 -27.0634 5.2
      vertex 20.525 -26.8234 5.2
    endloop
  endfacet
  facet normal 0.25884 0.96592 -0
    outer loop
      vertex 22 -27.3896 5.2
      vertex 21.4895 -27.2528 11
      vertex 22 -27.3896 11
    endloop
  endfacet
  facet normal 0.25884 0.96592 0
    outer loop
      vertex 21.4895 -27.2528 11
      vertex 22 -27.3896 5.2
      vertex 21.4895 -27.2528 5.2
    endloop
  endfacet
  facet normal 0.156448 0.987686 -0
    outer loop
      vertex 22.5221 -27.4723 5.2
      vertex 22 -27.3896 11
      vertex 22.5221 -27.4723 11
    endloop
  endfacet
  facet normal 0.156448 0.987686 0
    outer loop
      vertex 22 -27.3896 11
      vertex 22.5221 -27.4723 5.2
      vertex 22 -27.3896 5.2
    endloop
  endfacet
  facet normal 0.838655 0.544662 0
    outer loop
      vertex 18.9645 -25.4183 11
      vertex 18.6766 -24.975 5.2
      vertex 18.6766 -24.975 11
    endloop
  endfacet
  facet normal 0.838655 0.544662 0
    outer loop
      vertex 18.6766 -24.975 5.2
      vertex 18.9645 -25.4183 11
      vertex 18.9645 -25.4183 5.2
    endloop
  endfacet
  facet normal -0.998628 -0.0523731 0
    outer loop
      vertex 25.75 -22.45 0
      vertex 25.7352 -22.1678 5.2
      vertex 25.7352 -22.1678 0
    endloop
  endfacet
  facet normal -0.998628 -0.0523731 0
    outer loop
      vertex 25.7352 -22.1678 5.2
      vertex 25.75 -22.45 0
      vertex 25.75 -22.45 5.2
    endloop
  endfacet
  facet normal 0.998628 -0.0523731 0
    outer loop
      vertex 20.35 -22.45 5.2
      vertex 20.3648 -22.1678 0
      vertex 20.3648 -22.1678 5.2
    endloop
  endfacet
  facet normal 0.998628 -0.0523731 0
    outer loop
      vertex 20.3648 -22.1678 0
      vertex 20.35 -22.45 5.2
      vertex 20.35 -22.45 0
    endloop
  endfacet
  facet normal -0.0523731 -0.998628 0
    outer loop
      vertex 23.05 -19.75 0
      vertex 23.3322 -19.7648 5.2
      vertex 23.05 -19.75 5.2
    endloop
  endfacet
  facet normal -0.0523731 -0.998628 -0
    outer loop
      vertex 23.3322 -19.7648 5.2
      vertex 23.05 -19.75 0
      vertex 23.3322 -19.7648 0
    endloop
  endfacet
  facet normal -0.707107 -0.707107 0
    outer loop
      vertex 25.0565 -20.6433 0
      vertex 24.8567 -20.4435 5.2
      vertex 24.8567 -20.4435 0
    endloop
  endfacet
  facet normal -0.707107 -0.707107 0
    outer loop
      vertex 24.8567 -20.4435 5.2
      vertex 25.0565 -20.6433 0
      vertex 25.0565 -20.6433 5.2
    endloop
  endfacet
  facet normal 0.629086 -0.777335 0
    outer loop
      vertex 21.2433 -20.4435 0
      vertex 21.463 -20.2657 5.2
      vertex 21.2433 -20.4435 5.2
    endloop
  endfacet
  facet normal 0.629086 -0.777335 0
    outer loop
      vertex 21.463 -20.2657 5.2
      vertex 21.2433 -20.4435 0
      vertex 21.463 -20.2657 0
    endloop
  endfacet
  facet normal 0.258742 -0.965946 0
    outer loop
      vertex 22.2157 -19.8821 0
      vertex 22.4886 -19.809 5.2
      vertex 22.2157 -19.8821 5.2
    endloop
  endfacet
  facet normal 0.258742 -0.965946 0
    outer loop
      vertex 22.4886 -19.809 5.2
      vertex 22.2157 -19.8821 0
      vertex 22.4886 -19.809 0
    endloop
  endfacet
  facet normal -0.891004 -0.453995 0
    outer loop
      vertex 25.5166 -21.3518 0
      vertex 25.3883 -21.1 5.2
      vertex 25.3883 -21.1 0
    endloop
  endfacet
  facet normal -0.891004 -0.453995 0
    outer loop
      vertex 25.3883 -21.1 5.2
      vertex 25.5166 -21.3518 0
      vertex 25.5166 -21.3518 5.2
    endloop
  endfacet
  facet normal -0.358363 -0.933582 0
    outer loop
      vertex 23.8843 -19.8821 0
      vertex 24.1482 -19.9834 5.2
      vertex 23.8843 -19.8821 5.2
    endloop
  endfacet
  facet normal -0.358363 -0.933582 -0
    outer loop
      vertex 24.1482 -19.9834 5.2
      vertex 23.8843 -19.8821 0
      vertex 24.1482 -19.9834 0
    endloop
  endfacet
  facet normal -0.258742 -0.965946 0
    outer loop
      vertex 23.6114 -19.809 0
      vertex 23.8843 -19.8821 5.2
      vertex 23.6114 -19.809 5.2
    endloop
  endfacet
  facet normal -0.258742 -0.965946 -0
    outer loop
      vertex 23.8843 -19.8821 5.2
      vertex 23.6114 -19.809 0
      vertex 23.8843 -19.8821 0
    endloop
  endfacet
  facet normal -0.544864 -0.838524 0
    outer loop
      vertex 24.4 -20.1117 0
      vertex 24.637 -20.2657 5.2
      vertex 24.4 -20.1117 5.2
    endloop
  endfacet
  facet normal -0.544864 -0.838524 -0
    outer loop
      vertex 24.637 -20.2657 5.2
      vertex 24.4 -20.1117 0
      vertex 24.637 -20.2657 0
    endloop
  endfacet
  facet normal 0.891004 -0.453995 0
    outer loop
      vertex 20.5834 -21.3518 5.2
      vertex 20.7117 -21.1 0
      vertex 20.7117 -21.1 5.2
    endloop
  endfacet
  facet normal 0.891004 -0.453995 0
    outer loop
      vertex 20.7117 -21.1 0
      vertex 20.5834 -21.3518 5.2
      vertex 20.5834 -21.3518 0
    endloop
  endfacet
  facet normal 0.156362 -0.9877 0
    outer loop
      vertex 22.4886 -19.809 0
      vertex 22.7678 -19.7648 5.2
      vertex 22.4886 -19.809 5.2
    endloop
  endfacet
  facet normal 0.156362 -0.9877 0
    outer loop
      vertex 22.7678 -19.7648 5.2
      vertex 22.4886 -19.809 0
      vertex 22.7678 -19.7648 0
    endloop
  endfacet
  facet normal -0.965946 -0.258742 0
    outer loop
      vertex 25.691 -21.8886 0
      vertex 25.6179 -21.6157 5.2
      vertex 25.6179 -21.6157 0
    endloop
  endfacet
  facet normal -0.965946 -0.258742 0
    outer loop
      vertex 25.6179 -21.6157 5.2
      vertex 25.691 -21.8886 0
      vertex 25.691 -21.8886 5.2
    endloop
  endfacet
  facet normal -0.9877 -0.156362 0
    outer loop
      vertex 25.7352 -22.1678 0
      vertex 25.691 -21.8886 5.2
      vertex 25.691 -21.8886 0
    endloop
  endfacet
  facet normal -0.9877 -0.156362 0
    outer loop
      vertex 25.691 -21.8886 5.2
      vertex 25.7352 -22.1678 0
      vertex 25.7352 -22.1678 5.2
    endloop
  endfacet
  facet normal -0.933582 -0.358363 0
    outer loop
      vertex 25.6179 -21.6157 0
      vertex 25.5166 -21.3518 5.2
      vertex 25.5166 -21.3518 0
    endloop
  endfacet
  facet normal -0.933582 -0.358363 0
    outer loop
      vertex 25.5166 -21.3518 5.2
      vertex 25.6179 -21.6157 0
      vertex 25.6179 -21.6157 5.2
    endloop
  endfacet
  facet normal -0.777335 -0.629086 0
    outer loop
      vertex 25.2343 -20.863 0
      vertex 25.0565 -20.6433 5.2
      vertex 25.0565 -20.6433 0
    endloop
  endfacet
  facet normal -0.777335 -0.629086 0
    outer loop
      vertex 25.0565 -20.6433 5.2
      vertex 25.2343 -20.863 0
      vertex 25.2343 -20.863 5.2
    endloop
  endfacet
  facet normal -0.838524 -0.544864 0
    outer loop
      vertex 25.3883 -21.1 0
      vertex 25.2343 -20.863 5.2
      vertex 25.2343 -20.863 0
    endloop
  endfacet
  facet normal -0.838524 -0.544864 0
    outer loop
      vertex 25.2343 -20.863 5.2
      vertex 25.3883 -21.1 0
      vertex 25.3883 -21.1 5.2
    endloop
  endfacet
  facet normal -0.156362 -0.9877 0
    outer loop
      vertex 23.3322 -19.7648 0
      vertex 23.6114 -19.809 5.2
      vertex 23.3322 -19.7648 5.2
    endloop
  endfacet
  facet normal -0.156362 -0.9877 -0
    outer loop
      vertex 23.6114 -19.809 5.2
      vertex 23.3322 -19.7648 0
      vertex 23.6114 -19.809 0
    endloop
  endfacet
  facet normal -0.453995 -0.891004 0
    outer loop
      vertex 24.1482 -19.9834 0
      vertex 24.4 -20.1117 5.2
      vertex 24.1482 -19.9834 5.2
    endloop
  endfacet
  facet normal -0.453995 -0.891004 -0
    outer loop
      vertex 24.4 -20.1117 5.2
      vertex 24.1482 -19.9834 0
      vertex 24.4 -20.1117 0
    endloop
  endfacet
  facet normal -0.629086 -0.777335 0
    outer loop
      vertex 24.637 -20.2657 0
      vertex 24.8567 -20.4435 5.2
      vertex 24.637 -20.2657 5.2
    endloop
  endfacet
  facet normal -0.629086 -0.777335 -0
    outer loop
      vertex 24.8567 -20.4435 5.2
      vertex 24.637 -20.2657 0
      vertex 24.8567 -20.4435 0
    endloop
  endfacet
  facet normal 0.965946 -0.258742 0
    outer loop
      vertex 20.409 -21.8886 5.2
      vertex 20.4821 -21.6157 0
      vertex 20.4821 -21.6157 5.2
    endloop
  endfacet
  facet normal 0.965946 -0.258742 0
    outer loop
      vertex 20.4821 -21.6157 0
      vertex 20.409 -21.8886 5.2
      vertex 20.409 -21.8886 0
    endloop
  endfacet
  facet normal 0.777335 -0.629086 0
    outer loop
      vertex 20.8657 -20.863 5.2
      vertex 21.0435 -20.6433 0
      vertex 21.0435 -20.6433 5.2
    endloop
  endfacet
  facet normal 0.777335 -0.629086 0
    outer loop
      vertex 21.0435 -20.6433 0
      vertex 20.8657 -20.863 5.2
      vertex 20.8657 -20.863 0
    endloop
  endfacet
  facet normal 0.707107 -0.707107 0
    outer loop
      vertex 21.0435 -20.6433 5.2
      vertex 21.2433 -20.4435 0
      vertex 21.2433 -20.4435 5.2
    endloop
  endfacet
  facet normal 0.707107 -0.707107 0
    outer loop
      vertex 21.2433 -20.4435 0
      vertex 21.0435 -20.6433 5.2
      vertex 21.0435 -20.6433 0
    endloop
  endfacet
  facet normal 0.838524 -0.544864 0
    outer loop
      vertex 20.7117 -21.1 5.2
      vertex 20.8657 -20.863 0
      vertex 20.8657 -20.863 5.2
    endloop
  endfacet
  facet normal 0.838524 -0.544864 0
    outer loop
      vertex 20.8657 -20.863 0
      vertex 20.7117 -21.1 5.2
      vertex 20.7117 -21.1 0
    endloop
  endfacet
  facet normal 0.933582 -0.358363 0
    outer loop
      vertex 20.4821 -21.6157 5.2
      vertex 20.5834 -21.3518 0
      vertex 20.5834 -21.3518 5.2
    endloop
  endfacet
  facet normal 0.933582 -0.358363 0
    outer loop
      vertex 20.5834 -21.3518 0
      vertex 20.4821 -21.6157 5.2
      vertex 20.4821 -21.6157 0
    endloop
  endfacet
  facet normal 0.9877 -0.156362 0
    outer loop
      vertex 20.3648 -22.1678 5.2
      vertex 20.409 -21.8886 0
      vertex 20.409 -21.8886 5.2
    endloop
  endfacet
  facet normal 0.9877 -0.156362 0
    outer loop
      vertex 20.409 -21.8886 0
      vertex 20.3648 -22.1678 5.2
      vertex 20.3648 -22.1678 0
    endloop
  endfacet
  facet normal 0.453995 -0.891004 0
    outer loop
      vertex 21.7 -20.1117 0
      vertex 21.9518 -19.9834 5.2
      vertex 21.7 -20.1117 5.2
    endloop
  endfacet
  facet normal 0.453995 -0.891004 0
    outer loop
      vertex 21.9518 -19.9834 5.2
      vertex 21.7 -20.1117 0
      vertex 21.9518 -19.9834 0
    endloop
  endfacet
  facet normal 0.358363 -0.933582 0
    outer loop
      vertex 21.9518 -19.9834 0
      vertex 22.2157 -19.8821 5.2
      vertex 21.9518 -19.9834 5.2
    endloop
  endfacet
  facet normal 0.358363 -0.933582 0
    outer loop
      vertex 22.2157 -19.8821 5.2
      vertex 21.9518 -19.9834 0
      vertex 22.2157 -19.8821 0
    endloop
  endfacet
  facet normal 0.544864 -0.838524 0
    outer loop
      vertex 21.463 -20.2657 0
      vertex 21.7 -20.1117 5.2
      vertex 21.463 -20.2657 5.2
    endloop
  endfacet
  facet normal 0.544864 -0.838524 0
    outer loop
      vertex 21.7 -20.1117 5.2
      vertex 21.463 -20.2657 0
      vertex 21.7 -20.1117 0
    endloop
  endfacet
  facet normal 0.0523731 -0.998628 0
    outer loop
      vertex 22.7678 -19.7648 0
      vertex 23.05 -19.75 5.2
      vertex 22.7678 -19.7648 5.2
    endloop
  endfacet
  facet normal 0.0523731 -0.998628 0
    outer loop
      vertex 23.05 -19.75 5.2
      vertex 22.7678 -19.7648 0
      vertex 23.05 -19.75 0
    endloop
  endfacet
  facet normal -0.998628 0.0523731 0
    outer loop
      vertex 25.7352 -22.7322 0
      vertex 25.75 -22.45 5.2
      vertex 25.75 -22.45 0
    endloop
  endfacet
  facet normal -0.998628 0.0523731 0
    outer loop
      vertex 25.75 -22.45 5.2
      vertex 25.7352 -22.7322 0
      vertex 25.7352 -22.7322 5.2
    endloop
  endfacet
  facet normal -0.0523731 0.998628 0
    outer loop
      vertex 23.3322 -25.1352 0
      vertex 23.05 -25.15 5.2
      vertex 23.3322 -25.1352 5.2
    endloop
  endfacet
  facet normal -0.0523731 0.998628 0
    outer loop
      vertex 23.05 -25.15 5.2
      vertex 23.3322 -25.1352 0
      vertex 23.05 -25.15 0
    endloop
  endfacet
  facet normal -0.258742 0.965946 0
    outer loop
      vertex 23.8843 -25.0179 0
      vertex 23.6114 -25.091 5.2
      vertex 23.8843 -25.0179 5.2
    endloop
  endfacet
  facet normal -0.258742 0.965946 0
    outer loop
      vertex 23.6114 -25.091 5.2
      vertex 23.8843 -25.0179 0
      vertex 23.6114 -25.091 0
    endloop
  endfacet
  facet normal -0.629086 0.777335 0
    outer loop
      vertex 24.8567 -24.4565 0
      vertex 24.637 -24.6343 5.2
      vertex 24.8567 -24.4565 5.2
    endloop
  endfacet
  facet normal -0.629086 0.777335 0
    outer loop
      vertex 24.637 -24.6343 5.2
      vertex 24.8567 -24.4565 0
      vertex 24.637 -24.6343 0
    endloop
  endfacet
  facet normal -0.453995 0.891004 0
    outer loop
      vertex 24.4 -24.7883 0
      vertex 24.1482 -24.9166 5.2
      vertex 24.4 -24.7883 5.2
    endloop
  endfacet
  facet normal -0.453995 0.891004 0
    outer loop
      vertex 24.1482 -24.9166 5.2
      vertex 24.4 -24.7883 0
      vertex 24.1482 -24.9166 0
    endloop
  endfacet
  facet normal -0.777335 0.629086 0
    outer loop
      vertex 25.0565 -24.2567 0
      vertex 25.2343 -24.037 5.2
      vertex 25.2343 -24.037 0
    endloop
  endfacet
  facet normal -0.777335 0.629086 0
    outer loop
      vertex 25.2343 -24.037 5.2
      vertex 25.0565 -24.2567 0
      vertex 25.0565 -24.2567 5.2
    endloop
  endfacet
  facet normal -0.891004 0.453995 0
    outer loop
      vertex 25.3883 -23.8 0
      vertex 25.5166 -23.5482 5.2
      vertex 25.5166 -23.5482 0
    endloop
  endfacet
  facet normal -0.891004 0.453995 0
    outer loop
      vertex 25.5166 -23.5482 5.2
      vertex 25.3883 -23.8 0
      vertex 25.3883 -23.8 5.2
    endloop
  endfacet
  facet normal 0.707107 0.707107 0
    outer loop
      vertex 21.2433 -24.4565 5.2
      vertex 21.0435 -24.2567 0
      vertex 21.0435 -24.2567 5.2
    endloop
  endfacet
  facet normal 0.707107 0.707107 0
    outer loop
      vertex 21.0435 -24.2567 0
      vertex 21.2433 -24.4565 5.2
      vertex 21.2433 -24.4565 0
    endloop
  endfacet
  facet normal 0.544864 0.838524 -0
    outer loop
      vertex 21.7 -24.7883 0
      vertex 21.463 -24.6343 5.2
      vertex 21.7 -24.7883 5.2
    endloop
  endfacet
  facet normal 0.544864 0.838524 0
    outer loop
      vertex 21.463 -24.6343 5.2
      vertex 21.7 -24.7883 0
      vertex 21.463 -24.6343 0
    endloop
  endfacet
  facet normal 0.358363 0.933582 -0
    outer loop
      vertex 22.2157 -25.0179 0
      vertex 21.9518 -24.9166 5.2
      vertex 22.2157 -25.0179 5.2
    endloop
  endfacet
  facet normal 0.358363 0.933582 0
    outer loop
      vertex 21.9518 -24.9166 5.2
      vertex 22.2157 -25.0179 0
      vertex 21.9518 -24.9166 0
    endloop
  endfacet
  facet normal 0.156362 0.9877 -0
    outer loop
      vertex 22.7678 -25.1352 0
      vertex 22.4886 -25.091 5.2
      vertex 22.7678 -25.1352 5.2
    endloop
  endfacet
  facet normal 0.156362 0.9877 0
    outer loop
      vertex 22.4886 -25.091 5.2
      vertex 22.7678 -25.1352 0
      vertex 22.4886 -25.091 0
    endloop
  endfacet
  facet normal 0.933582 0.358363 0
    outer loop
      vertex 20.5834 -23.5482 5.2
      vertex 20.4821 -23.2843 0
      vertex 20.4821 -23.2843 5.2
    endloop
  endfacet
  facet normal 0.933582 0.358363 0
    outer loop
      vertex 20.4821 -23.2843 0
      vertex 20.5834 -23.5482 5.2
      vertex 20.5834 -23.5482 0
    endloop
  endfacet
  facet normal 0.838524 0.544864 0
    outer loop
      vertex 20.8657 -24.037 5.2
      vertex 20.7117 -23.8 0
      vertex 20.7117 -23.8 5.2
    endloop
  endfacet
  facet normal 0.838524 0.544864 0
    outer loop
      vertex 20.7117 -23.8 0
      vertex 20.8657 -24.037 5.2
      vertex 20.8657 -24.037 0
    endloop
  endfacet
  facet normal 0.965946 0.258742 0
    outer loop
      vertex 20.4821 -23.2843 5.2
      vertex 20.409 -23.0114 0
      vertex 20.409 -23.0114 5.2
    endloop
  endfacet
  facet normal 0.965946 0.258742 0
    outer loop
      vertex 20.409 -23.0114 0
      vertex 20.4821 -23.2843 5.2
      vertex 20.4821 -23.2843 0
    endloop
  endfacet
  facet normal 0.998628 0.0523731 0
    outer loop
      vertex 20.3648 -22.7322 5.2
      vertex 20.35 -22.45 0
      vertex 20.35 -22.45 5.2
    endloop
  endfacet
  facet normal 0.998628 0.0523731 0
    outer loop
      vertex 20.35 -22.45 0
      vertex 20.3648 -22.7322 5.2
      vertex 20.3648 -22.7322 0
    endloop
  endfacet
  facet normal -0.156362 0.9877 0
    outer loop
      vertex 23.6114 -25.091 0
      vertex 23.3322 -25.1352 5.2
      vertex 23.6114 -25.091 5.2
    endloop
  endfacet
  facet normal -0.156362 0.9877 0
    outer loop
      vertex 23.3322 -25.1352 5.2
      vertex 23.6114 -25.091 0
      vertex 23.3322 -25.1352 0
    endloop
  endfacet
  facet normal -0.358363 0.933582 0
    outer loop
      vertex 24.1482 -24.9166 0
      vertex 23.8843 -25.0179 5.2
      vertex 24.1482 -24.9166 5.2
    endloop
  endfacet
  facet normal -0.358363 0.933582 0
    outer loop
      vertex 23.8843 -25.0179 5.2
      vertex 24.1482 -24.9166 0
      vertex 23.8843 -25.0179 0
    endloop
  endfacet
  facet normal -0.707107 0.707107 0
    outer loop
      vertex 24.8567 -24.4565 0
      vertex 25.0565 -24.2567 5.2
      vertex 25.0565 -24.2567 0
    endloop
  endfacet
  facet normal -0.707107 0.707107 0
    outer loop
      vertex 25.0565 -24.2567 5.2
      vertex 24.8567 -24.4565 0
      vertex 24.8567 -24.4565 5.2
    endloop
  endfacet
  facet normal -0.544864 0.838524 0
    outer loop
      vertex 24.637 -24.6343 0
      vertex 24.4 -24.7883 5.2
      vertex 24.637 -24.6343 5.2
    endloop
  endfacet
  facet normal -0.544864 0.838524 0
    outer loop
      vertex 24.4 -24.7883 5.2
      vertex 24.637 -24.6343 0
      vertex 24.4 -24.7883 0
    endloop
  endfacet
  facet normal -0.838524 0.544864 0
    outer loop
      vertex 25.2343 -24.037 0
      vertex 25.3883 -23.8 5.2
      vertex 25.3883 -23.8 0
    endloop
  endfacet
  facet normal -0.838524 0.544864 0
    outer loop
      vertex 25.3883 -23.8 5.2
      vertex 25.2343 -24.037 0
      vertex 25.2343 -24.037 5.2
    endloop
  endfacet
  facet normal -0.933582 0.358363 0
    outer loop
      vertex 25.5166 -23.5482 0
      vertex 25.6179 -23.2843 5.2
      vertex 25.6179 -23.2843 0
    endloop
  endfacet
  facet normal -0.933582 0.358363 0
    outer loop
      vertex 25.6179 -23.2843 5.2
      vertex 25.5166 -23.5482 0
      vertex 25.5166 -23.5482 5.2
    endloop
  endfacet
  facet normal -0.9877 0.156362 0
    outer loop
      vertex 25.691 -23.0114 0
      vertex 25.7352 -22.7322 5.2
      vertex 25.7352 -22.7322 0
    endloop
  endfacet
  facet normal -0.9877 0.156362 0
    outer loop
      vertex 25.7352 -22.7322 5.2
      vertex 25.691 -23.0114 0
      vertex 25.691 -23.0114 5.2
    endloop
  endfacet
  facet normal -0.965946 0.258742 0
    outer loop
      vertex 25.6179 -23.2843 0
      vertex 25.691 -23.0114 5.2
      vertex 25.691 -23.0114 0
    endloop
  endfacet
  facet normal -0.965946 0.258742 0
    outer loop
      vertex 25.691 -23.0114 5.2
      vertex 25.6179 -23.2843 0
      vertex 25.6179 -23.2843 5.2
    endloop
  endfacet
  facet normal 0.629086 0.777335 -0
    outer loop
      vertex 21.463 -24.6343 0
      vertex 21.2433 -24.4565 5.2
      vertex 21.463 -24.6343 5.2
    endloop
  endfacet
  facet normal 0.629086 0.777335 0
    outer loop
      vertex 21.2433 -24.4565 5.2
      vertex 21.463 -24.6343 0
      vertex 21.2433 -24.4565 0
    endloop
  endfacet
  facet normal 0.453995 0.891004 -0
    outer loop
      vertex 21.9518 -24.9166 0
      vertex 21.7 -24.7883 5.2
      vertex 21.9518 -24.9166 5.2
    endloop
  endfacet
  facet normal 0.453995 0.891004 0
    outer loop
      vertex 21.7 -24.7883 5.2
      vertex 21.9518 -24.9166 0
      vertex 21.7 -24.7883 0
    endloop
  endfacet
  facet normal 0.258742 0.965946 -0
    outer loop
      vertex 22.4886 -25.091 0
      vertex 22.2157 -25.0179 5.2
      vertex 22.4886 -25.091 5.2
    endloop
  endfacet
  facet normal 0.258742 0.965946 0
    outer loop
      vertex 22.2157 -25.0179 5.2
      vertex 22.4886 -25.091 0
      vertex 22.2157 -25.0179 0
    endloop
  endfacet
  facet normal 0.0523731 0.998628 -0
    outer loop
      vertex 23.05 -25.15 0
      vertex 22.7678 -25.1352 5.2
      vertex 23.05 -25.15 5.2
    endloop
  endfacet
  facet normal 0.0523731 0.998628 0
    outer loop
      vertex 22.7678 -25.1352 5.2
      vertex 23.05 -25.15 0
      vertex 22.7678 -25.1352 0
    endloop
  endfacet
  facet normal 0.891004 0.453995 0
    outer loop
      vertex 20.7117 -23.8 5.2
      vertex 20.5834 -23.5482 0
      vertex 20.5834 -23.5482 5.2
    endloop
  endfacet
  facet normal 0.891004 0.453995 0
    outer loop
      vertex 20.5834 -23.5482 0
      vertex 20.7117 -23.8 5.2
      vertex 20.7117 -23.8 0
    endloop
  endfacet
  facet normal 0.777335 0.629086 0
    outer loop
      vertex 21.0435 -24.2567 5.2
      vertex 20.8657 -24.037 0
      vertex 20.8657 -24.037 5.2
    endloop
  endfacet
  facet normal 0.777335 0.629086 0
    outer loop
      vertex 20.8657 -24.037 0
      vertex 21.0435 -24.2567 5.2
      vertex 21.0435 -24.2567 0
    endloop
  endfacet
  facet normal 0.9877 0.156362 0
    outer loop
      vertex 20.409 -23.0114 5.2
      vertex 20.3648 -22.7322 0
      vertex 20.3648 -22.7322 5.2
    endloop
  endfacet
  facet normal 0.9877 0.156362 0
    outer loop
      vertex 20.3648 -22.7322 0
      vertex 20.409 -23.0114 5.2
      vertex 20.409 -23.0114 0
    endloop
  endfacet
  facet normal -0.998626 -0.0524 0
    outer loop
      vertex 28.1 22.45 5.2
      vertex 28.0723 22.9779 11
      vertex 28.0723 22.9779 5.2
    endloop
  endfacet
  facet normal -0.998626 -0.0524 0
    outer loop
      vertex 28.0723 22.9779 11
      vertex 28.1 22.45 5.2
      vertex 28.1 22.45 11
    endloop
  endfacet
  facet normal 0.998626 -0.0524 0
    outer loop
      vertex 18 22.45 11
      vertex 18.0277 22.9779 5.2
      vertex 18.0277 22.9779 11
    endloop
  endfacet
  facet normal 0.998626 -0.0524 0
    outer loop
      vertex 18.0277 22.9779 5.2
      vertex 18 22.45 11
      vertex 18 22.45 5.2
    endloop
  endfacet
  facet normal 0.0524 -0.998626 0
    outer loop
      vertex 22.5221 27.4723 5.2
      vertex 23.05 27.5 11
      vertex 22.5221 27.4723 11
    endloop
  endfacet
  facet normal 0.0524 -0.998626 0
    outer loop
      vertex 23.05 27.5 11
      vertex 22.5221 27.4723 5.2
      vertex 23.05 27.5 5.2
    endloop
  endfacet
  facet normal -0.0524 0.998626 0
    outer loop
      vertex 23.5779 17.4277 5.2
      vertex 23.05 17.4 11
      vertex 23.5779 17.4277 11
    endloop
  endfacet
  facet normal -0.0524 0.998626 0
    outer loop
      vertex 23.05 17.4 11
      vertex 23.5779 17.4277 5.2
      vertex 23.05 17.4 5.2
    endloop
  endfacet
  facet normal -0.707107 -0.707107 0
    outer loop
      vertex 26.8029 25.8291 5.2
      vertex 26.4291 26.2029 11
      vertex 26.4291 26.2029 5.2
    endloop
  endfacet
  facet normal -0.707107 -0.707107 0
    outer loop
      vertex 26.4291 26.2029 11
      vertex 26.8029 25.8291 5.2
      vertex 26.8029 25.8291 11
    endloop
  endfacet
  facet normal 0.707107 -0.707107 0
    outer loop
      vertex 19.2971 25.8291 11
      vertex 19.6709 26.2029 5.2
      vertex 19.6709 26.2029 11
    endloop
  endfacet
  facet normal 0.707107 -0.707107 0
    outer loop
      vertex 19.6709 26.2029 5.2
      vertex 19.2971 25.8291 11
      vertex 19.2971 25.8291 5.2
    endloop
  endfacet
  facet normal 0.358307 -0.933604 0
    outer loop
      vertex 20.996 27.0634 5.2
      vertex 21.4895 27.2528 11
      vertex 20.996 27.0634 11
    endloop
  endfacet
  facet normal 0.358307 -0.933604 0
    outer loop
      vertex 21.4895 27.2528 11
      vertex 20.996 27.0634 5.2
      vertex 21.4895 27.2528 5.2
    endloop
  endfacet
  facet normal -0.933604 -0.358307 0
    outer loop
      vertex 27.8528 24.0105 5.2
      vertex 27.6634 24.504 11
      vertex 27.6634 24.504 5.2
    endloop
  endfacet
  facet normal -0.933604 -0.358307 0
    outer loop
      vertex 27.6634 24.504 11
      vertex 27.8528 24.0105 5.2
      vertex 27.8528 24.0105 11
    endloop
  endfacet
  facet normal -0.987686 -0.156448 0
    outer loop
      vertex 28.0723 22.9779 5.2
      vertex 27.9896 23.5 11
      vertex 27.9896 23.5 5.2
    endloop
  endfacet
  facet normal -0.987686 -0.156448 0
    outer loop
      vertex 27.9896 23.5 11
      vertex 28.0723 22.9779 5.2
      vertex 28.0723 22.9779 11
    endloop
  endfacet
  facet normal -0.358307 -0.933604 0
    outer loop
      vertex 24.6105 27.2528 5.2
      vertex 25.104 27.0634 11
      vertex 24.6105 27.2528 11
    endloop
  endfacet
  facet normal -0.358307 -0.933604 -0
    outer loop
      vertex 25.104 27.0634 11
      vertex 24.6105 27.2528 5.2
      vertex 25.104 27.0634 5.2
    endloop
  endfacet
  facet normal -0.544662 -0.838655 0
    outer loop
      vertex 25.575 26.8234 5.2
      vertex 26.0183 26.5355 11
      vertex 25.575 26.8234 11
    endloop
  endfacet
  facet normal -0.544662 -0.838655 -0
    outer loop
      vertex 26.0183 26.5355 11
      vertex 25.575 26.8234 5.2
      vertex 26.0183 26.5355 5.2
    endloop
  endfacet
  facet normal 0.838655 -0.544662 0
    outer loop
      vertex 18.6766 24.975 11
      vertex 18.9645 25.4183 5.2
      vertex 18.9645 25.4183 11
    endloop
  endfacet
  facet normal 0.838655 -0.544662 0
    outer loop
      vertex 18.9645 25.4183 5.2
      vertex 18.6766 24.975 11
      vertex 18.6766 24.975 5.2
    endloop
  endfacet
  facet normal 0.777201 -0.629253 0
    outer loop
      vertex 18.9645 25.4183 11
      vertex 19.2971 25.8291 5.2
      vertex 19.2971 25.8291 11
    endloop
  endfacet
  facet normal 0.777201 -0.629253 0
    outer loop
      vertex 19.2971 25.8291 5.2
      vertex 18.9645 25.4183 11
      vertex 18.9645 25.4183 5.2
    endloop
  endfacet
  facet normal 0.156448 -0.987686 0
    outer loop
      vertex 22 27.3896 5.2
      vertex 22.5221 27.4723 11
      vertex 22 27.3896 11
    endloop
  endfacet
  facet normal 0.156448 -0.987686 0
    outer loop
      vertex 22.5221 27.4723 11
      vertex 22 27.3896 5.2
      vertex 22.5221 27.4723 5.2
    endloop
  endfacet
  facet normal -0.156448 0.987686 0
    outer loop
      vertex 24.1 17.5104 5.2
      vertex 23.5779 17.4277 11
      vertex 24.1 17.5104 11
    endloop
  endfacet
  facet normal -0.156448 0.987686 0
    outer loop
      vertex 23.5779 17.4277 11
      vertex 24.1 17.5104 5.2
      vertex 23.5779 17.4277 5.2
    endloop
  endfacet
  facet normal -0.96592 -0.25884 0
    outer loop
      vertex 27.9896 23.5 5.2
      vertex 27.8528 24.0105 11
      vertex 27.8528 24.0105 5.2
    endloop
  endfacet
  facet normal -0.96592 -0.25884 0
    outer loop
      vertex 27.8528 24.0105 11
      vertex 27.9896 23.5 5.2
      vertex 27.9896 23.5 11
    endloop
  endfacet
  facet normal -0.838655 -0.544662 0
    outer loop
      vertex 27.4234 24.975 5.2
      vertex 27.1355 25.4183 11
      vertex 27.1355 25.4183 5.2
    endloop
  endfacet
  facet normal -0.838655 -0.544662 0
    outer loop
      vertex 27.1355 25.4183 11
      vertex 27.4234 24.975 5.2
      vertex 27.4234 24.975 11
    endloop
  endfacet
  facet normal -0.777201 -0.629253 0
    outer loop
      vertex 27.1355 25.4183 5.2
      vertex 26.8029 25.8291 11
      vertex 26.8029 25.8291 5.2
    endloop
  endfacet
  facet normal -0.777201 -0.629253 0
    outer loop
      vertex 26.8029 25.8291 11
      vertex 27.1355 25.4183 5.2
      vertex 27.1355 25.4183 11
    endloop
  endfacet
  facet normal -0.890996 -0.454011 0
    outer loop
      vertex 27.6634 24.504 5.2
      vertex 27.4234 24.975 11
      vertex 27.4234 24.975 5.2
    endloop
  endfacet
  facet normal -0.890996 -0.454011 0
    outer loop
      vertex 27.4234 24.975 11
      vertex 27.6634 24.504 5.2
      vertex 27.6634 24.504 11
    endloop
  endfacet
  facet normal -0.156448 -0.987686 0
    outer loop
      vertex 23.5779 27.4723 5.2
      vertex 24.1 27.3896 11
      vertex 23.5779 27.4723 11
    endloop
  endfacet
  facet normal -0.156448 -0.987686 -0
    outer loop
      vertex 24.1 27.3896 11
      vertex 23.5779 27.4723 5.2
      vertex 24.1 27.3896 5.2
    endloop
  endfacet
  facet normal -0.25884 -0.96592 0
    outer loop
      vertex 24.1 27.3896 5.2
      vertex 24.6105 27.2528 11
      vertex 24.1 27.3896 11
    endloop
  endfacet
  facet normal -0.25884 -0.96592 -0
    outer loop
      vertex 24.6105 27.2528 11
      vertex 24.1 27.3896 5.2
      vertex 24.6105 27.2528 5.2
    endloop
  endfacet
  facet normal -0.0524 -0.998626 0
    outer loop
      vertex 23.05 27.5 5.2
      vertex 23.5779 27.4723 11
      vertex 23.05 27.5 11
    endloop
  endfacet
  facet normal -0.0524 -0.998626 -0
    outer loop
      vertex 23.5779 27.4723 11
      vertex 23.05 27.5 5.2
      vertex 23.5779 27.4723 5.2
    endloop
  endfacet
  facet normal -0.629253 -0.777201 0
    outer loop
      vertex 26.0183 26.5355 5.2
      vertex 26.4291 26.2029 11
      vertex 26.0183 26.5355 11
    endloop
  endfacet
  facet normal -0.629253 -0.777201 -0
    outer loop
      vertex 26.4291 26.2029 11
      vertex 26.0183 26.5355 5.2
      vertex 26.4291 26.2029 5.2
    endloop
  endfacet
  facet normal 0.96592 -0.25884 0
    outer loop
      vertex 18.1104 23.5 11
      vertex 18.2472 24.0105 5.2
      vertex 18.2472 24.0105 11
    endloop
  endfacet
  facet normal 0.96592 -0.25884 0
    outer loop
      vertex 18.2472 24.0105 5.2
      vertex 18.1104 23.5 11
      vertex 18.1104 23.5 5.2
    endloop
  endfacet
  facet normal 0.890996 -0.454011 0
    outer loop
      vertex 18.4366 24.504 11
      vertex 18.6766 24.975 5.2
      vertex 18.6766 24.975 11
    endloop
  endfacet
  facet normal 0.890996 -0.454011 0
    outer loop
      vertex 18.6766 24.975 5.2
      vertex 18.4366 24.504 11
      vertex 18.4366 24.504 5.2
    endloop
  endfacet
  facet normal 0.987686 -0.156448 0
    outer loop
      vertex 18.0277 22.9779 11
      vertex 18.1104 23.5 5.2
      vertex 18.1104 23.5 11
    endloop
  endfacet
  facet normal 0.987686 -0.156448 0
    outer loop
      vertex 18.1104 23.5 5.2
      vertex 18.0277 22.9779 11
      vertex 18.0277 22.9779 5.2
    endloop
  endfacet
  facet normal 0.454011 -0.890996 0
    outer loop
      vertex 20.525 26.8234 5.2
      vertex 20.996 27.0634 11
      vertex 20.525 26.8234 11
    endloop
  endfacet
  facet normal 0.454011 -0.890996 0
    outer loop
      vertex 20.996 27.0634 11
      vertex 20.525 26.8234 5.2
      vertex 20.996 27.0634 5.2
    endloop
  endfacet
  facet normal 0.544662 -0.838655 0
    outer loop
      vertex 20.0817 26.5355 5.2
      vertex 20.525 26.8234 11
      vertex 20.0817 26.5355 11
    endloop
  endfacet
  facet normal 0.544662 -0.838655 0
    outer loop
      vertex 20.525 26.8234 11
      vertex 20.0817 26.5355 5.2
      vertex 20.525 26.8234 5.2
    endloop
  endfacet
  facet normal 0.629253 -0.777201 0
    outer loop
      vertex 19.6709 26.2029 5.2
      vertex 20.0817 26.5355 11
      vertex 19.6709 26.2029 11
    endloop
  endfacet
  facet normal 0.629253 -0.777201 0
    outer loop
      vertex 20.0817 26.5355 11
      vertex 19.6709 26.2029 5.2
      vertex 20.0817 26.5355 5.2
    endloop
  endfacet
  facet normal 0.25884 -0.96592 0
    outer loop
      vertex 21.4895 27.2528 5.2
      vertex 22 27.3896 11
      vertex 21.4895 27.2528 11
    endloop
  endfacet
  facet normal 0.25884 -0.96592 0
    outer loop
      vertex 22 27.3896 11
      vertex 21.4895 27.2528 5.2
      vertex 22 27.3896 5.2
    endloop
  endfacet
  facet normal -0.96592 0.25884 0
    outer loop
      vertex 27.8528 20.8895 5.2
      vertex 27.9896 21.4 11
      vertex 27.9896 21.4 5.2
    endloop
  endfacet
  facet normal -0.96592 0.25884 0
    outer loop
      vertex 27.9896 21.4 11
      vertex 27.8528 20.8895 5.2
      vertex 27.8528 20.8895 11
    endloop
  endfacet
  facet normal -0.707107 0.707107 0
    outer loop
      vertex 26.4291 18.6971 5.2
      vertex 26.8029 19.0709 11
      vertex 26.8029 19.0709 5.2
    endloop
  endfacet
  facet normal -0.707107 0.707107 0
    outer loop
      vertex 26.8029 19.0709 11
      vertex 26.4291 18.6971 5.2
      vertex 26.4291 18.6971 11
    endloop
  endfacet
  facet normal 0 0 1
    outer loop
      vertex 25.75 22.45 5.2
      vertex 28.1 22.45 5.2
      vertex 28.0723 22.9779 5.2
    endloop
  endfacet
  facet normal 0 0 1
    outer loop
      vertex 25.7352 22.7322 5.2
      vertex 28.0723 22.9779 5.2
      vertex 27.9896 23.5 5.2
    endloop
  endfacet
  facet normal 0 0 1
    outer loop
      vertex 28.1 22.45 5.2
      vertex 25.75 22.45 5.2
      vertex 28.0723 21.9221 5.2
    endloop
  endfacet
  facet normal 0 0 1
    outer loop
      vertex 25.691 23.0114 5.2
      vertex 27.9896 23.5 5.2
      vertex 27.8528 24.0105 5.2
    endloop
  endfacet
  facet normal -0 0 1
    outer loop
      vertex 25.7352 22.1678 5.2
      vertex 28.0723 21.9221 5.2
      vertex 25.75 22.45 5.2
    endloop
  endfacet
  facet normal 0 0 1
    outer loop
      vertex 25.6179 23.2843 5.2
      vertex 27.8528 24.0105 5.2
      vertex 27.6634 24.504 5.2
    endloop
  endfacet
  facet normal 0 0 1
    outer loop
      vertex 28.0723 21.9221 5.2
      vertex 25.7352 22.1678 5.2
      vertex 27.9896 21.4 5.2
    endloop
  endfacet
  facet normal 0 0 1
    outer loop
      vertex 25.5166 23.5482 5.2
      vertex 27.6634 24.504 5.2
      vertex 27.4234 24.975 5.2
    endloop
  endfacet
  facet normal -0 0 1
    outer loop
      vertex 25.691 21.8886 5.2
      vertex 27.9896 21.4 5.2
      vertex 25.7352 22.1678 5.2
    endloop
  endfacet
  facet normal 0 0 1
    outer loop
      vertex 25.3883 23.8 5.2
      vertex 27.4234 24.975 5.2
      vertex 27.1355 25.4183 5.2
    endloop
  endfacet
  facet normal 0 0 1
    outer loop
      vertex 27.9896 21.4 5.2
      vertex 25.691 21.8886 5.2
      vertex 27.8528 20.8895 5.2
    endloop
  endfacet
  facet normal 0 0 1
    outer loop
      vertex 25.2343 24.037 5.2
      vertex 27.1355 25.4183 5.2
      vertex 26.8029 25.8291 5.2
    endloop
  endfacet
  facet normal -0 0 1
    outer loop
      vertex 25.6179 21.6157 5.2
      vertex 27.8528 20.8895 5.2
      vertex 25.691 21.8886 5.2
    endloop
  endfacet
  facet normal 0 0 1
    outer loop
      vertex 25.0565 24.2567 5.2
      vertex 26.8029 25.8291 5.2
      vertex 26.4291 26.2029 5.2
    endloop
  endfacet
  facet normal 0 0 1
    outer loop
      vertex 27.8528 20.8895 5.2
      vertex 25.6179 21.6157 5.2
      vertex 27.6634 20.396 5.2
    endloop
  endfacet
  facet normal 0 0 1
    outer loop
      vertex 24.8567 24.4565 5.2
      vertex 26.4291 26.2029 5.2
      vertex 26.0183 26.5355 5.2
    endloop
  endfacet
  facet normal -0 0 1
    outer loop
      vertex 25.5166 21.3518 5.2
      vertex 27.6634 20.396 5.2
      vertex 25.6179 21.6157 5.2
    endloop
  endfacet
  facet normal 0 0 1
    outer loop
      vertex 27.6634 20.396 5.2
      vertex 25.5166 21.3518 5.2
      vertex 27.4234 19.925 5.2
    endloop
  endfacet
  facet normal 0 0 1
    outer loop
      vertex 28.0723 22.9779 5.2
      vertex 25.7352 22.7322 5.2
      vertex 25.75 22.45 5.2
    endloop
  endfacet
  facet normal 0 0 1
    outer loop
      vertex 27.9896 23.5 5.2
      vertex 25.691 23.0114 5.2
      vertex 25.7352 22.7322 5.2
    endloop
  endfacet
  facet normal 0 0 1
    outer loop
      vertex 27.8528 24.0105 5.2
      vertex 25.6179 23.2843 5.2
      vertex 25.691 23.0114 5.2
    endloop
  endfacet
  facet normal 0 0 1
    outer loop
      vertex 24.637 24.6343 5.2
      vertex 26.0183 26.5355 5.2
      vertex 25.575 26.8234 5.2
    endloop
  endfacet
  facet normal 0 0 1
    outer loop
      vertex 27.6634 24.504 5.2
      vertex 25.5166 23.5482 5.2
      vertex 25.6179 23.2843 5.2
    endloop
  endfacet
  facet normal 0 0 1
    outer loop
      vertex 27.4234 24.975 5.2
      vertex 25.3883 23.8 5.2
      vertex 25.5166 23.5482 5.2
    endloop
  endfacet
  facet normal 0 0 1
    outer loop
      vertex 27.1355 25.4183 5.2
      vertex 25.2343 24.037 5.2
      vertex 25.3883 23.8 5.2
    endloop
  endfacet
  facet normal 0 0 1
    outer loop
      vertex 24.4 24.7883 5.2
      vertex 25.575 26.8234 5.2
      vertex 25.104 27.0634 5.2
    endloop
  endfacet
  facet normal 0 0 1
    outer loop
      vertex 26.8029 25.8291 5.2
      vertex 25.0565 24.2567 5.2
      vertex 25.2343 24.037 5.2
    endloop
  endfacet
  facet normal 0 0 1
    outer loop
      vertex 26.4291 26.2029 5.2
      vertex 24.8567 24.4565 5.2
      vertex 25.0565 24.2567 5.2
    endloop
  endfacet
  facet normal 0 0 1
    outer loop
      vertex 26.0183 26.5355 5.2
      vertex 24.637 24.6343 5.2
      vertex 24.8567 24.4565 5.2
    endloop
  endfacet
  facet normal 0 0 1
    outer loop
      vertex 24.1482 24.9166 5.2
      vertex 25.104 27.0634 5.2
      vertex 24.6105 27.2528 5.2
    endloop
  endfacet
  facet normal 0 0 1
    outer loop
      vertex 25.575 26.8234 5.2
      vertex 24.4 24.7883 5.2
      vertex 24.637 24.6343 5.2
    endloop
  endfacet
  facet normal 0 0 1
    outer loop
      vertex 25.104 27.0634 5.2
      vertex 24.1482 24.9166 5.2
      vertex 24.4 24.7883 5.2
    endloop
  endfacet
  facet normal 0 0 1
    outer loop
      vertex 23.8843 25.0179 5.2
      vertex 24.6105 27.2528 5.2
      vertex 24.1 27.3896 5.2
    endloop
  endfacet
  facet normal 0 0 1
    outer loop
      vertex 24.6105 27.2528 5.2
      vertex 23.8843 25.0179 5.2
      vertex 24.1482 24.9166 5.2
    endloop
  endfacet
  facet normal 0 0 1
    outer loop
      vertex 24.1 27.3896 5.2
      vertex 23.6114 25.091 5.2
      vertex 23.8843 25.0179 5.2
    endloop
  endfacet
  facet normal 0 0 1
    outer loop
      vertex 23.5779 27.4723 5.2
      vertex 23.6114 25.091 5.2
      vertex 24.1 27.3896 5.2
    endloop
  endfacet
  facet normal 0 0 1
    outer loop
      vertex 23.5779 27.4723 5.2
      vertex 23.3322 25.1352 5.2
      vertex 23.6114 25.091 5.2
    endloop
  endfacet
  facet normal 0 0 1
    outer loop
      vertex 23.05 27.5 5.2
      vertex 23.3322 25.1352 5.2
      vertex 23.5779 27.4723 5.2
    endloop
  endfacet
  facet normal 0 0 1
    outer loop
      vertex 23.05 27.5 5.2
      vertex 23.05 25.15 5.2
      vertex 23.3322 25.1352 5.2
    endloop
  endfacet
  facet normal 0 0 1
    outer loop
      vertex 23.05 27.5 5.2
      vertex 22.7678 25.1352 5.2
      vertex 23.05 25.15 5.2
    endloop
  endfacet
  facet normal -0 0 1
    outer loop
      vertex 22.5221 27.4723 5.2
      vertex 22.7678 25.1352 5.2
      vertex 23.05 27.5 5.2
    endloop
  endfacet
  facet normal 0 0 1
    outer loop
      vertex 22.5221 27.4723 5.2
      vertex 22.4886 25.091 5.2
      vertex 22.7678 25.1352 5.2
    endloop
  endfacet
  facet normal -0 0 1
    outer loop
      vertex 22 27.3896 5.2
      vertex 22.4886 25.091 5.2
      vertex 22.5221 27.4723 5.2
    endloop
  endfacet
  facet normal 0 0 1
    outer loop
      vertex 22.4886 25.091 5.2
      vertex 22 27.3896 5.2
      vertex 22.2157 25.0179 5.2
    endloop
  endfacet
  facet normal -0 0 1
    outer loop
      vertex 21.4895 27.2528 5.2
      vertex 22.2157 25.0179 5.2
      vertex 22 27.3896 5.2
    endloop
  endfacet
  facet normal 0 0 1
    outer loop
      vertex 22.2157 25.0179 5.2
      vertex 21.4895 27.2528 5.2
      vertex 21.9518 24.9166 5.2
    endloop
  endfacet
  facet normal -0 0 1
    outer loop
      vertex 20.996 27.0634 5.2
      vertex 21.9518 24.9166 5.2
      vertex 21.4895 27.2528 5.2
    endloop
  endfacet
  facet normal 0 0 1
    outer loop
      vertex 21.9518 24.9166 5.2
      vertex 20.996 27.0634 5.2
      vertex 21.7 24.7883 5.2
    endloop
  endfacet
  facet normal -0 0 1
    outer loop
      vertex 20.525 26.8234 5.2
      vertex 21.7 24.7883 5.2
      vertex 20.996 27.0634 5.2
    endloop
  endfacet
  facet normal 0 0 1
    outer loop
      vertex 21.7 24.7883 5.2
      vertex 20.525 26.8234 5.2
      vertex 21.463 24.6343 5.2
    endloop
  endfacet
  facet normal -0 0 1
    outer loop
      vertex 20.0817 26.5355 5.2
      vertex 21.463 24.6343 5.2
      vertex 20.525 26.8234 5.2
    endloop
  endfacet
  facet normal 0 0 1
    outer loop
      vertex 21.463 24.6343 5.2
      vertex 20.0817 26.5355 5.2
      vertex 21.2433 24.4565 5.2
    endloop
  endfacet
  facet normal -0 0 1
    outer loop
      vertex 19.6709 26.2029 5.2
      vertex 21.2433 24.4565 5.2
      vertex 20.0817 26.5355 5.2
    endloop
  endfacet
  facet normal 0 0 1
    outer loop
      vertex 21.2433 24.4565 5.2
      vertex 19.6709 26.2029 5.2
      vertex 21.0435 24.2567 5.2
    endloop
  endfacet
  facet normal -0 0 1
    outer loop
      vertex 19.2971 25.8291 5.2
      vertex 21.0435 24.2567 5.2
      vertex 19.6709 26.2029 5.2
    endloop
  endfacet
  facet normal 0 0 1
    outer loop
      vertex 21.0435 24.2567 5.2
      vertex 19.2971 25.8291 5.2
      vertex 20.8657 24.037 5.2
    endloop
  endfacet
  facet normal -0 0 1
    outer loop
      vertex 18.9645 25.4183 5.2
      vertex 20.8657 24.037 5.2
      vertex 19.2971 25.8291 5.2
    endloop
  endfacet
  facet normal 0 0 1
    outer loop
      vertex 20.8657 24.037 5.2
      vertex 18.9645 25.4183 5.2
      vertex 20.7117 23.8 5.2
    endloop
  endfacet
  facet normal -0 0 1
    outer loop
      vertex 18.6766 24.975 5.2
      vertex 20.7117 23.8 5.2
      vertex 18.9645 25.4183 5.2
    endloop
  endfacet
  facet normal 0 0 1
    outer loop
      vertex 20.7117 23.8 5.2
      vertex 18.6766 24.975 5.2
      vertex 20.5834 23.5482 5.2
    endloop
  endfacet
  facet normal -0 0 1
    outer loop
      vertex 25.3883 21.1 5.2
      vertex 27.4234 19.925 5.2
      vertex 25.5166 21.3518 5.2
    endloop
  endfacet
  facet normal 0 0 1
    outer loop
      vertex 27.4234 19.925 5.2
      vertex 25.3883 21.1 5.2
      vertex 27.1355 19.4817 5.2
    endloop
  endfacet
  facet normal -0 0 1
    outer loop
      vertex 25.2343 20.863 5.2
      vertex 27.1355 19.4817 5.2
      vertex 25.3883 21.1 5.2
    endloop
  endfacet
  facet normal 0 0 1
    outer loop
      vertex 27.1355 19.4817 5.2
      vertex 25.2343 20.863 5.2
      vertex 26.8029 19.0709 5.2
    endloop
  endfacet
  facet normal -0 0 1
    outer loop
      vertex 25.0565 20.6433 5.2
      vertex 26.8029 19.0709 5.2
      vertex 25.2343 20.863 5.2
    endloop
  endfacet
  facet normal 0 0 1
    outer loop
      vertex 26.8029 19.0709 5.2
      vertex 25.0565 20.6433 5.2
      vertex 26.4291 18.6971 5.2
    endloop
  endfacet
  facet normal -0 0 1
    outer loop
      vertex 24.8567 20.4435 5.2
      vertex 26.4291 18.6971 5.2
      vertex 25.0565 20.6433 5.2
    endloop
  endfacet
  facet normal 0 0 1
    outer loop
      vertex 26.4291 18.6971 5.2
      vertex 24.8567 20.4435 5.2
      vertex 26.0183 18.3645 5.2
    endloop
  endfacet
  facet normal -0 0 1
    outer loop
      vertex 24.637 20.2657 5.2
      vertex 26.0183 18.3645 5.2
      vertex 24.8567 20.4435 5.2
    endloop
  endfacet
  facet normal 0 0 1
    outer loop
      vertex 26.0183 18.3645 5.2
      vertex 24.637 20.2657 5.2
      vertex 25.575 18.0766 5.2
    endloop
  endfacet
  facet normal -0 0 1
    outer loop
      vertex 24.4 20.1117 5.2
      vertex 25.575 18.0766 5.2
      vertex 24.637 20.2657 5.2
    endloop
  endfacet
  facet normal 0 0 1
    outer loop
      vertex 25.575 18.0766 5.2
      vertex 24.4 20.1117 5.2
      vertex 25.104 17.8366 5.2
    endloop
  endfacet
  facet normal -0 0 1
    outer loop
      vertex 24.1482 19.9834 5.2
      vertex 25.104 17.8366 5.2
      vertex 24.4 20.1117 5.2
    endloop
  endfacet
  facet normal 0 0 1
    outer loop
      vertex 25.104 17.8366 5.2
      vertex 24.1482 19.9834 5.2
      vertex 24.6105 17.6472 5.2
    endloop
  endfacet
  facet normal -0 0 1
    outer loop
      vertex 23.8843 19.8821 5.2
      vertex 24.6105 17.6472 5.2
      vertex 24.1482 19.9834 5.2
    endloop
  endfacet
  facet normal 0 0 1
    outer loop
      vertex 24.6105 17.6472 5.2
      vertex 23.8843 19.8821 5.2
      vertex 24.1 17.5104 5.2
    endloop
  endfacet
  facet normal -0 0 1
    outer loop
      vertex 23.6114 19.809 5.2
      vertex 24.1 17.5104 5.2
      vertex 23.8843 19.8821 5.2
    endloop
  endfacet
  facet normal 0 0 1
    outer loop
      vertex 23.6114 19.809 5.2
      vertex 23.5779 17.4277 5.2
      vertex 24.1 17.5104 5.2
    endloop
  endfacet
  facet normal -0 0 1
    outer loop
      vertex 23.3322 19.7648 5.2
      vertex 23.5779 17.4277 5.2
      vertex 23.6114 19.809 5.2
    endloop
  endfacet
  facet normal -0 0 1
    outer loop
      vertex 23.05 19.75 5.2
      vertex 23.5779 17.4277 5.2
      vertex 23.3322 19.7648 5.2
    endloop
  endfacet
  facet normal 0 0 1
    outer loop
      vertex 23.05 19.75 5.2
      vertex 23.05 17.4 5.2
      vertex 23.5779 17.4277 5.2
    endloop
  endfacet
  facet normal 0 0 1
    outer loop
      vertex 22.7678 19.7648 5.2
      vertex 23.05 17.4 5.2
      vertex 23.05 19.75 5.2
    endloop
  endfacet
  facet normal 0 0 1
    outer loop
      vertex 22.7678 19.7648 5.2
      vertex 22.5221 17.4277 5.2
      vertex 23.05 17.4 5.2
    endloop
  endfacet
  facet normal 0 0 1
    outer loop
      vertex 22.4886 19.809 5.2
      vertex 22.5221 17.4277 5.2
      vertex 22.7678 19.7648 5.2
    endloop
  endfacet
  facet normal 0 0 1
    outer loop
      vertex 22 17.5104 5.2
      vertex 22.4886 19.809 5.2
      vertex 22.2157 19.8821 5.2
    endloop
  endfacet
  facet normal 0 0 1
    outer loop
      vertex 22.4886 19.809 5.2
      vertex 22 17.5104 5.2
      vertex 22.5221 17.4277 5.2
    endloop
  endfacet
  facet normal 0 0 1
    outer loop
      vertex 21.4895 17.6472 5.2
      vertex 22.2157 19.8821 5.2
      vertex 21.9518 19.9834 5.2
    endloop
  endfacet
  facet normal 0 0 1
    outer loop
      vertex 20.996 17.8366 5.2
      vertex 21.9518 19.9834 5.2
      vertex 21.7 20.1117 5.2
    endloop
  endfacet
  facet normal 0 0 1
    outer loop
      vertex 22.2157 19.8821 5.2
      vertex 21.4895 17.6472 5.2
      vertex 22 17.5104 5.2
    endloop
  endfacet
  facet normal 0 0 1
    outer loop
      vertex 20.525 18.0766 5.2
      vertex 21.7 20.1117 5.2
      vertex 21.463 20.2657 5.2
    endloop
  endfacet
  facet normal 0 0 1
    outer loop
      vertex 20.0817 18.3645 5.2
      vertex 21.463 20.2657 5.2
      vertex 21.2433 20.4435 5.2
    endloop
  endfacet
  facet normal 0 0 1
    outer loop
      vertex 19.6709 18.6971 5.2
      vertex 21.2433 20.4435 5.2
      vertex 21.0435 20.6433 5.2
    endloop
  endfacet
  facet normal 0 0 1
    outer loop
      vertex 21.9518 19.9834 5.2
      vertex 20.996 17.8366 5.2
      vertex 21.4895 17.6472 5.2
    endloop
  endfacet
  facet normal 0 0 1
    outer loop
      vertex 19.2971 19.0709 5.2
      vertex 21.0435 20.6433 5.2
      vertex 20.8657 20.863 5.2
    endloop
  endfacet
  facet normal 0 0 1
    outer loop
      vertex 18.9645 19.4817 5.2
      vertex 20.8657 20.863 5.2
      vertex 20.7117 21.1 5.2
    endloop
  endfacet
  facet normal 0 0 1
    outer loop
      vertex 18.6766 19.925 5.2
      vertex 20.7117 21.1 5.2
      vertex 20.5834 21.3518 5.2
    endloop
  endfacet
  facet normal 0 0 1
    outer loop
      vertex 21.7 20.1117 5.2
      vertex 20.525 18.0766 5.2
      vertex 20.996 17.8366 5.2
    endloop
  endfacet
  facet normal 0 0 1
    outer loop
      vertex 18.4366 20.396 5.2
      vertex 20.5834 21.3518 5.2
      vertex 20.4821 21.6157 5.2
    endloop
  endfacet
  facet normal 0 0 1
    outer loop
      vertex 18.2472 20.8895 5.2
      vertex 20.4821 21.6157 5.2
      vertex 20.409 21.8886 5.2
    endloop
  endfacet
  facet normal 0 0 1
    outer loop
      vertex 18.1104 21.4 5.2
      vertex 20.409 21.8886 5.2
      vertex 20.3648 22.1678 5.2
    endloop
  endfacet
  facet normal 0 0 1
    outer loop
      vertex 18.0277 21.9221 5.2
      vertex 20.3648 22.1678 5.2
      vertex 20.35 22.45 5.2
    endloop
  endfacet
  facet normal -0 0 1
    outer loop
      vertex 18.4366 24.504 5.2
      vertex 20.5834 23.5482 5.2
      vertex 18.6766 24.975 5.2
    endloop
  endfacet
  facet normal 0 0 1
    outer loop
      vertex 21.463 20.2657 5.2
      vertex 20.0817 18.3645 5.2
      vertex 20.525 18.0766 5.2
    endloop
  endfacet
  facet normal 0 0 1
    outer loop
      vertex 20.5834 23.5482 5.2
      vertex 18.4366 24.504 5.2
      vertex 20.4821 23.2843 5.2
    endloop
  endfacet
  facet normal 0 0 1
    outer loop
      vertex 21.2433 20.4435 5.2
      vertex 19.6709 18.6971 5.2
      vertex 20.0817 18.3645 5.2
    endloop
  endfacet
  facet normal -0 0 1
    outer loop
      vertex 18.2472 24.0105 5.2
      vertex 20.4821 23.2843 5.2
      vertex 18.4366 24.504 5.2
    endloop
  endfacet
  facet normal 0 0 1
    outer loop
      vertex 21.0435 20.6433 5.2
      vertex 19.2971 19.0709 5.2
      vertex 19.6709 18.6971 5.2
    endloop
  endfacet
  facet normal 0 0 1
    outer loop
      vertex 20.4821 23.2843 5.2
      vertex 18.2472 24.0105 5.2
      vertex 20.409 23.0114 5.2
    endloop
  endfacet
  facet normal 0 0 1
    outer loop
      vertex 20.8657 20.863 5.2
      vertex 18.9645 19.4817 5.2
      vertex 19.2971 19.0709 5.2
    endloop
  endfacet
  facet normal -0 0 1
    outer loop
      vertex 18.1104 23.5 5.2
      vertex 20.409 23.0114 5.2
      vertex 18.2472 24.0105 5.2
    endloop
  endfacet
  facet normal 0 0 1
    outer loop
      vertex 20.7117 21.1 5.2
      vertex 18.6766 19.925 5.2
      vertex 18.9645 19.4817 5.2
    endloop
  endfacet
  facet normal 0 0 1
    outer loop
      vertex 20.409 23.0114 5.2
      vertex 18.1104 23.5 5.2
      vertex 20.3648 22.7322 5.2
    endloop
  endfacet
  facet normal 0 0 1
    outer loop
      vertex 20.5834 21.3518 5.2
      vertex 18.4366 20.396 5.2
      vertex 18.6766 19.925 5.2
    endloop
  endfacet
  facet normal -0 0 1
    outer loop
      vertex 18.0277 22.9779 5.2
      vertex 20.3648 22.7322 5.2
      vertex 18.1104 23.5 5.2
    endloop
  endfacet
  facet normal 0 0 1
    outer loop
      vertex 20.4821 21.6157 5.2
      vertex 18.2472 20.8895 5.2
      vertex 18.4366 20.396 5.2
    endloop
  endfacet
  facet normal 0 0 1
    outer loop
      vertex 20.3648 22.7322 5.2
      vertex 18.0277 22.9779 5.2
      vertex 20.35 22.45 5.2
    endloop
  endfacet
  facet normal 0 0 1
    outer loop
      vertex 20.409 21.8886 5.2
      vertex 18.1104 21.4 5.2
      vertex 18.2472 20.8895 5.2
    endloop
  endfacet
  facet normal 0 0 1
    outer loop
      vertex 18 22.45 5.2
      vertex 20.35 22.45 5.2
      vertex 18.0277 22.9779 5.2
    endloop
  endfacet
  facet normal 0 0 1
    outer loop
      vertex 20.3648 22.1678 5.2
      vertex 18.0277 21.9221 5.2
      vertex 18.1104 21.4 5.2
    endloop
  endfacet
  facet normal 0 0 1
    outer loop
      vertex 20.35 22.45 5.2
      vertex 18 22.45 5.2
      vertex 18.0277 21.9221 5.2
    endloop
  endfacet
  facet normal -0.358307 0.933604 0
    outer loop
      vertex 25.104 17.8366 5.2
      vertex 24.6105 17.6472 11
      vertex 25.104 17.8366 11
    endloop
  endfacet
  facet normal -0.358307 0.933604 0
    outer loop
      vertex 24.6105 17.6472 11
      vertex 25.104 17.8366 5.2
      vertex 24.6105 17.6472 5.2
    endloop
  endfacet
  facet normal -0.454011 -0.890996 0
    outer loop
      vertex 25.104 27.0634 5.2
      vertex 25.575 26.8234 11
      vertex 25.104 27.0634 11
    endloop
  endfacet
  facet normal -0.454011 -0.890996 -0
    outer loop
      vertex 25.575 26.8234 11
      vertex 25.104 27.0634 5.2
      vertex 25.575 26.8234 5.2
    endloop
  endfacet
  facet normal 0.933604 -0.358307 0
    outer loop
      vertex 18.2472 24.0105 11
      vertex 18.4366 24.504 5.2
      vertex 18.4366 24.504 11
    endloop
  endfacet
  facet normal 0.933604 -0.358307 0
    outer loop
      vertex 18.4366 24.504 5.2
      vertex 18.2472 24.0105 11
      vertex 18.2472 24.0105 5.2
    endloop
  endfacet
  facet normal -0.987686 0.156448 0
    outer loop
      vertex 27.9896 21.4 5.2
      vertex 28.0723 21.9221 11
      vertex 28.0723 21.9221 5.2
    endloop
  endfacet
  facet normal -0.987686 0.156448 0
    outer loop
      vertex 28.0723 21.9221 11
      vertex 27.9896 21.4 5.2
      vertex 27.9896 21.4 11
    endloop
  endfacet
  facet normal -0.998626 0.0524 0
    outer loop
      vertex 28.0723 21.9221 5.2
      vertex 28.1 22.45 11
      vertex 28.1 22.45 5.2
    endloop
  endfacet
  facet normal -0.998626 0.0524 0
    outer loop
      vertex 28.1 22.45 11
      vertex 28.0723 21.9221 5.2
      vertex 28.0723 21.9221 11
    endloop
  endfacet
  facet normal -0.629253 0.777201 0
    outer loop
      vertex 26.4291 18.6971 5.2
      vertex 26.0183 18.3645 11
      vertex 26.4291 18.6971 11
    endloop
  endfacet
  facet normal -0.629253 0.777201 0
    outer loop
      vertex 26.0183 18.3645 11
      vertex 26.4291 18.6971 5.2
      vertex 26.0183 18.3645 5.2
    endloop
  endfacet
  facet normal -0.777201 0.629253 0
    outer loop
      vertex 26.8029 19.0709 5.2
      vertex 27.1355 19.4817 11
      vertex 27.1355 19.4817 5.2
    endloop
  endfacet
  facet normal -0.777201 0.629253 0
    outer loop
      vertex 27.1355 19.4817 11
      vertex 26.8029 19.0709 5.2
      vertex 26.8029 19.0709 11
    endloop
  endfacet
  facet normal 0.777201 0.629253 0
    outer loop
      vertex 19.2971 19.0709 11
      vertex 18.9645 19.4817 5.2
      vertex 18.9645 19.4817 11
    endloop
  endfacet
  facet normal 0.777201 0.629253 0
    outer loop
      vertex 18.9645 19.4817 5.2
      vertex 19.2971 19.0709 11
      vertex 19.2971 19.0709 5.2
    endloop
  endfacet
  facet normal 0.96592 0.25884 0
    outer loop
      vertex 18.2472 20.8895 11
      vertex 18.1104 21.4 5.2
      vertex 18.1104 21.4 11
    endloop
  endfacet
  facet normal 0.96592 0.25884 0
    outer loop
      vertex 18.1104 21.4 5.2
      vertex 18.2472 20.8895 11
      vertex 18.2472 20.8895 5.2
    endloop
  endfacet
  facet normal -0.25884 0.96592 0
    outer loop
      vertex 24.6105 17.6472 5.2
      vertex 24.1 17.5104 11
      vertex 24.6105 17.6472 11
    endloop
  endfacet
  facet normal -0.25884 0.96592 0
    outer loop
      vertex 24.1 17.5104 11
      vertex 24.6105 17.6472 5.2
      vertex 24.1 17.5104 5.2
    endloop
  endfacet
  facet normal -0.933604 0.358307 0
    outer loop
      vertex 27.6634 20.396 5.2
      vertex 27.8528 20.8895 11
      vertex 27.8528 20.8895 5.2
    endloop
  endfacet
  facet normal -0.933604 0.358307 0
    outer loop
      vertex 27.8528 20.8895 11
      vertex 27.6634 20.396 5.2
      vertex 27.6634 20.396 11
    endloop
  endfacet
  facet normal -0.890996 0.454011 0
    outer loop
      vertex 27.4234 19.925 5.2
      vertex 27.6634 20.396 11
      vertex 27.6634 20.396 5.2
    endloop
  endfacet
  facet normal -0.890996 0.454011 0
    outer loop
      vertex 27.6634 20.396 11
      vertex 27.4234 19.925 5.2
      vertex 27.4234 19.925 11
    endloop
  endfacet
  facet normal -0.454011 0.890996 0
    outer loop
      vertex 25.575 18.0766 5.2
      vertex 25.104 17.8366 11
      vertex 25.575 18.0766 11
    endloop
  endfacet
  facet normal -0.454011 0.890996 0
    outer loop
      vertex 25.104 17.8366 11
      vertex 25.575 18.0766 5.2
      vertex 25.104 17.8366 5.2
    endloop
  endfacet
  facet normal -0.544662 0.838655 0
    outer loop
      vertex 26.0183 18.3645 5.2
      vertex 25.575 18.0766 11
      vertex 26.0183 18.3645 11
    endloop
  endfacet
  facet normal -0.544662 0.838655 0
    outer loop
      vertex 25.575 18.0766 11
      vertex 26.0183 18.3645 5.2
      vertex 25.575 18.0766 5.2
    endloop
  endfacet
  facet normal -0.838655 0.544662 0
    outer loop
      vertex 27.1355 19.4817 5.2
      vertex 27.4234 19.925 11
      vertex 27.4234 19.925 5.2
    endloop
  endfacet
  facet normal -0.838655 0.544662 0
    outer loop
      vertex 27.4234 19.925 11
      vertex 27.1355 19.4817 5.2
      vertex 27.1355 19.4817 11
    endloop
  endfacet
  facet normal 0.0524 0.998626 -0
    outer loop
      vertex 23.05 17.4 5.2
      vertex 22.5221 17.4277 11
      vertex 23.05 17.4 11
    endloop
  endfacet
  facet normal 0.0524 0.998626 0
    outer loop
      vertex 22.5221 17.4277 11
      vertex 23.05 17.4 5.2
      vertex 22.5221 17.4277 5.2
    endloop
  endfacet
  facet normal 0.707107 0.707107 0
    outer loop
      vertex 19.6709 18.6971 11
      vertex 19.2971 19.0709 5.2
      vertex 19.2971 19.0709 11
    endloop
  endfacet
  facet normal 0.707107 0.707107 0
    outer loop
      vertex 19.2971 19.0709 5.2
      vertex 19.6709 18.6971 11
      vertex 19.6709 18.6971 5.2
    endloop
  endfacet
  facet normal 0.890996 0.454011 0
    outer loop
      vertex 18.6766 19.925 11
      vertex 18.4366 20.396 5.2
      vertex 18.4366 20.396 11
    endloop
  endfacet
  facet normal 0.890996 0.454011 0
    outer loop
      vertex 18.4366 20.396 5.2
      vertex 18.6766 19.925 11
      vertex 18.6766 19.925 5.2
    endloop
  endfacet
  facet normal 0.933604 0.358307 0
    outer loop
      vertex 18.4366 20.396 11
      vertex 18.2472 20.8895 5.2
      vertex 18.2472 20.8895 11
    endloop
  endfacet
  facet normal 0.933604 0.358307 0
    outer loop
      vertex 18.2472 20.8895 5.2
      vertex 18.4366 20.396 11
      vertex 18.4366 20.396 5.2
    endloop
  endfacet
  facet normal 0.987686 0.156448 0
    outer loop
      vertex 18.1104 21.4 11
      vertex 18.0277 21.9221 5.2
      vertex 18.0277 21.9221 11
    endloop
  endfacet
  facet normal 0.987686 0.156448 0
    outer loop
      vertex 18.0277 21.9221 5.2
      vertex 18.1104 21.4 11
      vertex 18.1104 21.4 5.2
    endloop
  endfacet
  facet normal 0.998626 0.0524 0
    outer loop
      vertex 18.0277 21.9221 11
      vertex 18 22.45 5.2
      vertex 18 22.45 11
    endloop
  endfacet
  facet normal 0.998626 0.0524 0
    outer loop
      vertex 18 22.45 5.2
      vertex 18.0277 21.9221 11
      vertex 18.0277 21.9221 5.2
    endloop
  endfacet
  facet normal 0.629253 0.777201 -0
    outer loop
      vertex 20.0817 18.3645 5.2
      vertex 19.6709 18.6971 11
      vertex 20.0817 18.3645 11
    endloop
  endfacet
  facet normal 0.629253 0.777201 0
    outer loop
      vertex 19.6709 18.6971 11
      vertex 20.0817 18.3645 5.2
      vertex 19.6709 18.6971 5.2
    endloop
  endfacet
  facet normal 0.544662 0.838655 -0
    outer loop
      vertex 20.525 18.0766 5.2
      vertex 20.0817 18.3645 11
      vertex 20.525 18.0766 11
    endloop
  endfacet
  facet normal 0.544662 0.838655 0
    outer loop
      vertex 20.0817 18.3645 11
      vertex 20.525 18.0766 5.2
      vertex 20.0817 18.3645 5.2
    endloop
  endfacet
  facet normal 0.358307 0.933604 -0
    outer loop
      vertex 21.4895 17.6472 5.2
      vertex 20.996 17.8366 11
      vertex 21.4895 17.6472 11
    endloop
  endfacet
  facet normal 0.358307 0.933604 0
    outer loop
      vertex 20.996 17.8366 11
      vertex 21.4895 17.6472 5.2
      vertex 20.996 17.8366 5.2
    endloop
  endfacet
  facet normal 0.454011 0.890996 -0
    outer loop
      vertex 20.996 17.8366 5.2
      vertex 20.525 18.0766 11
      vertex 20.996 17.8366 11
    endloop
  endfacet
  facet normal 0.454011 0.890996 0
    outer loop
      vertex 20.525 18.0766 11
      vertex 20.996 17.8366 5.2
      vertex 20.525 18.0766 5.2
    endloop
  endfacet
  facet normal 0.25884 0.96592 -0
    outer loop
      vertex 22 17.5104 5.2
      vertex 21.4895 17.6472 11
      vertex 22 17.5104 11
    endloop
  endfacet
  facet normal 0.25884 0.96592 0
    outer loop
      vertex 21.4895 17.6472 11
      vertex 22 17.5104 5.2
      vertex 21.4895 17.6472 5.2
    endloop
  endfacet
  facet normal 0.156448 0.987686 -0
    outer loop
      vertex 22.5221 17.4277 5.2
      vertex 22 17.5104 11
      vertex 22.5221 17.4277 11
    endloop
  endfacet
  facet normal 0.156448 0.987686 0
    outer loop
      vertex 22 17.5104 11
      vertex 22.5221 17.4277 5.2
      vertex 22 17.5104 5.2
    endloop
  endfacet
  facet normal 0.838655 0.544662 0
    outer loop
      vertex 18.9645 19.4817 11
      vertex 18.6766 19.925 5.2
      vertex 18.6766 19.925 11
    endloop
  endfacet
  facet normal 0.838655 0.544662 0
    outer loop
      vertex 18.6766 19.925 5.2
      vertex 18.9645 19.4817 11
      vertex 18.9645 19.4817 5.2
    endloop
  endfacet
  facet normal -0.998628 -0.0523731 0
    outer loop
      vertex 25.75 22.45 0
      vertex 25.7352 22.7322 5.2
      vertex 25.7352 22.7322 0
    endloop
  endfacet
  facet normal -0.998628 -0.0523731 0
    outer loop
      vertex 25.7352 22.7322 5.2
      vertex 25.75 22.45 0
      vertex 25.75 22.45 5.2
    endloop
  endfacet
  facet normal 0.998628 -0.0523731 0
    outer loop
      vertex 20.35 22.45 5.2
      vertex 20.3648 22.7322 0
      vertex 20.3648 22.7322 5.2
    endloop
  endfacet
  facet normal 0.998628 -0.0523731 0
    outer loop
      vertex 20.3648 22.7322 0
      vertex 20.35 22.45 5.2
      vertex 20.35 22.45 0
    endloop
  endfacet
  facet normal -0.0523731 -0.998628 0
    outer loop
      vertex 23.05 25.15 0
      vertex 23.3322 25.1352 5.2
      vertex 23.05 25.15 5.2
    endloop
  endfacet
  facet normal -0.0523731 -0.998628 -0
    outer loop
      vertex 23.3322 25.1352 5.2
      vertex 23.05 25.15 0
      vertex 23.3322 25.1352 0
    endloop
  endfacet
  facet normal -0.707107 -0.707107 0
    outer loop
      vertex 25.0565 24.2567 0
      vertex 24.8567 24.4565 5.2
      vertex 24.8567 24.4565 0
    endloop
  endfacet
  facet normal -0.707107 -0.707107 0
    outer loop
      vertex 24.8567 24.4565 5.2
      vertex 25.0565 24.2567 0
      vertex 25.0565 24.2567 5.2
    endloop
  endfacet
  facet normal 0.629086 -0.777335 0
    outer loop
      vertex 21.2433 24.4565 0
      vertex 21.463 24.6343 5.2
      vertex 21.2433 24.4565 5.2
    endloop
  endfacet
  facet normal 0.629086 -0.777335 0
    outer loop
      vertex 21.463 24.6343 5.2
      vertex 21.2433 24.4565 0
      vertex 21.463 24.6343 0
    endloop
  endfacet
  facet normal 0.258742 -0.965946 0
    outer loop
      vertex 22.2157 25.0179 0
      vertex 22.4886 25.091 5.2
      vertex 22.2157 25.0179 5.2
    endloop
  endfacet
  facet normal 0.258742 -0.965946 0
    outer loop
      vertex 22.4886 25.091 5.2
      vertex 22.2157 25.0179 0
      vertex 22.4886 25.091 0
    endloop
  endfacet
  facet normal -0.891004 -0.453995 0
    outer loop
      vertex 25.5166 23.5482 0
      vertex 25.3883 23.8 5.2
      vertex 25.3883 23.8 0
    endloop
  endfacet
  facet normal -0.891004 -0.453995 0
    outer loop
      vertex 25.3883 23.8 5.2
      vertex 25.5166 23.5482 0
      vertex 25.5166 23.5482 5.2
    endloop
  endfacet
  facet normal -0.358363 -0.933582 0
    outer loop
      vertex 23.8843 25.0179 0
      vertex 24.1482 24.9166 5.2
      vertex 23.8843 25.0179 5.2
    endloop
  endfacet
  facet normal -0.358363 -0.933582 -0
    outer loop
      vertex 24.1482 24.9166 5.2
      vertex 23.8843 25.0179 0
      vertex 24.1482 24.9166 0
    endloop
  endfacet
  facet normal -0.258742 -0.965946 0
    outer loop
      vertex 23.6114 25.091 0
      vertex 23.8843 25.0179 5.2
      vertex 23.6114 25.091 5.2
    endloop
  endfacet
  facet normal -0.258742 -0.965946 -0
    outer loop
      vertex 23.8843 25.0179 5.2
      vertex 23.6114 25.091 0
      vertex 23.8843 25.0179 0
    endloop
  endfacet
  facet normal -0.544864 -0.838524 0
    outer loop
      vertex 24.4 24.7883 0
      vertex 24.637 24.6343 5.2
      vertex 24.4 24.7883 5.2
    endloop
  endfacet
  facet normal -0.544864 -0.838524 -0
    outer loop
      vertex 24.637 24.6343 5.2
      vertex 24.4 24.7883 0
      vertex 24.637 24.6343 0
    endloop
  endfacet
  facet normal 0.891004 -0.453995 0
    outer loop
      vertex 20.5834 23.5482 5.2
      vertex 20.7117 23.8 0
      vertex 20.7117 23.8 5.2
    endloop
  endfacet
  facet normal 0.891004 -0.453995 0
    outer loop
      vertex 20.7117 23.8 0
      vertex 20.5834 23.5482 5.2
      vertex 20.5834 23.5482 0
    endloop
  endfacet
  facet normal 0.156362 -0.9877 0
    outer loop
      vertex 22.4886 25.091 0
      vertex 22.7678 25.1352 5.2
      vertex 22.4886 25.091 5.2
    endloop
  endfacet
  facet normal 0.156362 -0.9877 0
    outer loop
      vertex 22.7678 25.1352 5.2
      vertex 22.4886 25.091 0
      vertex 22.7678 25.1352 0
    endloop
  endfacet
  facet normal -0.965946 -0.258742 0
    outer loop
      vertex 25.691 23.0114 0
      vertex 25.6179 23.2843 5.2
      vertex 25.6179 23.2843 0
    endloop
  endfacet
  facet normal -0.965946 -0.258742 0
    outer loop
      vertex 25.6179 23.2843 5.2
      vertex 25.691 23.0114 0
      vertex 25.691 23.0114 5.2
    endloop
  endfacet
  facet normal -0.9877 -0.156362 0
    outer loop
      vertex 25.7352 22.7322 0
      vertex 25.691 23.0114 5.2
      vertex 25.691 23.0114 0
    endloop
  endfacet
  facet normal -0.9877 -0.156362 0
    outer loop
      vertex 25.691 23.0114 5.2
      vertex 25.7352 22.7322 0
      vertex 25.7352 22.7322 5.2
    endloop
  endfacet
  facet normal -0.933582 -0.358363 0
    outer loop
      vertex 25.6179 23.2843 0
      vertex 25.5166 23.5482 5.2
      vertex 25.5166 23.5482 0
    endloop
  endfacet
  facet normal -0.933582 -0.358363 0
    outer loop
      vertex 25.5166 23.5482 5.2
      vertex 25.6179 23.2843 0
      vertex 25.6179 23.2843 5.2
    endloop
  endfacet
  facet normal -0.777335 -0.629086 0
    outer loop
      vertex 25.2343 24.037 0
      vertex 25.0565 24.2567 5.2
      vertex 25.0565 24.2567 0
    endloop
  endfacet
  facet normal -0.777335 -0.629086 0
    outer loop
      vertex 25.0565 24.2567 5.2
      vertex 25.2343 24.037 0
      vertex 25.2343 24.037 5.2
    endloop
  endfacet
  facet normal -0.838524 -0.544864 0
    outer loop
      vertex 25.3883 23.8 0
      vertex 25.2343 24.037 5.2
      vertex 25.2343 24.037 0
    endloop
  endfacet
  facet normal -0.838524 -0.544864 0
    outer loop
      vertex 25.2343 24.037 5.2
      vertex 25.3883 23.8 0
      vertex 25.3883 23.8 5.2
    endloop
  endfacet
  facet normal -0.156362 -0.9877 0
    outer loop
      vertex 23.3322 25.1352 0
      vertex 23.6114 25.091 5.2
      vertex 23.3322 25.1352 5.2
    endloop
  endfacet
  facet normal -0.156362 -0.9877 -0
    outer loop
      vertex 23.6114 25.091 5.2
      vertex 23.3322 25.1352 0
      vertex 23.6114 25.091 0
    endloop
  endfacet
  facet normal -0.453995 -0.891004 0
    outer loop
      vertex 24.1482 24.9166 0
      vertex 24.4 24.7883 5.2
      vertex 24.1482 24.9166 5.2
    endloop
  endfacet
  facet normal -0.453995 -0.891004 -0
    outer loop
      vertex 24.4 24.7883 5.2
      vertex 24.1482 24.9166 0
      vertex 24.4 24.7883 0
    endloop
  endfacet
  facet normal -0.629086 -0.777335 0
    outer loop
      vertex 24.637 24.6343 0
      vertex 24.8567 24.4565 5.2
      vertex 24.637 24.6343 5.2
    endloop
  endfacet
  facet normal -0.629086 -0.777335 -0
    outer loop
      vertex 24.8567 24.4565 5.2
      vertex 24.637 24.6343 0
      vertex 24.8567 24.4565 0
    endloop
  endfacet
  facet normal 0.965946 -0.258742 0
    outer loop
      vertex 20.409 23.0114 5.2
      vertex 20.4821 23.2843 0
      vertex 20.4821 23.2843 5.2
    endloop
  endfacet
  facet normal 0.965946 -0.258742 0
    outer loop
      vertex 20.4821 23.2843 0
      vertex 20.409 23.0114 5.2
      vertex 20.409 23.0114 0
    endloop
  endfacet
  facet normal 0.777335 -0.629086 0
    outer loop
      vertex 20.8657 24.037 5.2
      vertex 21.0435 24.2567 0
      vertex 21.0435 24.2567 5.2
    endloop
  endfacet
  facet normal 0.777335 -0.629086 0
    outer loop
      vertex 21.0435 24.2567 0
      vertex 20.8657 24.037 5.2
      vertex 20.8657 24.037 0
    endloop
  endfacet
  facet normal 0.707107 -0.707107 0
    outer loop
      vertex 21.0435 24.2567 5.2
      vertex 21.2433 24.4565 0
      vertex 21.2433 24.4565 5.2
    endloop
  endfacet
  facet normal 0.707107 -0.707107 0
    outer loop
      vertex 21.2433 24.4565 0
      vertex 21.0435 24.2567 5.2
      vertex 21.0435 24.2567 0
    endloop
  endfacet
  facet normal 0.838524 -0.544864 0
    outer loop
      vertex 20.7117 23.8 5.2
      vertex 20.8657 24.037 0
      vertex 20.8657 24.037 5.2
    endloop
  endfacet
  facet normal 0.838524 -0.544864 0
    outer loop
      vertex 20.8657 24.037 0
      vertex 20.7117 23.8 5.2
      vertex 20.7117 23.8 0
    endloop
  endfacet
  facet normal 0.933582 -0.358363 0
    outer loop
      vertex 20.4821 23.2843 5.2
      vertex 20.5834 23.5482 0
      vertex 20.5834 23.5482 5.2
    endloop
  endfacet
  facet normal 0.933582 -0.358363 0
    outer loop
      vertex 20.5834 23.5482 0
      vertex 20.4821 23.2843 5.2
      vertex 20.4821 23.2843 0
    endloop
  endfacet
  facet normal 0.9877 -0.156362 0
    outer loop
      vertex 20.3648 22.7322 5.2
      vertex 20.409 23.0114 0
      vertex 20.409 23.0114 5.2
    endloop
  endfacet
  facet normal 0.9877 -0.156362 0
    outer loop
      vertex 20.409 23.0114 0
      vertex 20.3648 22.7322 5.2
      vertex 20.3648 22.7322 0
    endloop
  endfacet
  facet normal 0.453995 -0.891004 0
    outer loop
      vertex 21.7 24.7883 0
      vertex 21.9518 24.9166 5.2
      vertex 21.7 24.7883 5.2
    endloop
  endfacet
  facet normal 0.453995 -0.891004 0
    outer loop
      vertex 21.9518 24.9166 5.2
      vertex 21.7 24.7883 0
      vertex 21.9518 24.9166 0
    endloop
  endfacet
  facet normal 0.358363 -0.933582 0
    outer loop
      vertex 21.9518 24.9166 0
      vertex 22.2157 25.0179 5.2
      vertex 21.9518 24.9166 5.2
    endloop
  endfacet
  facet normal 0.358363 -0.933582 0
    outer loop
      vertex 22.2157 25.0179 5.2
      vertex 21.9518 24.9166 0
      vertex 22.2157 25.0179 0
    endloop
  endfacet
  facet normal 0.544864 -0.838524 0
    outer loop
      vertex 21.463 24.6343 0
      vertex 21.7 24.7883 5.2
      vertex 21.463 24.6343 5.2
    endloop
  endfacet
  facet normal 0.544864 -0.838524 0
    outer loop
      vertex 21.7 24.7883 5.2
      vertex 21.463 24.6343 0
      vertex 21.7 24.7883 0
    endloop
  endfacet
  facet normal 0.0523731 -0.998628 0
    outer loop
      vertex 22.7678 25.1352 0
      vertex 23.05 25.15 5.2
      vertex 22.7678 25.1352 5.2
    endloop
  endfacet
  facet normal 0.0523731 -0.998628 0
    outer loop
      vertex 23.05 25.15 5.2
      vertex 22.7678 25.1352 0
      vertex 23.05 25.15 0
    endloop
  endfacet
  facet normal -0.998628 0.0523731 0
    outer loop
      vertex 25.7352 22.1678 0
      vertex 25.75 22.45 5.2
      vertex 25.75 22.45 0
    endloop
  endfacet
  facet normal -0.998628 0.0523731 0
    outer loop
      vertex 25.75 22.45 5.2
      vertex 25.7352 22.1678 0
      vertex 25.7352 22.1678 5.2
    endloop
  endfacet
  facet normal -0.0523731 0.998628 0
    outer loop
      vertex 23.3322 19.7648 0
      vertex 23.05 19.75 5.2
      vertex 23.3322 19.7648 5.2
    endloop
  endfacet
  facet normal -0.0523731 0.998628 0
    outer loop
      vertex 23.05 19.75 5.2
      vertex 23.3322 19.7648 0
      vertex 23.05 19.75 0
    endloop
  endfacet
  facet normal -0.258742 0.965946 0
    outer loop
      vertex 23.8843 19.8821 0
      vertex 23.6114 19.809 5.2
      vertex 23.8843 19.8821 5.2
    endloop
  endfacet
  facet normal -0.258742 0.965946 0
    outer loop
      vertex 23.6114 19.809 5.2
      vertex 23.8843 19.8821 0
      vertex 23.6114 19.809 0
    endloop
  endfacet
  facet normal -0.629086 0.777335 0
    outer loop
      vertex 24.8567 20.4435 0
      vertex 24.637 20.2657 5.2
      vertex 24.8567 20.4435 5.2
    endloop
  endfacet
  facet normal -0.629086 0.777335 0
    outer loop
      vertex 24.637 20.2657 5.2
      vertex 24.8567 20.4435 0
      vertex 24.637 20.2657 0
    endloop
  endfacet
  facet normal -0.453995 0.891004 0
    outer loop
      vertex 24.4 20.1117 0
      vertex 24.1482 19.9834 5.2
      vertex 24.4 20.1117 5.2
    endloop
  endfacet
  facet normal -0.453995 0.891004 0
    outer loop
      vertex 24.1482 19.9834 5.2
      vertex 24.4 20.1117 0
      vertex 24.1482 19.9834 0
    endloop
  endfacet
  facet normal -0.777335 0.629086 0
    outer loop
      vertex 25.0565 20.6433 0
      vertex 25.2343 20.863 5.2
      vertex 25.2343 20.863 0
    endloop
  endfacet
  facet normal -0.777335 0.629086 0
    outer loop
      vertex 25.2343 20.863 5.2
      vertex 25.0565 20.6433 0
      vertex 25.0565 20.6433 5.2
    endloop
  endfacet
  facet normal -0.891004 0.453995 0
    outer loop
      vertex 25.3883 21.1 0
      vertex 25.5166 21.3518 5.2
      vertex 25.5166 21.3518 0
    endloop
  endfacet
  facet normal -0.891004 0.453995 0
    outer loop
      vertex 25.5166 21.3518 5.2
      vertex 25.3883 21.1 0
      vertex 25.3883 21.1 5.2
    endloop
  endfacet
  facet normal 0.707107 0.707107 0
    outer loop
      vertex 21.2433 20.4435 5.2
      vertex 21.0435 20.6433 0
      vertex 21.0435 20.6433 5.2
    endloop
  endfacet
  facet normal 0.707107 0.707107 0
    outer loop
      vertex 21.0435 20.6433 0
      vertex 21.2433 20.4435 5.2
      vertex 21.2433 20.4435 0
    endloop
  endfacet
  facet normal 0.544864 0.838524 -0
    outer loop
      vertex 21.7 20.1117 0
      vertex 21.463 20.2657 5.2
      vertex 21.7 20.1117 5.2
    endloop
  endfacet
  facet normal 0.544864 0.838524 0
    outer loop
      vertex 21.463 20.2657 5.2
      vertex 21.7 20.1117 0
      vertex 21.463 20.2657 0
    endloop
  endfacet
  facet normal 0.358363 0.933582 -0
    outer loop
      vertex 22.2157 19.8821 0
      vertex 21.9518 19.9834 5.2
      vertex 22.2157 19.8821 5.2
    endloop
  endfacet
  facet normal 0.358363 0.933582 0
    outer loop
      vertex 21.9518 19.9834 5.2
      vertex 22.2157 19.8821 0
      vertex 21.9518 19.9834 0
    endloop
  endfacet
  facet normal 0.156362 0.9877 -0
    outer loop
      vertex 22.7678 19.7648 0
      vertex 22.4886 19.809 5.2
      vertex 22.7678 19.7648 5.2
    endloop
  endfacet
  facet normal 0.156362 0.9877 0
    outer loop
      vertex 22.4886 19.809 5.2
      vertex 22.7678 19.7648 0
      vertex 22.4886 19.809 0
    endloop
  endfacet
  facet normal 0.933582 0.358363 0
    outer loop
      vertex 20.5834 21.3518 5.2
      vertex 20.4821 21.6157 0
      vertex 20.4821 21.6157 5.2
    endloop
  endfacet
  facet normal 0.933582 0.358363 0
    outer loop
      vertex 20.4821 21.6157 0
      vertex 20.5834 21.3518 5.2
      vertex 20.5834 21.3518 0
    endloop
  endfacet
  facet normal 0.838524 0.544864 0
    outer loop
      vertex 20.8657 20.863 5.2
      vertex 20.7117 21.1 0
      vertex 20.7117 21.1 5.2
    endloop
  endfacet
  facet normal 0.838524 0.544864 0
    outer loop
      vertex 20.7117 21.1 0
      vertex 20.8657 20.863 5.2
      vertex 20.8657 20.863 0
    endloop
  endfacet
  facet normal 0.965946 0.258742 0
    outer loop
      vertex 20.4821 21.6157 5.2
      vertex 20.409 21.8886 0
      vertex 20.409 21.8886 5.2
    endloop
  endfacet
  facet normal 0.965946 0.258742 0
    outer loop
      vertex 20.409 21.8886 0
      vertex 20.4821 21.6157 5.2
      vertex 20.4821 21.6157 0
    endloop
  endfacet
  facet normal 0.998628 0.0523731 0
    outer loop
      vertex 20.3648 22.1678 5.2
      vertex 20.35 22.45 0
      vertex 20.35 22.45 5.2
    endloop
  endfacet
  facet normal 0.998628 0.0523731 0
    outer loop
      vertex 20.35 22.45 0
      vertex 20.3648 22.1678 5.2
      vertex 20.3648 22.1678 0
    endloop
  endfacet
  facet normal -0.156362 0.9877 0
    outer loop
      vertex 23.6114 19.809 0
      vertex 23.3322 19.7648 5.2
      vertex 23.6114 19.809 5.2
    endloop
  endfacet
  facet normal -0.156362 0.9877 0
    outer loop
      vertex 23.3322 19.7648 5.2
      vertex 23.6114 19.809 0
      vertex 23.3322 19.7648 0
    endloop
  endfacet
  facet normal -0.358363 0.933582 0
    outer loop
      vertex 24.1482 19.9834 0
      vertex 23.8843 19.8821 5.2
      vertex 24.1482 19.9834 5.2
    endloop
  endfacet
  facet normal -0.358363 0.933582 0
    outer loop
      vertex 23.8843 19.8821 5.2
      vertex 24.1482 19.9834 0
      vertex 23.8843 19.8821 0
    endloop
  endfacet
  facet normal -0.707107 0.707107 0
    outer loop
      vertex 24.8567 20.4435 0
      vertex 25.0565 20.6433 5.2
      vertex 25.0565 20.6433 0
    endloop
  endfacet
  facet normal -0.707107 0.707107 0
    outer loop
      vertex 25.0565 20.6433 5.2
      vertex 24.8567 20.4435 0
      vertex 24.8567 20.4435 5.2
    endloop
  endfacet
  facet normal -0.544864 0.838524 0
    outer loop
      vertex 24.637 20.2657 0
      vertex 24.4 20.1117 5.2
      vertex 24.637 20.2657 5.2
    endloop
  endfacet
  facet normal -0.544864 0.838524 0
    outer loop
      vertex 24.4 20.1117 5.2
      vertex 24.637 20.2657 0
      vertex 24.4 20.1117 0
    endloop
  endfacet
  facet normal -0.838524 0.544864 0
    outer loop
      vertex 25.2343 20.863 0
      vertex 25.3883 21.1 5.2
      vertex 25.3883 21.1 0
    endloop
  endfacet
  facet normal -0.838524 0.544864 0
    outer loop
      vertex 25.3883 21.1 5.2
      vertex 25.2343 20.863 0
      vertex 25.2343 20.863 5.2
    endloop
  endfacet
  facet normal -0.933582 0.358363 0
    outer loop
      vertex 25.5166 21.3518 0
      vertex 25.6179 21.6157 5.2
      vertex 25.6179 21.6157 0
    endloop
  endfacet
  facet normal -0.933582 0.358363 0
    outer loop
      vertex 25.6179 21.6157 5.2
      vertex 25.5166 21.3518 0
      vertex 25.5166 21.3518 5.2
    endloop
  endfacet
  facet normal -0.9877 0.156362 0
    outer loop
      vertex 25.691 21.8886 0
      vertex 25.7352 22.1678 5.2
      vertex 25.7352 22.1678 0
    endloop
  endfacet
  facet normal -0.9877 0.156362 0
    outer loop
      vertex 25.7352 22.1678 5.2
      vertex 25.691 21.8886 0
      vertex 25.691 21.8886 5.2
    endloop
  endfacet
  facet normal -0.965946 0.258742 0
    outer loop
      vertex 25.6179 21.6157 0
      vertex 25.691 21.8886 5.2
      vertex 25.691 21.8886 0
    endloop
  endfacet
  facet normal -0.965946 0.258742 0
    outer loop
      vertex 25.691 21.8886 5.2
      vertex 25.6179 21.6157 0
      vertex 25.6179 21.6157 5.2
    endloop
  endfacet
  facet normal 0.629086 0.777335 -0
    outer loop
      vertex 21.463 20.2657 0
      vertex 21.2433 20.4435 5.2
      vertex 21.463 20.2657 5.2
    endloop
  endfacet
  facet normal 0.629086 0.777335 0
    outer loop
      vertex 21.2433 20.4435 5.2
      vertex 21.463 20.2657 0
      vertex 21.2433 20.4435 0
    endloop
  endfacet
  facet normal 0.453995 0.891004 -0
    outer loop
      vertex 21.9518 19.9834 0
      vertex 21.7 20.1117 5.2
      vertex 21.9518 19.9834 5.2
    endloop
  endfacet
  facet normal 0.453995 0.891004 0
    outer loop
      vertex 21.7 20.1117 5.2
      vertex 21.9518 19.9834 0
      vertex 21.7 20.1117 0
    endloop
  endfacet
  facet normal 0.258742 0.965946 -0
    outer loop
      vertex 22.4886 19.809 0
      vertex 22.2157 19.8821 5.2
      vertex 22.4886 19.809 5.2
    endloop
  endfacet
  facet normal 0.258742 0.965946 0
    outer loop
      vertex 22.2157 19.8821 5.2
      vertex 22.4886 19.809 0
      vertex 22.2157 19.8821 0
    endloop
  endfacet
  facet normal 0.0523731 0.998628 -0
    outer loop
      vertex 23.05 19.75 0
      vertex 22.7678 19.7648 5.2
      vertex 23.05 19.75 5.2
    endloop
  endfacet
  facet normal 0.0523731 0.998628 0
    outer loop
      vertex 22.7678 19.7648 5.2
      vertex 23.05 19.75 0
      vertex 22.7678 19.7648 0
    endloop
  endfacet
  facet normal 0.891004 0.453995 0
    outer loop
      vertex 20.7117 21.1 5.2
      vertex 20.5834 21.3518 0
      vertex 20.5834 21.3518 5.2
    endloop
  endfacet
  facet normal 0.891004 0.453995 0
    outer loop
      vertex 20.5834 21.3518 0
      vertex 20.7117 21.1 5.2
      vertex 20.7117 21.1 0
    endloop
  endfacet
  facet normal 0.777335 0.629086 0
    outer loop
      vertex 21.0435 20.6433 5.2
      vertex 20.8657 20.863 0
      vertex 20.8657 20.863 5.2
    endloop
  endfacet
  facet normal 0.777335 0.629086 0
    outer loop
      vertex 20.8657 20.863 0
      vertex 21.0435 20.6433 5.2
      vertex 21.0435 20.6433 0
    endloop
  endfacet
  facet normal 0.9877 0.156362 0
    outer loop
      vertex 20.409 21.8886 5.2
      vertex 20.3648 22.1678 0
      vertex 20.3648 22.1678 5.2
    endloop
  endfacet
  facet normal 0.9877 0.156362 0
    outer loop
      vertex 20.3648 22.1678 0
      vertex 20.409 21.8886 5.2
      vertex 20.409 21.8886 0
    endloop
  endfacet
  facet normal 1 -0 0
    outer loop
      vertex -36 28.85 15
      vertex -36 38.85 11
      vertex -36 38.85 15
    endloop
  endfacet
  facet normal 1 0 0
    outer loop
      vertex -36 38.85 11
      vertex -36 28.85 15
      vertex -36 28.85 11
    endloop
  endfacet
  facet normal 0 0 -1
    outer loop
      vertex -36 28.85 15
      vertex -24 38.85 15
      vertex -24 28.85 15
    endloop
  endfacet
  facet normal -0 0 -1
    outer loop
      vertex -24 38.85 15
      vertex -36 28.85 15
      vertex -36 38.85 15
    endloop
  endfacet
  facet normal -1 0 0
    outer loop
      vertex -24 28.85 11
      vertex -24 38.85 15
      vertex -24 38.85 11
    endloop
  endfacet
  facet normal -1 -0 0
    outer loop
      vertex -24 38.85 15
      vertex -24 28.85 11
      vertex -24 28.85 15
    endloop
  endfacet
  facet normal 1 -0 0
    outer loop
      vertex 24 28.85 15
      vertex 24 38.85 11
      vertex 24 38.85 15
    endloop
  endfacet
  facet normal 1 0 0
    outer loop
      vertex 24 38.85 11
      vertex 24 28.85 15
      vertex 24 28.85 11
    endloop
  endfacet
  facet normal 0 0 -1
    outer loop
      vertex 24 28.85 15
      vertex 36 38.85 15
      vertex 36 28.85 15
    endloop
  endfacet
  facet normal -0 0 -1
    outer loop
      vertex 36 38.85 15
      vertex 24 28.85 15
      vertex 24 38.85 15
    endloop
  endfacet
  facet normal -1 0 0
    outer loop
      vertex 36 28.85 11
      vertex 36 38.85 15
      vertex 36 38.85 11
    endloop
  endfacet
  facet normal -1 -0 0
    outer loop
      vertex 36 38.85 15
      vertex 36 28.85 11
      vertex 36 28.85 15
    endloop
  endfacet
  facet normal 0 0 0
    outer loop
      vertex -16 28.85 11
      vertex -16 15.45 11
      vertex -16 18.85 11
    endloop
  endfacet
  facet normal 0 0 0
    outer loop
      vertex -16 -38.85 11
      vertex -16 15.45 11
      vertex -16 28.85 11
    endloop
  endfacet
  facet normal 1 -0 0
    outer loop
      vertex -16 -38.85 11
      vertex -16 6.65 7.4
      vertex -16 15.45 11
    endloop
  endfacet
  facet normal 1 0 0
    outer loop
      vertex -16 6.65 7.4
      vertex -16 -38.85 11
      vertex -16 -38.85 7.4
    endloop
  endfacet
  facet normal 0 0 0
    outer loop
      vertex -16 28.85 17
      vertex -16 28.85 11
      vertex -16 28.85 7.4
    endloop
  endfacet
  facet normal 1 -0 0
    outer loop
      vertex -16 18.85 11
      vertex -16 28.85 7.4
      vertex -16 28.85 11
    endloop
  endfacet
  facet normal 1 0 0
    outer loop
      vertex -16 28.85 7.4
      vertex -16 18.85 11
      vertex -16 18.85 7.4
    endloop
  endfacet
  facet normal 0 0 0
    outer loop
      vertex 16 28.85 7.4
      vertex 16 28.85 11
      vertex 16 28.85 17
    endloop
  endfacet
  facet normal -1 0 0
    outer loop
      vertex 16 18.85 7.4
      vertex 16 28.85 11
      vertex 16 28.85 7.4
    endloop
  endfacet
  facet normal -1 0 0
    outer loop
      vertex 16 18.85 11
      vertex 16 28.85 11
      vertex 16 18.85 7.4
    endloop
  endfacet
  facet normal 0 0 0
    outer loop
      vertex 16 15.45 11
      vertex 16 28.85 11
      vertex 16 18.85 11
    endloop
  endfacet
  facet normal -1 0 0
    outer loop
      vertex 16 -38.85 11
      vertex 16 6.65 7.4
      vertex 16 -38.85 7.4
    endloop
  endfacet
  facet normal -0 0 0
    outer loop
      vertex 16 15.45 11
      vertex 16 -38.85 11
      vertex 16 28.85 11
    endloop
  endfacet
  facet normal -1 0 0
    outer loop
      vertex 16 6.65 7.4
      vertex 16 -38.85 11
      vertex 16 15.45 11
    endloop
  endfacet
  facet normal 0 -1 0
    outer loop
      vertex -16 28.85 7.4
      vertex 16 28.85 17
      vertex -16 28.85 17
    endloop
  endfacet
  facet normal 0 -1 -0
    outer loop
      vertex 16 28.85 17
      vertex -16 28.85 7.4
      vertex 16 28.85 7.4
    endloop
  endfacet
  facet normal -0 0 1
    outer loop
      vertex -16 6.65 7.4
      vertex 16 -38.85 7.4
      vertex 16 6.65 7.4
    endloop
  endfacet
  facet normal 0 0 1
    outer loop
      vertex 16 -38.85 7.4
      vertex -16 6.65 7.4
      vertex -16 -38.85 7.4
    endloop
  endfacet
  facet normal -0 0 1
    outer loop
      vertex -16 28.85 7.4
      vertex 16 18.85 7.4
      vertex 16 28.85 7.4
    endloop
  endfacet
  facet normal 0 0 1
    outer loop
      vertex 16 18.85 7.4
      vertex -16 28.85 7.4
      vertex -16 18.85 7.4
    endloop
  endfacet
  facet normal 0.432157 0.33167 0.838591
    outer loop
      vertex -15.7542 38.5739 17
      vertex -15.6564 38.85 16.8404
      vertex -15.9661 38.85 17
    endloop
  endfacet
  facet normal 0.344265 0.362785 0.86595
    outer loop
      vertex -12.7029 36.7421 16.3541
      vertex -11.6006 37.9663 15.403
      vertex -13.4238 37.4262 16.3541
    endloop
  endfacet
  facet normal -0.0992611 0.535637 0.838594
    outer loop
      vertex 4.15382 31.3078 17
      vertex 3.94702 32.2807 16.3541
      vertex 3.49332 31.1854 17
    endloop
  endfacet
  facet normal -0.0427967 0.543066 0.838598
    outer loop
      vertex 1.98438 31.9699 16.3541
      vertex 1.71528 30.9513 17
      vertex 2.08835 30.9807 17
    endloop
  endfacet
  facet normal -0.0427506 0.543059 0.838606
    outer loop
      vertex 1.71528 30.9513 17
      vertex 1.98438 31.9699 16.3541
      vertex 0.993551 31.8919 16.3541
    endloop
  endfacet
  facet normal 0.0392502 0.498593 0.865947
    outer loop
      vertex -0.993551 31.8919 16.3541
      vertex -1.81219 33.6082 15.403
      vertex -1.98438 31.9699 16.3541
    endloop
  endfacet
  facet normal -0.116758 0.486299 0.865957
    outer loop
      vertex 3.94702 32.2807 16.3541
      vertex 4.48709 34.104 15.403
      vertex 3.60452 33.8921 15.403
    endloop
  endfacet
  facet normal 0.294937 0.345473 0.890876
    outer loop
      vertex -10.8049 38.85 14.7971
      vertex -9.84377 38.694 14.5394
      vertex -10.0265 38.85 14.5394
    endloop
  endfacet
  facet normal 0.294928 0.345308 0.890943
    outer loop
      vertex -9.84377 38.694 14.5394
      vertex -10.8049 38.85 14.7971
      vertex -11.6006 37.9663 15.403
    endloop
  endfacet
  facet normal 0.329504 0.312831 0.890822
    outer loop
      vertex -12.2589 38.5911 15.403
      vertex -12.1673 38.85 15.2782
      vertex -12.5047 38.85 15.403
    endloop
  endfacet
  facet normal 0.257226 0.374266 0.890932
    outer loop
      vertex -9.44228 36.3102 15.403
      vertex -9.19408 38.1954 14.5394
      vertex -10.1903 36.8243 15.403
    endloop
  endfacet
  facet normal -0.0827398 0.446529 0.890936
    outer loop
      vertex 3.60452 33.8921 15.403
      vertex 3.25213 35.5499 14.5394
      vertex 2.44693 35.4007 14.5394
    endloop
  endfacet
  facet normal -0.101833 0.343693 0.933544
    outer loop
      vertex 3.35769 38.85 13.2128
      vertex 3.59866 37.4196 13.7657
      vertex 4.29662 37.6264 13.7657
    endloop
  endfacet
  facet normal -0.101687 0.34372 0.933551
    outer loop
      vertex 3.59866 37.4196 13.7657
      vertex 3.35769 38.85 13.2128
      vertex 3.21539 38.85 13.1973
    endloop
  endfacet
  facet normal -0.02812 0.357381 0.933535
    outer loop
      vertex 1.45338 37.022 13.7657
      vertex 1.26775 38.7881 13.084
      vertex 0.727687 36.9649 13.7657
    endloop
  endfacet
  facet normal 0.331659 0.432182 0.838583
    outer loop
      vertex -12.0401 34.9147 17
      vertex -11.1586 35.4915 16.3541
      vertex -11.9471 36.0966 16.3541
    endloop
  endfacet
  facet normal 0.331702 0.432129 0.838593
    outer loop
      vertex -11.1586 35.4915 16.3541
      vertex -12.0401 34.9147 17
      vertex -11.7432 34.6868 17
    endloop
  endfacet
  facet normal 0.181825 0.513537 0.838582
    outer loop
      vertex -5.86641 32.795 16.3541
      vertex -6.52653 31.974 17
      vertex -6.17377 31.8491 17
    endloop
  endfacet
  facet normal 0.181861 0.513513 0.838589
    outer loop
      vertex -6.52653 31.974 17
      vertex -5.86641 32.795 16.3541
      vertex -6.8033 33.1268 16.3541
    endloop
  endfacet
  facet normal 0.0119081 0.453976 0.890934
    outer loop
      vertex 0 33.5132 15.403
      vertex -0.818633 35.2295 14.5394
      vertex -0.907336 33.537 15.403
    endloop
  endfacet
  facet normal 0.194118 0.35757 0.913489
    outer loop
      vertex -7.10127 36.913 14.5394
      vertex -6.31236 38.4613 13.7657
      vertex -7.82095 37.3037 14.5394
    endloop
  endfacet
  facet normal -0.194121 0.357566 0.91349
    outer loop
      vertex 7.82095 37.3037 14.5394
      vertex 6.95208 38.8086 13.7657
      vertex 6.31236 38.4613 13.7657
    endloop
  endfacet
  facet normal 0.304471 0.396754 0.865958
    outer loop
      vertex -11.1586 35.4915 16.3541
      vertex -10.1903 36.8243 15.403
      vertex -11.9471 36.0966 16.3541
    endloop
  endfacet
  facet normal -0.283274 0.412166 0.865953
    outer loop
      vertex 10.3395 34.9286 16.3541
      vertex 10.1903 36.8243 15.403
      vertex 9.44228 36.3102 15.403
    endloop
  endfacet
  facet normal -0.0652663 0.495858 0.865947
    outer loop
      vertex 1.98438 31.9699 16.3541
      vertex 2.96977 32.0996 16.3541
      vertex 1.81219 33.6082 15.403
    endloop
  endfacet
  facet normal 0.0131141 0.499955 0.865952
    outer loop
      vertex 0 33.5132 15.403
      vertex -0.907336 33.537 15.403
      vertex -0.993551 31.8919 16.3541
    endloop
  endfacet
  facet normal 0.395149 0.374978 0.8386
    outer loop
      vertex -14.3847 36.9943 17
      vertex -13.4238 37.4262 16.3541
      vertex -14.1079 38.1471 16.3541
    endloop
  endfacet
  facet normal 0.39512 0.375029 0.83859
    outer loop
      vertex -13.4238 37.4262 16.3541
      vertex -14.3847 36.9943 17
      vertex -14.1271 36.7229 17
    endloop
  endfacet
  facet normal -0.175179 0.36722 0.913489
    outer loop
      vertex 6.36213 36.5604 14.5394
      vertex 7.10127 36.913 14.5394
      vertex 6.31236 38.4613 13.7657
    endloop
  endfacet
  facet normal -0.304446 0.396799 0.865946
    outer loop
      vertex 11.9471 36.0966 16.3541
      vertex 10.9104 37.3768 15.403
      vertex 10.1903 36.8243 15.403
    endloop
  endfacet
  facet normal 0.0531115 0.403384 0.913488
    outer loop
      vertex -1.63502 35.2938 14.5394
      vertex -2.17509 37.117 13.7657
      vertex -2.44693 35.4007 14.5394
    endloop
  endfacet
  facet normal -0.324805 0.380307 0.865949
    outer loop
      vertex 11.9471 36.0966 16.3541
      vertex 12.7029 36.7421 16.3541
      vertex 11.6006 37.9663 15.403
    endloop
  endfacet
  facet normal -0.195486 0.409901 0.890936
    outer loop
      vertex 7.0515 35.0121 15.403
      vertex 7.87073 35.4028 15.403
      vertex 6.36213 36.5604 14.5394
    endloop
  endfacet
  facet normal -0.0319146 0.405607 0.91349
    outer loop
      vertex 1.63502 35.2938 14.5394
      vertex 1.45338 37.022 13.7657
      vertex 0.727687 36.9649 13.7657
    endloop
  endfacet
  facet normal 0.208499 0.503293 0.838585
    outer loop
      vertex -7.50548 32.3414 17
      vertex -7.72153 33.5071 16.3541
      vertex -8.12609 32.5985 17
    endloop
  endfacet
  facet normal -0.028116 0.35738 0.933536
    outer loop
      vertex 0.727687 36.9649 13.7657
      vertex 1.26775 38.7881 13.084
      vertex 0.634747 38.7383 13.084
    endloop
  endfacet
  facet normal -0.115581 0.390091 0.913493
    outer loop
      vertex 4.83361 35.9737 14.5394
      vertex 4.29662 37.6264 13.7657
      vertex 3.59866 37.4196 13.7657
    endloop
  endfacet
  facet normal -0.0118671 0.453961 0.890943
    outer loop
      vertex 0.818633 35.2295 14.5394
      vertex 0 35.2081 14.5394
      vertex 0 33.5132 15.403
    endloop
  endfacet
  facet normal 0.175163 0.367221 0.913492
    outer loop
      vertex -5.65533 38.1479 13.7657
      vertex -6.31236 38.4613 13.7657
      vertex -6.36213 36.5604 14.5394
    endloop
  endfacet
  facet normal 0.155715 0.375884 0.91349
    outer loop
      vertex -5.60556 36.247 14.5394
      vertex -4.98281 37.8693 13.7657
      vertex -5.65533 38.1479 13.7657
    endloop
  endfacet
  facet normal 0.264138 0.309398 0.913512
    outer loop
      vertex -9.84377 38.694 14.5394
      vertex -9.79755 38.85 14.4732
      vertex -10.0265 38.85 14.5394
    endloop
  endfacet
  facet normal 0.284652 0.464462 0.838599
    outer loop
      vertex -9.98938 33.5479 17
      vertex -9.49206 34.4093 16.3541
      vertex -10.5621 33.8989 17
    endloop
  endfacet
  facet normal -0.181818 0.513509 0.8386
    outer loop
      vertex 7.15974 32.1982 17
      vertex 6.8033 33.1268 16.3541
      vertex 6.52653 31.974 17
    endloop
  endfacet
  facet normal -0.195521 0.409863 0.890946
    outer loop
      vertex 7.87073 35.4028 15.403
      vertex 7.10127 36.913 14.5394
      vertex 6.36213 36.5604 14.5394
    endloop
  endfacet
  facet normal 0.238667 0.439518 0.865946
    outer loop
      vertex -8.61861 33.935 16.3541
      vertex -8.66838 35.8359 15.403
      vertex -9.49206 34.4093 16.3541
    endloop
  endfacet
  facet normal -0.0403266 0.30615 0.951129
    outer loop
      vertex 1.26775 38.7881 13.084
      vertex 1.73768 38.85 13.084
      vertex 1.26125 38.85 13.0638
    endloop
  endfacet
  facet normal -0.171241 0.31405 0.933836
    outer loop
      vertex 6.95208 38.8086 13.7657
      vertex 6.92821 38.85 13.7474
      vertex 6.90367 38.85 13.7429
    endloop
  endfacet
  facet normal -0.344265 0.362785 0.86595
    outer loop
      vertex 12.7029 36.7421 16.3541
      vertex 13.4238 37.4262 16.3541
      vertex 11.6006 37.9663 15.403
    endloop
  endfacet
  facet normal -0.353806 0.41422 0.838596
    outer loop
      vertex 12.8576 35.5666 17
      vertex 13.3684 36.0029 17
      vertex 12.7029 36.7421 16.3541
    endloop
  endfacet
  facet normal -0.0949629 0.395625 0.913489
    outer loop
      vertex 4.04842 35.7411 14.5394
      vertex 3.59866 37.4196 13.7657
      vertex 2.89084 37.2497 13.7657
    endloop
  endfacet
  facet normal -0.106029 0.441578 0.890936
    outer loop
      vertex 3.60452 33.8921 15.403
      vertex 4.04842 35.7411 14.5394
      vertex 3.25213 35.5499 14.5394
    endloop
  endfacet
  facet normal -0.0836234 0.348559 0.933549
    outer loop
      vertex 3.10152 38.85 13.1871
      vertex 3.59866 37.4196 13.7657
      vertex 3.21539 38.85 13.1973
    endloop
  endfacet
  facet normal -0.0836625 0.348546 0.93355
    outer loop
      vertex 3.59866 37.4196 13.7657
      vertex 3.10152 38.85 13.1871
      vertex 2.89084 37.2497 13.7657
    endloop
  endfacet
  facet normal 0.0446128 0.355731 0.933523
    outer loop
      vertex -2.17509 37.117 13.7657
      vertex -1.89224 38.85 13.0918
      vertex -1.90061 38.85 13.0922
    endloop
  endfacet
  facet normal 0.0467803 0.355387 0.933548
    outer loop
      vertex -1.89224 38.85 13.0918
      vertex -2.17509 37.117 13.7657
      vertex -1.45338 37.022 13.7657
    endloop
  endfacet
  facet normal -0.194118 0.35757 0.913489
    outer loop
      vertex 7.10127 36.913 14.5394
      vertex 7.82095 37.3037 14.5394
      vertex 6.31236 38.4613 13.7657
    endloop
  endfacet
  facet normal -0.237286 0.387199 0.890939
    outer loop
      vertex 8.66838 35.8359 15.403
      vertex 8.51919 37.7316 14.5394
      vertex 7.82095 37.3037 14.5394
    endloop
  endfacet
  facet normal 0.261317 0.42644 0.865946
    outer loop
      vertex -9.49206 34.4093 16.3541
      vertex -8.66838 35.8359 15.403
      vertex -10.3395 34.9286 16.3541
    endloop
  endfacet
  facet normal -0.216659 0.399093 0.890945
    outer loop
      vertex 7.87073 35.4028 15.403
      vertex 7.82095 37.3037 14.5394
      vertex 7.10127 36.913 14.5394
    endloop
  endfacet
  facet normal -0.324817 0.380303 0.865947
    outer loop
      vertex 11.9471 36.0966 16.3541
      vertex 11.6006 37.9663 15.403
      vertex 10.9104 37.3768 15.403
    endloop
  endfacet
  facet normal 0.353777 0.414228 0.838604
    outer loop
      vertex -12.8576 35.5666 17
      vertex -11.9471 36.0966 16.3541
      vertex -12.7029 36.7421 16.3541
    endloop
  endfacet
  facet normal 0.353733 0.414289 0.838593
    outer loop
      vertex -11.9471 36.0966 16.3541
      vertex -12.8576 35.5666 17
      vertex -12.573 35.3236 17
    endloop
  endfacet
  facet normal 0.312608 0.329415 0.890933
    outer loop
      vertex -12 38.85 15.2164
      vertex -11.6006 37.9663 15.403
      vertex -11.3388 38.85 14.9844
    endloop
  endfacet
  facet normal 0.312673 0.329437 0.890902
    outer loop
      vertex -11.6006 37.9663 15.403
      vertex -12 38.85 15.2164
      vertex -12.2589 38.5911 15.403
    endloop
  endfacet
  facet normal 0.304446 0.396799 0.865946
    outer loop
      vertex -10.1903 36.8243 15.403
      vertex -10.9104 37.3768 15.403
      vertex -11.9471 36.0966 16.3541
    endloop
  endfacet
  facet normal 0.0827398 0.446529 0.890936
    outer loop
      vertex -2.44693 35.4007 14.5394
      vertex -3.25213 35.5499 14.5394
      vertex -3.60452 33.8921 15.403
    endloop
  endfacet
  facet normal 0.234536 0.491698 0.838586
    outer loop
      vertex -8.61861 33.935 16.3541
      vertex -8.7324 32.8877 17
      vertex -7.72153 33.5071 16.3541
    endloop
  endfacet
  facet normal 0.234524 0.4917 0.838588
    outer loop
      vertex -8.7324 32.8877 17
      vertex -8.61861 33.935 16.3541
      vertex -9.07016 33.0488 17
    endloop
  endfacet
  facet normal -0.059289 0.450236 0.890939
    outer loop
      vertex 2.71207 33.7267 15.403
      vertex 2.44693 35.4007 14.5394
      vertex 1.81219 33.6082 15.403
    endloop
  endfacet
  facet normal -0.0652945 0.495841 0.865955
    outer loop
      vertex 2.96977 32.0996 16.3541
      vertex 2.71207 33.7267 15.403
      vertex 1.81219 33.6082 15.403
    endloop
  endfacet
  facet normal -0.0392321 0.498586 0.865952
    outer loop
      vertex 0.993551 31.8919 16.3541
      vertex 1.81219 33.6082 15.403
      vertex 0.907336 33.537 15.403
    endloop
  endfacet
  facet normal 0.261336 0.426413 0.865953
    outer loop
      vertex -8.66838 35.8359 15.403
      vertex -9.44228 36.3102 15.403
      vertex -10.3395 34.9286 16.3541
    endloop
  endfacet
  facet normal 0.2305 0.335285 0.913484
    outer loop
      vertex -8.71852 38.85 14.1792
      vertex -8.51919 37.7316 14.5394
      vertex -8.31191 38.85 14.0766
    endloop
  endfacet
  facet normal 0.23041 0.335277 0.91351
    outer loop
      vertex -8.51919 37.7316 14.5394
      vertex -8.71852 38.85 14.1792
      vertex -9.19408 38.1954 14.5394
    endloop
  endfacet
  facet normal 0.0837213 0.348551 0.933543
    outer loop
      vertex -2.89084 37.2497 13.7657
      vertex -2.55068 38.85 13.1377
      vertex -3.10152 38.85 13.1871
    endloop
  endfacet
  facet normal 0.101687 0.34372 0.933551
    outer loop
      vertex -3.35769 38.85 13.2128
      vertex -3.59866 37.4196 13.7657
      vertex -3.21539 38.85 13.1973
    endloop
  endfacet
  facet normal 0.101833 0.343693 0.933544
    outer loop
      vertex -3.59866 37.4196 13.7657
      vertex -3.35769 38.85 13.2128
      vertex -4.29662 37.6264 13.7657
    endloop
  endfacet
  facet normal 0.173797 0.419558 0.890935
    outer loop
      vertex -5.60556 36.247 14.5394
      vertex -6.36213 36.5604 14.5394
      vertex -7.0515 35.0121 15.403
    endloop
  endfacet
  facet normal 0.068425 0.351956 0.933512
    outer loop
      vertex -1.91016 38.85 13.0929
      vertex -2.17509 37.117 13.7657
      vertex -1.90061 38.85 13.0922
    endloop
  endfacet
  facet normal 0.0653426 0.352441 0.93355
    outer loop
      vertex -2.17509 37.117 13.7657
      vertex -1.91016 38.85 13.0929
      vertex -2.89084 37.2497 13.7657
    endloop
  endfacet
  facet normal 0.0949629 0.395625 0.913489
    outer loop
      vertex -2.89084 37.2497 13.7657
      vertex -3.59866 37.4196 13.7657
      vertex -4.04842 35.7411 14.5394
    endloop
  endfacet
  facet normal 0.154366 0.323521 0.933545
    outer loop
      vertex -5.90276 38.85 13.5633
      vertex -5.65533 38.1479 13.7657
      vertex -5.34275 38.85 13.4707
    endloop
  endfacet
  facet normal 0.154311 0.323506 0.933559
    outer loop
      vertex -5.65533 38.1479 13.7657
      vertex -5.90276 38.85 13.5633
      vertex -6.31236 38.4613 13.7657
    endloop
  endfacet
  facet normal -0.0837213 0.348551 0.933543
    outer loop
      vertex 2.89084 37.2497 13.7657
      vertex 3.10152 38.85 13.1871
      vertex 2.55068 38.85 13.1377
    endloop
  endfacet
  facet normal 0.324805 0.380307 0.865949
    outer loop
      vertex -11.9471 36.0966 16.3541
      vertex -11.6006 37.9663 15.403
      vertex -12.7029 36.7421 16.3541
    endloop
  endfacet
  facet normal 0.0130836 0.499969 0.865944
    outer loop
      vertex 0 31.8659 16.3541
      vertex 0 33.5132 15.403
      vertex -0.993551 31.8919 16.3541
    endloop
  endfacet
  facet normal -0.154738 0.522338 0.838582
    outer loop
      vertex 6.17377 31.8491 17
      vertex 5.86641 32.795 16.3541
      vertex 5.5297 31.6583 17
    endloop
  endfacet
  facet normal -0.0711209 0.540089 0.838598
    outer loop
      vertex 2.08835 30.9807 17
      vertex 2.75434 31.0684 17
      vertex 1.98438 31.9699 16.3541
    endloop
  endfacet
  facet normal -0.10602 0.441577 0.890937
    outer loop
      vertex 4.48709 34.104 15.403
      vertex 4.04842 35.7411 14.5394
      vertex 3.60452 33.8921 15.403
    endloop
  endfacet
  facet normal -0.17381 0.419545 0.890939
    outer loop
      vertex 6.21294 34.6647 15.403
      vertex 7.0515 35.0121 15.403
      vertex 5.60556 36.247 14.5394
    endloop
  endfacet
  facet normal -0.432157 0.33167 0.838591
    outer loop
      vertex 15.7542 38.5739 17
      vertex 15.9661 38.85 17
      vertex 15.6564 38.85 16.8404
    endloop
  endfacet
  facet normal 0.0106319 0.40671 0.913495
    outer loop
      vertex 0 35.2081 14.5394
      vertex -0.727687 36.9649 13.7657
      vertex -0.818633 35.2295 14.5394
    endloop
  endfacet
  facet normal 0.02812 0.357381 0.933535
    outer loop
      vertex -0.727687 36.9649 13.7657
      vertex -1.26775 38.7881 13.084
      vertex -1.45338 37.022 13.7657
    endloop
  endfacet
  facet normal -0.091129 0.49175 0.865955
    outer loop
      vertex 2.96977 32.0996 16.3541
      vertex 3.94702 32.2807 16.3541
      vertex 2.71207 33.7267 15.403
    endloop
  endfacet
  facet normal -0.0142502 0.544549 0.838608
    outer loop
      vertex 0 31.8659 16.3541
      vertex 0.374095 30.881 17
      vertex 0.993551 31.8919 16.3541
    endloop
  endfacet
  facet normal -0.0142652 0.544545 0.838611
    outer loop
      vertex 0.374095 30.881 17
      vertex 0 31.8659 16.3541
      vertex 0 30.8712 17
    endloop
  endfacet
  facet normal -0.135783 0.383527 0.913493
    outer loop
      vertex 4.83361 35.9737 14.5394
      vertex 5.60556 36.247 14.5394
      vertex 4.29662 37.6264 13.7657
    endloop
  endfacet
  facet normal -0.0446128 0.355731 0.933523
    outer loop
      vertex 1.89224 38.85 13.0918
      vertex 2.17509 37.117 13.7657
      vertex 1.90061 38.85 13.0922
    endloop
  endfacet
  facet normal -0.0467803 0.355387 0.933548
    outer loop
      vertex 2.17509 37.117 13.7657
      vertex 1.89224 38.85 13.0918
      vertex 1.45338 37.022 13.7657
    endloop
  endfacet
  facet normal -0.216693 0.399089 0.890939
    outer loop
      vertex 7.87073 35.4028 15.403
      vertex 8.66838 35.8359 15.403
      vertex 7.82095 37.3037 14.5394
    endloop
  endfacet
  facet normal -0.283251 0.412171 0.865959
    outer loop
      vertex 10.3395 34.9286 16.3541
      vertex 11.1586 35.4915 16.3541
      vertex 10.1903 36.8243 15.403
    endloop
  endfacet
  facet normal -0.17077 0.314555 0.933752
    outer loop
      vertex 6.90367 38.85 13.7429
      vertex 6.31236 38.4613 13.7657
      vertex 6.95208 38.8086 13.7657
    endloop
  endfacet
  facet normal -0.171019 0.314925 0.933582
    outer loop
      vertex 6.31236 38.4613 13.7657
      vertex 6.90367 38.85 13.7429
      vertex 6.11431 38.85 13.5983
    endloop
  endfacet
  facet normal -0.212585 0.346504 0.913643
    outer loop
      vertex 6.95208 38.8086 13.7657
      vertex 7.61738 38.85 13.9048
      vertex 7.01956 38.85 13.7657
    endloop
  endfacet
  facet normal -0.212579 0.34691 0.91349
    outer loop
      vertex 7.61738 38.85 13.9048
      vertex 6.95208 38.8086 13.7657
      vertex 7.82095 37.3037 14.5394
    endloop
  endfacet
  facet normal 0.259977 0.478731 0.838587
    outer loop
      vertex -8.61861 33.935 16.3541
      vertex -9.39904 33.2274 17
      vertex -9.07016 33.0488 17
    endloop
  endfacet
  facet normal 0.259966 0.478741 0.838585
    outer loop
      vertex -9.39904 33.2274 17
      vertex -8.61861 33.935 16.3541
      vertex -9.49206 34.4093 16.3541
    endloop
  endfacet
  facet normal 0.308562 0.448936 0.838598
    outer loop
      vertex -10.8812 34.0944 17
      vertex -10.3395 34.9286 16.3541
      vertex -11.4348 34.4749 17
    endloop
  endfacet
  facet normal 0.234533 0.491701 0.838585
    outer loop
      vertex -8.12609 32.5985 17
      vertex -7.72153 33.5071 16.3541
      vertex -8.7324 32.8877 17
    endloop
  endfacet
  facet normal 0.181818 0.513509 0.8386
    outer loop
      vertex -6.52653 31.974 17
      vertex -6.8033 33.1268 16.3541
      vertex -7.15974 32.1982 17
    endloop
  endfacet
  facet normal 0.208453 0.503286 0.838601
    outer loop
      vertex -6.8033 33.1268 16.3541
      vertex -7.50548 32.3414 17
      vertex -7.15974 32.1982 17
    endloop
  endfacet
  facet normal 0.208446 0.503291 0.838599
    outer loop
      vertex -7.50548 32.3414 17
      vertex -6.8033 33.1268 16.3541
      vertex -7.72153 33.5071 16.3541
    endloop
  endfacet
  facet normal 0.331624 0.43219 0.838592
    outer loop
      vertex -12.0401 34.9147 17
      vertex -11.9471 36.0966 16.3541
      vertex -12.573 35.3236 17
    endloop
  endfacet
  facet normal 0.344283 0.362743 0.86596
    outer loop
      vertex -11.6006 37.9663 15.403
      vertex -12.2589 38.5911 15.403
      vertex -13.4238 37.4262 16.3541
    endloop
  endfacet
  facet normal 0.312556 0.329435 0.890944
    outer loop
      vertex -10.8049 38.85 14.7971
      vertex -11.3388 38.85 14.9844
      vertex -11.6006 37.9663 15.403
    endloop
  endfacet
  facet normal 0.0949904 0.395606 0.913495
    outer loop
      vertex -3.25213 35.5499 14.5394
      vertex -2.89084 37.2497 13.7657
      vertex -4.04842 35.7411 14.5394
    endloop
  endfacet
  facet normal 0.142047 0.479516 0.86596
    outer loop
      vertex -4.48709 34.104 15.403
      vertex -5.35736 34.3618 15.403
      vertex -5.86641 32.795 16.3541
    endloop
  endfacet
  facet normal 0.0427506 0.543059 0.838606
    outer loop
      vertex -1.98438 31.9699 16.3541
      vertex -1.71528 30.9513 17
      vertex -0.993551 31.8919 16.3541
    endloop
  endfacet
  facet normal 0.0427967 0.543066 0.838598
    outer loop
      vertex -1.71528 30.9513 17
      vertex -1.98438 31.9699 16.3541
      vertex -2.08835 30.9807 17
    endloop
  endfacet
  facet normal 0.0427369 0.543066 0.838601
    outer loop
      vertex -1.04561 30.8986 17
      vertex -0.993551 31.8919 16.3541
      vertex -1.71528 30.9513 17
    endloop
  endfacet
  facet normal 0.187584 0.305753 0.933449
    outer loop
      vertex -6.95208 38.8086 13.7657
      vertex -6.94442 38.85 13.7506
      vertex -7.01956 38.85 13.7657
    endloop
  endfacet
  facet normal 0.135783 0.383527 0.913493
    outer loop
      vertex -4.83361 35.9737 14.5394
      vertex -4.29662 37.6264 13.7657
      vertex -5.60556 36.247 14.5394
    endloop
  endfacet
  facet normal 0.0836234 0.348559 0.933549
    outer loop
      vertex -3.59866 37.4196 13.7657
      vertex -3.10152 38.85 13.1871
      vertex -3.21539 38.85 13.1973
    endloop
  endfacet
  facet normal 0.0836625 0.348546 0.93355
    outer loop
      vertex -3.10152 38.85 13.1871
      vertex -3.59866 37.4196 13.7657
      vertex -2.89084 37.2497 13.7657
    endloop
  endfacet
  facet normal 0.028116 0.35738 0.933536
    outer loop
      vertex -0.727687 36.9649 13.7657
      vertex -0.634747 38.7383 13.084
      vertex -1.26775 38.7881 13.084
    endloop
  endfacet
  facet normal 0.074169 0.400049 0.913488
    outer loop
      vertex -2.44693 35.4007 14.5394
      vertex -2.17509 37.117 13.7657
      vertex -2.89084 37.2497 13.7657
    endloop
  endfacet
  facet normal 0.128985 0.435423 0.890938
    outer loop
      vertex -4.48709 34.104 15.403
      vertex -4.83361 35.9737 14.5394
      vertex -5.35736 34.3618 15.403
    endloop
  endfacet
  facet normal 0.151559 0.428086 0.890939
    outer loop
      vertex -4.83361 35.9737 14.5394
      vertex -5.60556 36.247 14.5394
      vertex -6.21294 34.6647 15.403
    endloop
  endfacet
  facet normal 0.135767 0.383541 0.91349
    outer loop
      vertex -4.29662 37.6264 13.7657
      vertex -4.98281 37.8693 13.7657
      vertex -5.60556 36.247 14.5394
    endloop
  endfacet
  facet normal 0.194121 0.357566 0.91349
    outer loop
      vertex -6.31236 38.4613 13.7657
      vertex -6.95208 38.8086 13.7657
      vertex -7.82095 37.3037 14.5394
    endloop
  endfacet
  facet normal 0.247711 0.322708 0.913509
    outer loop
      vertex -9.55639 38.85 14.4064
      vertex -9.19408 38.1954 14.5394
      vertex -8.71852 38.85 14.1792
    endloop
  endfacet
  facet normal 0.247632 0.322672 0.913543
    outer loop
      vertex -9.19408 38.1954 14.5394
      vertex -9.55639 38.85 14.4064
      vertex -9.84377 38.694 14.5394
    endloop
  endfacet
  facet normal -0.00937195 0.358363 0.933535
    outer loop
      vertex 0.727687 36.9649 13.7657
      vertex 0.634747 38.7383 13.084
      vertex 0 38.7217 13.084
    endloop
  endfacet
  facet normal 0.259914 0.478745 0.838599
    outer loop
      vertex -9.39904 33.2274 17
      vertex -9.49206 34.4093 16.3541
      vertex -9.98938 33.5479 17
    endloop
  endfacet
  facet normal -0.127159 0.529707 0.838595
    outer loop
      vertex 4.15382 31.3078 17
      vertex 4.807 31.4646 17
      vertex 3.94702 32.2807 16.3541
    endloop
  endfacet
  facet normal -0.284584 0.464506 0.838598
    outer loop
      vertex 10.3395 34.9286 16.3541
      vertex 10.5621 33.8989 17
      vertex 10.8812 34.0944 17
    endloop
  endfacet
  facet normal -0.284633 0.46449 0.83859
    outer loop
      vertex 10.5621 33.8989 17
      vertex 10.3395 34.9286 16.3541
      vertex 9.49206 34.4093 16.3541
    endloop
  endfacet
  facet normal -0.128987 0.435423 0.890937
    outer loop
      vertex 4.48709 34.104 15.403
      vertex 4.83361 35.9737 14.5394
      vertex 4.04842 35.7411 14.5394
    endloop
  endfacet
  facet normal -0.181861 0.513513 0.838589
    outer loop
      vertex 5.86641 32.795 16.3541
      vertex 6.52653 31.974 17
      vertex 6.8033 33.1268 16.3541
    endloop
  endfacet
  facet normal -0.181825 0.513537 0.838582
    outer loop
      vertex 6.52653 31.974 17
      vertex 5.86641 32.795 16.3541
      vertex 6.17377 31.8491 17
    endloop
  endfacet
  facet normal -0.128985 0.435423 0.890938
    outer loop
      vertex 5.35736 34.3618 15.403
      vertex 4.83361 35.9737 14.5394
      vertex 4.48709 34.104 15.403
    endloop
  endfacet
  facet normal -0.115562 0.390105 0.91349
    outer loop
      vertex 4.04842 35.7411 14.5394
      vertex 4.83361 35.9737 14.5394
      vertex 3.59866 37.4196 13.7657
    endloop
  endfacet
  facet normal -0.116792 0.486305 0.865949
    outer loop
      vertex 4.91345 32.5128 16.3541
      vertex 4.48709 34.104 15.403
      vertex 3.94702 32.2807 16.3541
    endloop
  endfacet
  facet normal -0.155715 0.375884 0.91349
    outer loop
      vertex 5.60556 36.247 14.5394
      vertex 5.65533 38.1479 13.7657
      vertex 4.98281 37.8693 13.7657
    endloop
  endfacet
  facet normal -0.173797 0.419558 0.890935
    outer loop
      vertex 7.0515 35.0121 15.403
      vertex 6.36213 36.5604 14.5394
      vertex 5.60556 36.247 14.5394
    endloop
  endfacet
  facet normal -0.414301 0.353743 0.838583
    outer loop
      vertex 14.8188 38.85 16.4087
      vertex 15.2834 37.9924 17
      vertex 15.5264 38.277 17
    endloop
  endfacet
  facet normal -0.414013 0.353939 0.838642
    outer loop
      vertex 14.7082 38.85 16.3541
      vertex 15.2834 37.9924 17
      vertex 14.8188 38.85 16.4087
    endloop
  endfacet
  facet normal -0.414231 0.353767 0.838607
    outer loop
      vertex 15.2834 37.9924 17
      vertex 14.7082 38.85 16.3541
      vertex 14.1079 38.1471 16.3541
    endloop
  endfacet
  facet normal 0.00940581 0.35835 0.93354
    outer loop
      vertex 0 36.9458 13.7657
      vertex 0 38.7217 13.084
      vertex -0.727687 36.9649 13.7657
    endloop
  endfacet
  facet normal 0.0530978 0.403381 0.91349
    outer loop
      vertex -1.63502 35.2938 14.5394
      vertex -1.45338 37.022 13.7657
      vertex -2.17509 37.117 13.7657
    endloop
  endfacet
  facet normal -0.0119081 0.453976 0.890934
    outer loop
      vertex 0.907336 33.537 15.403
      vertex 0.818633 35.2295 14.5394
      vertex 0 33.5132 15.403
    endloop
  endfacet
  facet normal 0.0106755 0.406725 0.913488
    outer loop
      vertex 0 35.2081 14.5394
      vertex 0 36.9458 13.7657
      vertex -0.727687 36.9649 13.7657
    endloop
  endfacet
  facet normal -0.0827545 0.446519 0.890939
    outer loop
      vertex 2.71207 33.7267 15.403
      vertex 3.60452 33.8921 15.403
      vertex 2.44693 35.4007 14.5394
    endloop
  endfacet
  facet normal -0.0911363 0.491745 0.865957
    outer loop
      vertex 3.94702 32.2807 16.3541
      vertex 3.60452 33.8921 15.403
      vertex 2.71207 33.7267 15.403
    endloop
  endfacet
  facet normal -0.137263 0.331136 0.933546
    outer loop
      vertex 5.65533 38.1479 13.7657
      vertex 5.34275 38.85 13.4707
      vertex 4.98909 38.85 13.4187
    endloop
  endfacet
  facet normal -0.154311 0.323506 0.933559
    outer loop
      vertex 5.90276 38.85 13.5633
      vertex 5.65533 38.1479 13.7657
      vertex 6.31236 38.4613 13.7657
    endloop
  endfacet
  facet normal -0.154366 0.323521 0.933545
    outer loop
      vertex 5.65533 38.1479 13.7657
      vertex 5.90276 38.85 13.5633
      vertex 5.34275 38.85 13.4707
    endloop
  endfacet
  facet normal -0.0530978 0.403381 0.91349
    outer loop
      vertex 1.63502 35.2938 14.5394
      vertex 2.17509 37.117 13.7657
      vertex 1.45338 37.022 13.7657
    endloop
  endfacet
  facet normal -0.0471102 0.355451 0.933507
    outer loop
      vertex 1.73768 38.85 13.084
      vertex 1.45338 37.022 13.7657
      vertex 1.89224 38.85 13.0918
    endloop
  endfacet
  facet normal -0.046816 0.355416 0.933535
    outer loop
      vertex 1.45338 37.022 13.7657
      vertex 1.73768 38.85 13.084
      vertex 1.26775 38.7881 13.084
    endloop
  endfacet
  facet normal -0.0741258 0.400041 0.913495
    outer loop
      vertex 3.25213 35.5499 14.5394
      vertex 2.89084 37.2497 13.7657
      vertex 2.44693 35.4007 14.5394
    endloop
  endfacet
  facet normal -0.0949904 0.395606 0.913495
    outer loop
      vertex 3.25213 35.5499 14.5394
      vertex 4.04842 35.7411 14.5394
      vertex 2.89084 37.2497 13.7657
    endloop
  endfacet
  facet normal -0.329098 0.313016 0.890907
    outer loop
      vertex 12.2589 38.5911 15.403
      vertex 12.1673 38.85 15.2782
      vertex 12 38.85 15.2164
    endloop
  endfacet
  facet normal -0.344283 0.362743 0.86596
    outer loop
      vertex 13.4238 37.4262 16.3541
      vertex 12.2589 38.5911 15.403
      vertex 11.6006 37.9663 15.403
    endloop
  endfacet
  facet normal -0.261336 0.426413 0.865953
    outer loop
      vertex 10.3395 34.9286 16.3541
      vertex 9.44228 36.3102 15.403
      vertex 8.66838 35.8359 15.403
    endloop
  endfacet
  facet normal -0.257226 0.374266 0.890932
    outer loop
      vertex 9.44228 36.3102 15.403
      vertex 10.1903 36.8243 15.403
      vertex 9.19408 38.1954 14.5394
    endloop
  endfacet
  facet normal -0.18435 0.306498 0.933849
    outer loop
      vertex 6.95208 38.8086 13.7657
      vertex 6.94442 38.85 13.7506
      vertex 6.92821 38.85 13.7474
    endloop
  endfacet
  facet normal -0.187584 0.305753 0.933449
    outer loop
      vertex 6.95208 38.8086 13.7657
      vertex 7.01956 38.85 13.7657
      vertex 6.94442 38.85 13.7506
    endloop
  endfacet
  facet normal 0.283274 0.412166 0.865953
    outer loop
      vertex -9.44228 36.3102 15.403
      vertex -10.1903 36.8243 15.403
      vertex -10.3395 34.9286 16.3541
    endloop
  endfacet
  facet normal 0.284633 0.46449 0.83859
    outer loop
      vertex -10.3395 34.9286 16.3541
      vertex -10.5621 33.8989 17
      vertex -9.49206 34.4093 16.3541
    endloop
  endfacet
  facet normal 0.284584 0.464506 0.838598
    outer loop
      vertex -10.5621 33.8989 17
      vertex -10.3395 34.9286 16.3541
      vertex -10.8812 34.0944 17
    endloop
  endfacet
  facet normal 0.17381 0.419545 0.890939
    outer loop
      vertex -6.21294 34.6647 15.403
      vertex -5.60556 36.247 14.5394
      vertex -7.0515 35.0121 15.403
    endloop
  endfacet
  facet normal 0.237301 0.387197 0.890936
    outer loop
      vertex -8.66838 35.8359 15.403
      vertex -8.51919 37.7316 14.5394
      vertex -9.44228 36.3102 15.403
    endloop
  endfacet
  facet normal -0.215311 0.451394 0.865959
    outer loop
      vertex 7.72153 33.5071 16.3541
      vertex 8.61861 33.935 16.3541
      vertex 7.0515 35.0121 15.403
    endloop
  endfacet
  facet normal -0.191367 0.462054 0.865959
    outer loop
      vertex 7.72153 33.5071 16.3541
      vertex 7.0515 35.0121 15.403
      vertex 6.8033 33.1268 16.3541
    endloop
  endfacet
  facet normal -0.238646 0.43952 0.865951
    outer loop
      vertex 8.61861 33.935 16.3541
      vertex 8.66838 35.8359 15.403
      vertex 7.87073 35.4028 15.403
    endloop
  endfacet
  facet normal -0.308562 0.448936 0.838598
    outer loop
      vertex 10.8812 34.0944 17
      vertex 11.4348 34.4749 17
      vertex 10.3395 34.9286 16.3541
    endloop
  endfacet
  facet normal 0.395164 0.374972 0.838595
    outer loop
      vertex -14.3847 36.9943 17
      vertex -14.1079 38.1471 16.3541
      vertex -14.8471 37.4816 17
    endloop
  endfacet
  facet normal 0.374978 0.39517 0.838589
    outer loop
      vertex -13.6398 36.2605 17
      vertex -13.4238 37.4262 16.3541
      vertex -14.1271 36.7229 17
    endloop
  endfacet
  facet normal 0.324817 0.380303 0.865947
    outer loop
      vertex -10.9104 37.3768 15.403
      vertex -11.6006 37.9663 15.403
      vertex -11.9471 36.0966 16.3541
    endloop
  endfacet
  facet normal 0.294928 0.345308 0.890943
    outer loop
      vertex -10.9104 37.3768 15.403
      vertex -9.84377 38.694 14.5394
      vertex -11.6006 37.9663 15.403
    endloop
  endfacet
  facet normal 0.329098 0.313016 0.890907
    outer loop
      vertex -12 38.85 15.2164
      vertex -12.1673 38.85 15.2782
      vertex -12.2589 38.5911 15.403
    endloop
  endfacet
  facet normal 0.414013 0.353939 0.838642
    outer loop
      vertex -15.2834 37.9924 17
      vertex -14.7082 38.85 16.3541
      vertex -14.8188 38.85 16.4087
    endloop
  endfacet
  facet normal 0.414231 0.353767 0.838607
    outer loop
      vertex -14.7082 38.85 16.3541
      vertex -15.2834 37.9924 17
      vertex -14.1079 38.1471 16.3541
    endloop
  endfacet
  facet normal 0.414301 0.353743 0.838583
    outer loop
      vertex -15.2834 37.9924 17
      vertex -14.8188 38.85 16.4087
      vertex -15.5264 38.277 17
    endloop
  endfacet
  facet normal -0.0142725 0.544558 0.838602
    outer loop
      vertex 1.04561 30.8986 17
      vertex 0.993551 31.8919 16.3541
      vertex 0.374095 30.881 17
    endloop
  endfacet
  facet normal -0.0653426 0.352441 0.93355
    outer loop
      vertex 1.91016 38.85 13.0929
      vertex 2.17509 37.117 13.7657
      vertex 2.89084 37.2497 13.7657
    endloop
  endfacet
  facet normal -0.068425 0.351956 0.933512
    outer loop
      vertex 2.17509 37.117 13.7657
      vertex 1.91016 38.85 13.0929
      vertex 1.90061 38.85 13.0922
    endloop
  endfacet
  facet normal 0.0319146 0.405607 0.91349
    outer loop
      vertex -0.727687 36.9649 13.7657
      vertex -1.45338 37.022 13.7657
      vertex -1.63502 35.2938 14.5394
    endloop
  endfacet
  facet normal 0.0319452 0.405593 0.913495
    outer loop
      vertex -0.818633 35.2295 14.5394
      vertex -0.727687 36.9649 13.7657
      vertex -1.63502 35.2938 14.5394
    endloop
  endfacet
  facet normal 0.166903 0.47144 0.86596
    outer loop
      vertex -5.86641 32.795 16.3541
      vertex -5.35736 34.3618 15.403
      vertex -6.21294 34.6647 15.403
    endloop
  endfacet
  facet normal 0.0652663 0.495858 0.865947
    outer loop
      vertex -1.98438 31.9699 16.3541
      vertex -1.81219 33.6082 15.403
      vertex -2.96977 32.0996 16.3541
    endloop
  endfacet
  facet normal -0.0427369 0.543066 0.838601
    outer loop
      vertex 1.04561 30.8986 17
      vertex 1.71528 30.9513 17
      vertex 0.993551 31.8919 16.3541
    endloop
  endfacet
  facet normal 0.0992611 0.535637 0.838594
    outer loop
      vertex -3.49332 31.1854 17
      vertex -3.94702 32.2807 16.3541
      vertex -4.15382 31.3078 17
    endloop
  endfacet
  facet normal 0.151556 0.428089 0.890938
    outer loop
      vertex -5.35736 34.3618 15.403
      vertex -4.83361 35.9737 14.5394
      vertex -6.21294 34.6647 15.403
    endloop
  endfacet
  facet normal 0.191367 0.462054 0.865959
    outer loop
      vertex -6.8033 33.1268 16.3541
      vertex -7.0515 35.0121 15.403
      vertex -7.72153 33.5071 16.3541
    endloop
  endfacet
  facet normal -0.0100087 0.309087 0.950981
    outer loop
      vertex 0.0380063 38.85 13.0427
      vertex 0 38.85 13.0423
      vertex 0 38.7217 13.084
    endloop
  endfacet
  facet normal 0.00937195 0.358363 0.933535
    outer loop
      vertex 0 38.7217 13.084
      vertex -0.634747 38.7383 13.084
      vertex -0.727687 36.9649 13.7657
    endloop
  endfacet
  facet normal 0.0241957 0.307829 0.951134
    outer loop
      vertex -1.24213 38.85 13.0633
      vertex -0.634747 38.7383 13.084
      vertex -0.628893 38.85 13.0477
    endloop
  endfacet
  facet normal 0.0242326 0.308018 0.951072
    outer loop
      vertex -0.634747 38.7383 13.084
      vertex -1.24213 38.85 13.0633
      vertex -1.26775 38.7881 13.084
    endloop
  endfacet
  facet normal 0.0741258 0.400041 0.913495
    outer loop
      vertex -2.44693 35.4007 14.5394
      vertex -2.89084 37.2497 13.7657
      vertex -3.25213 35.5499 14.5394
    endloop
  endfacet
  facet normal 0.116758 0.486299 0.865957
    outer loop
      vertex -3.94702 32.2807 16.3541
      vertex -3.60452 33.8921 15.403
      vertex -4.48709 34.104 15.403
    endloop
  endfacet
  facet normal 0.264441 0.309287 0.913462
    outer loop
      vertex -9.71741 38.85 14.45
      vertex -9.79755 38.85 14.4732
      vertex -9.84377 38.694 14.5394
    endloop
  endfacet
  facet normal 0.276444 0.360302 0.890933
    outer loop
      vertex -10.1903 36.8243 15.403
      vertex -9.19408 38.1954 14.5394
      vertex -10.9104 37.3768 15.403
    endloop
  endfacet
  facet normal 0.276473 0.360252 0.890944
    outer loop
      vertex -9.19408 38.1954 14.5394
      vertex -9.84377 38.694 14.5394
      vertex -10.9104 37.3768 15.403
    endloop
  endfacet
  facet normal 0.212585 0.346504 0.913643
    outer loop
      vertex -7.61738 38.85 13.9048
      vertex -6.95208 38.8086 13.7657
      vertex -7.01956 38.85 13.7657
    endloop
  endfacet
  facet normal 0.212579 0.34691 0.91349
    outer loop
      vertex -6.95208 38.8086 13.7657
      vertex -7.61738 38.85 13.9048
      vertex -7.82095 37.3037 14.5394
    endloop
  endfacet
  facet normal 0.155705 0.375884 0.913492
    outer loop
      vertex -5.60556 36.247 14.5394
      vertex -5.65533 38.1479 13.7657
      vertex -6.36213 36.5604 14.5394
    endloop
  endfacet
  facet normal -0.127221 0.52967 0.838609
    outer loop
      vertex 4.91345 32.5128 16.3541
      vertex 4.807 31.4646 17
      vertex 5.17088 31.552 17
    endloop
  endfacet
  facet normal -0.127207 0.52967 0.838611
    outer loop
      vertex 4.807 31.4646 17
      vertex 4.91345 32.5128 16.3541
      vertex 3.94702 32.2807 16.3541
    endloop
  endfacet
  facet normal -0.261317 0.42644 0.865946
    outer loop
      vertex 9.49206 34.4093 16.3541
      vertex 10.3395 34.9286 16.3541
      vertex 8.66838 35.8359 15.403
    endloop
  endfacet
  facet normal -0.166962 0.471444 0.865947
    outer loop
      vertex 6.8033 33.1268 16.3541
      vertex 6.21294 34.6647 15.403
      vertex 5.86641 32.795 16.3541
    endloop
  endfacet
  facet normal -0.166903 0.47144 0.86596
    outer loop
      vertex 5.86641 32.795 16.3541
      vertex 6.21294 34.6647 15.403
      vertex 5.35736 34.3618 15.403
    endloop
  endfacet
  facet normal -0.142047 0.479516 0.86596
    outer loop
      vertex 5.86641 32.795 16.3541
      vertex 5.35736 34.3618 15.403
      vertex 4.48709 34.104 15.403
    endloop
  endfacet
  facet normal -0.264138 0.309398 0.913512
    outer loop
      vertex 9.84377 38.694 14.5394
      vertex 10.0265 38.85 14.5394
      vertex 9.79755 38.85 14.4732
    endloop
  endfacet
  facet normal -0.154457 0.323364 0.933584
    outer loop
      vertex 6.31236 38.4613 13.7657
      vertex 6.11431 38.85 13.5983
      vertex 5.90276 38.85 13.5633
    endloop
  endfacet
  facet normal -0.41422 0.353806 0.838596
    outer loop
      vertex 14.8471 37.4816 17
      vertex 15.2834 37.9924 17
      vertex 14.1079 38.1471 16.3541
    endloop
  endfacet
  facet normal -0.0106319 0.40671 0.913495
    outer loop
      vertex 0.818633 35.2295 14.5394
      vertex 0.727687 36.9649 13.7657
      vertex 0 35.2081 14.5394
    endloop
  endfacet
  facet normal 0.0118671 0.453961 0.890943
    outer loop
      vertex 0 33.5132 15.403
      vertex 0 35.2081 14.5394
      vertex -0.818633 35.2295 14.5394
    endloop
  endfacet
  facet normal -0.0592799 0.450234 0.890941
    outer loop
      vertex 1.81219 33.6082 15.403
      vertex 2.44693 35.4007 14.5394
      vertex 1.63502 35.2938 14.5394
    endloop
  endfacet
  facet normal -0.0356231 0.45272 0.890941
    outer loop
      vertex 1.81219 33.6082 15.403
      vertex 1.63502 35.2938 14.5394
      vertex 0.907336 33.537 15.403
    endloop
  endfacet
  facet normal -0.135767 0.383541 0.91349
    outer loop
      vertex 5.60556 36.247 14.5394
      vertex 4.98281 37.8693 13.7657
      vertex 4.29662 37.6264 13.7657
    endloop
  endfacet
  facet normal -0.175163 0.367221 0.913492
    outer loop
      vertex 6.36213 36.5604 14.5394
      vertex 6.31236 38.4613 13.7657
      vertex 5.65533 38.1479 13.7657
    endloop
  endfacet
  facet normal -0.155705 0.375884 0.913492
    outer loop
      vertex 6.36213 36.5604 14.5394
      vertex 5.65533 38.1479 13.7657
      vertex 5.60556 36.247 14.5394
    endloop
  endfacet
  facet normal -0.065295 0.352468 0.933543
    outer loop
      vertex 2.89084 37.2497 13.7657
      vertex 2.55068 38.85 13.1377
      vertex 1.91016 38.85 13.0929
    endloop
  endfacet
  facet normal -0.074169 0.400049 0.913488
    outer loop
      vertex 2.44693 35.4007 14.5394
      vertex 2.89084 37.2497 13.7657
      vertex 2.17509 37.117 13.7657
    endloop
  endfacet
  facet normal -0.0531115 0.403384 0.913488
    outer loop
      vertex 2.44693 35.4007 14.5394
      vertex 2.17509 37.117 13.7657
      vertex 1.63502 35.2938 14.5394
    endloop
  endfacet
  facet normal -0.380379 0.324857 0.865898
    outer loop
      vertex 14.1079 38.1471 16.3541
      vertex 14.7082 38.85 16.3541
      vertex 13.8591 38.85 15.9811
    endloop
  endfacet
  facet normal -0.395164 0.374972 0.838595
    outer loop
      vertex 14.3847 36.9943 17
      vertex 14.8471 37.4816 17
      vertex 14.1079 38.1471 16.3541
    endloop
  endfacet
  facet normal -0.294928 0.345308 0.890943
    outer loop
      vertex 10.9104 37.3768 15.403
      vertex 11.6006 37.9663 15.403
      vertex 9.84377 38.694 14.5394
    endloop
  endfacet
  facet normal -0.362713 0.34436 0.865942
    outer loop
      vertex 12.2589 38.5911 15.403
      vertex 13.3274 38.85 15.7476
      vertex 12.5047 38.85 15.403
    endloop
  endfacet
  facet normal -0.362717 0.344404 0.865923
    outer loop
      vertex 13.3274 38.85 15.7476
      vertex 12.2589 38.5911 15.403
      vertex 14.1079 38.1471 16.3541
    endloop
  endfacet
  facet normal -0.329504 0.312831 0.890822
    outer loop
      vertex 12.2589 38.5911 15.403
      vertex 12.5047 38.85 15.403
      vertex 12.1673 38.85 15.2782
    endloop
  endfacet
  facet normal 0.283251 0.412171 0.865959
    outer loop
      vertex -10.3395 34.9286 16.3541
      vertex -10.1903 36.8243 15.403
      vertex -11.1586 35.4915 16.3541
    endloop
  endfacet
  facet normal 0.308541 0.448971 0.838587
    outer loop
      vertex -11.1586 35.4915 16.3541
      vertex -11.4348 34.4749 17
      vertex -10.3395 34.9286 16.3541
    endloop
  endfacet
  facet normal 0.308497 0.448988 0.838594
    outer loop
      vertex -11.4348 34.4749 17
      vertex -11.1586 35.4915 16.3541
      vertex -11.7432 34.6868 17
    endloop
  endfacet
  facet normal -0.191421 0.462055 0.865946
    outer loop
      vertex 6.8033 33.1268 16.3541
      vertex 7.0515 35.0121 15.403
      vertex 6.21294 34.6647 15.403
    endloop
  endfacet
  facet normal -0.259914 0.478745 0.838599
    outer loop
      vertex 9.98938 33.5479 17
      vertex 9.49206 34.4093 16.3541
      vertex 9.39904 33.2274 17
    endloop
  endfacet
  facet normal -0.212578 0.346881 0.913501
    outer loop
      vertex 7.7929 38.85 13.9457
      vertex 7.82095 37.3037 14.5394
      vertex 8.51919 37.7316 14.5394
    endloop
  endfacet
  facet normal -0.212853 0.346856 0.913447
    outer loop
      vertex 7.82095 37.3037 14.5394
      vertex 7.7929 38.85 13.9457
      vertex 7.61738 38.85 13.9048
    endloop
  endfacet
  facet normal -0.237301 0.387197 0.890936
    outer loop
      vertex 8.66838 35.8359 15.403
      vertex 9.44228 36.3102 15.403
      vertex 8.51919 37.7316 14.5394
    endloop
  endfacet
  facet normal -0.284652 0.464462 0.838599
    outer loop
      vertex 9.98938 33.5479 17
      vertex 10.5621 33.8989 17
      vertex 9.49206 34.4093 16.3541
    endloop
  endfacet
  facet normal -0.308497 0.448988 0.838594
    outer loop
      vertex 11.1586 35.4915 16.3541
      vertex 11.4348 34.4749 17
      vertex 11.7432 34.6868 17
    endloop
  endfacet
  facet normal -0.308541 0.448971 0.838587
    outer loop
      vertex 11.4348 34.4749 17
      vertex 11.1586 35.4915 16.3541
      vertex 10.3395 34.9286 16.3541
    endloop
  endfacet
  facet normal -0.331659 0.432182 0.838583
    outer loop
      vertex 11.1586 35.4915 16.3541
      vertex 12.0401 34.9147 17
      vertex 11.9471 36.0966 16.3541
    endloop
  endfacet
  facet normal -0.331702 0.432129 0.838593
    outer loop
      vertex 12.0401 34.9147 17
      vertex 11.1586 35.4915 16.3541
      vertex 11.7432 34.6868 17
    endloop
  endfacet
  facet normal 0.362772 0.344254 0.86596
    outer loop
      vertex -13.4238 37.4262 16.3541
      vertex -12.2589 38.5911 15.403
      vertex -14.1079 38.1471 16.3541
    endloop
  endfacet
  facet normal 0.380379 0.324857 0.865898
    outer loop
      vertex -14.1079 38.1471 16.3541
      vertex -13.8591 38.85 15.9811
      vertex -14.7082 38.85 16.3541
    endloop
  endfacet
  facet normal 0.41422 0.353806 0.838596
    outer loop
      vertex -14.8471 37.4816 17
      vertex -14.1079 38.1471 16.3541
      vertex -15.2834 37.9924 17
    endloop
  endfacet
  facet normal 0.353806 0.41422 0.838596
    outer loop
      vertex -12.8576 35.5666 17
      vertex -12.7029 36.7421 16.3541
      vertex -13.3684 36.0029 17
    endloop
  endfacet
  facet normal 0.374993 0.395165 0.838585
    outer loop
      vertex -13.6398 36.2605 17
      vertex -12.7029 36.7421 16.3541
      vertex -13.4238 37.4262 16.3541
    endloop
  endfacet
  facet normal 0.375025 0.395115 0.838594
    outer loop
      vertex -12.7029 36.7421 16.3541
      vertex -13.6398 36.2605 17
      vertex -13.3684 36.0029 17
    endloop
  endfacet
  facet normal 0.0592799 0.450234 0.890941
    outer loop
      vertex -1.81219 33.6082 15.403
      vertex -1.63502 35.2938 14.5394
      vertex -2.44693 35.4007 14.5394
    endloop
  endfacet
  facet normal 0.0392321 0.498586 0.865952
    outer loop
      vertex -0.993551 31.8919 16.3541
      vertex -0.907336 33.537 15.403
      vertex -1.81219 33.6082 15.403
    endloop
  endfacet
  facet normal 0.127159 0.529707 0.838595
    outer loop
      vertex -4.15382 31.3078 17
      vertex -3.94702 32.2807 16.3541
      vertex -4.807 31.4646 17
    endloop
  endfacet
  facet normal 0.154738 0.522338 0.838582
    outer loop
      vertex -5.5297 31.6583 17
      vertex -5.86641 32.795 16.3541
      vertex -6.17377 31.8491 17
    endloop
  endfacet
  facet normal 0.0992795 0.535629 0.838597
    outer loop
      vertex -2.96977 32.0996 16.3541
      vertex -3.49332 31.1854 17
      vertex -3.12537 31.1172 17
    endloop
  endfacet
  facet normal 0.0992621 0.535637 0.838594
    outer loop
      vertex -3.49332 31.1854 17
      vertex -2.96977 32.0996 16.3541
      vertex -3.94702 32.2807 16.3541
    endloop
  endfacet
  facet normal 0.215288 0.451421 0.86595
    outer loop
      vertex -7.0515 35.0121 15.403
      vertex -7.87073 35.4028 15.403
      vertex -8.61861 33.935 16.3541
    endloop
  endfacet
  facet normal 0.215311 0.451394 0.865959
    outer loop
      vertex -7.72153 33.5071 16.3541
      vertex -7.0515 35.0121 15.403
      vertex -8.61861 33.935 16.3541
    endloop
  endfacet
  facet normal 0.175179 0.36722 0.913489
    outer loop
      vertex -6.36213 36.5604 14.5394
      vertex -6.31236 38.4613 13.7657
      vertex -7.10127 36.913 14.5394
    endloop
  endfacet
  facet normal 0.216659 0.399093 0.890945
    outer loop
      vertex -7.10127 36.913 14.5394
      vertex -7.82095 37.3037 14.5394
      vertex -7.87073 35.4028 15.403
    endloop
  endfacet
  facet normal 0.142009 0.479548 0.865949
    outer loop
      vertex -4.91345 32.5128 16.3541
      vertex -4.48709 34.104 15.403
      vertex -5.86641 32.795 16.3541
    endloop
  endfacet
  facet normal 0.0827545 0.446519 0.890939
    outer loop
      vertex -2.71207 33.7267 15.403
      vertex -2.44693 35.4007 14.5394
      vertex -3.60452 33.8921 15.403
    endloop
  endfacet
  facet normal 0.0248728 0.307774 0.951134
    outer loop
      vertex -1.24213 38.85 13.0633
      vertex -1.26125 38.85 13.0638
      vertex -1.26775 38.7881 13.084
    endloop
  endfacet
  facet normal 0.101743 0.343756 0.933531
    outer loop
      vertex -3.35769 38.85 13.2128
      vertex -3.89904 38.85 13.2718
      vertex -4.29662 37.6264 13.7657
    endloop
  endfacet
  facet normal 0.119671 0.337913 0.933538
    outer loop
      vertex -4.60637 38.85 13.3625
      vertex -4.29662 37.6264 13.7657
      vertex -4.32866 38.85 13.3269
    endloop
  endfacet
  facet normal 0.119612 0.337902 0.93355
    outer loop
      vertex -4.29662 37.6264 13.7657
      vertex -4.60637 38.85 13.3625
      vertex -4.98281 37.8693 13.7657
    endloop
  endfacet
  facet normal -0.0248728 0.307774 0.951134
    outer loop
      vertex 1.26775 38.7881 13.084
      vertex 1.26125 38.85 13.0638
      vertex 1.24213 38.85 13.0633
    endloop
  endfacet
  facet normal 0.237286 0.387199 0.890939
    outer loop
      vertex -7.82095 37.3037 14.5394
      vertex -8.51919 37.7316 14.5394
      vertex -8.66838 35.8359 15.403
    endloop
  endfacet
  facet normal 0.257207 0.37427 0.890936
    outer loop
      vertex -8.51919 37.7316 14.5394
      vertex -9.19408 38.1954 14.5394
      vertex -9.44228 36.3102 15.403
    endloop
  endfacet
  facet normal 0.137263 0.331136 0.933546
    outer loop
      vertex -4.98909 38.85 13.4187
      vertex -5.34275 38.85 13.4707
      vertex -5.65533 38.1479 13.7657
    endloop
  endfacet
  facet normal 0.137086 0.331195 0.933551
    outer loop
      vertex -4.98909 38.85 13.4187
      vertex -4.98281 37.8693 13.7657
      vertex -4.60637 38.85 13.3625
    endloop
  endfacet
  facet normal 0.1372 0.331191 0.933536
    outer loop
      vertex -4.98281 37.8693 13.7657
      vertex -4.98909 38.85 13.4187
      vertex -5.65533 38.1479 13.7657
    endloop
  endfacet
  facet normal 0.171019 0.314925 0.933582
    outer loop
      vertex -6.90367 38.85 13.7429
      vertex -6.31236 38.4613 13.7657
      vertex -6.11431 38.85 13.5983
    endloop
  endfacet
  facet normal 0.17077 0.314555 0.933752
    outer loop
      vertex -6.31236 38.4613 13.7657
      vertex -6.90367 38.85 13.7429
      vertex -6.95208 38.8086 13.7657
    endloop
  endfacet
  facet normal -0.142009 0.479548 0.865949
    outer loop
      vertex 4.91345 32.5128 16.3541
      vertex 5.86641 32.795 16.3541
      vertex 4.48709 34.104 15.403
    endloop
  endfacet
  facet normal -0.154677 0.52233 0.838598
    outer loop
      vertex 4.91345 32.5128 16.3541
      vertex 5.5297 31.6583 17
      vertex 5.86641 32.795 16.3541
    endloop
  endfacet
  facet normal -0.15473 0.522299 0.838608
    outer loop
      vertex 5.5297 31.6583 17
      vertex 4.91345 32.5128 16.3541
      vertex 5.17088 31.552 17
    endloop
  endfacet
  facet normal -0.0392502 0.498593 0.865947
    outer loop
      vertex 1.98438 31.9699 16.3541
      vertex 1.81219 33.6082 15.403
      vertex 0.993551 31.8919 16.3541
    endloop
  endfacet
  facet normal -0.259966 0.478741 0.838585
    outer loop
      vertex 8.61861 33.935 16.3541
      vertex 9.39904 33.2274 17
      vertex 9.49206 34.4093 16.3541
    endloop
  endfacet
  facet normal -0.259977 0.478731 0.838587
    outer loop
      vertex 9.39904 33.2274 17
      vertex 8.61861 33.935 16.3541
      vertex 9.07016 33.0488 17
    endloop
  endfacet
  facet normal -0.238667 0.439518 0.865946
    outer loop
      vertex 9.49206 34.4093 16.3541
      vertex 8.66838 35.8359 15.403
      vertex 8.61861 33.935 16.3541
    endloop
  endfacet
  facet normal -0.151559 0.428086 0.890939
    outer loop
      vertex 6.21294 34.6647 15.403
      vertex 5.60556 36.247 14.5394
      vertex 4.83361 35.9737 14.5394
    endloop
  endfacet
  facet normal -0.151556 0.428089 0.890938
    outer loop
      vertex 5.35736 34.3618 15.403
      vertex 6.21294 34.6647 15.403
      vertex 4.83361 35.9737 14.5394
    endloop
  endfacet
  facet normal -0.119673 0.337879 0.93355
    outer loop
      vertex 4.32866 38.85 13.3269
      vertex 4.98281 37.8693 13.7657
      vertex 4.60637 38.85 13.3625
    endloop
  endfacet
  facet normal -0.119616 0.337914 0.933545
    outer loop
      vertex 4.98281 37.8693 13.7657
      vertex 4.32866 38.85 13.3269
      vertex 4.29662 37.6264 13.7657
    endloop
  endfacet
  facet normal -0.1372 0.331191 0.933536
    outer loop
      vertex 4.98909 38.85 13.4187
      vertex 4.98281 37.8693 13.7657
      vertex 5.65533 38.1479 13.7657
    endloop
  endfacet
  facet normal -0.137086 0.331195 0.933551
    outer loop
      vertex 4.98281 37.8693 13.7657
      vertex 4.98909 38.85 13.4187
      vertex 4.60637 38.85 13.3625
    endloop
  endfacet
  facet normal -0.00940581 0.35835 0.93354
    outer loop
      vertex 0.727687 36.9649 13.7657
      vertex 0 38.7217 13.084
      vertex 0 36.9458 13.7657
    endloop
  endfacet
  facet normal -0.0106755 0.406725 0.913488
    outer loop
      vertex 0.727687 36.9649 13.7657
      vertex 0 36.9458 13.7657
      vertex 0 35.2081 14.5394
    endloop
  endfacet
  facet normal -0.0319452 0.405593 0.913495
    outer loop
      vertex 0.818633 35.2295 14.5394
      vertex 1.63502 35.2938 14.5394
      vertex 0.727687 36.9649 13.7657
    endloop
  endfacet
  facet normal -0.0356579 0.452731 0.890934
    outer loop
      vertex 0.907336 33.537 15.403
      vertex 1.63502 35.2938 14.5394
      vertex 0.818633 35.2295 14.5394
    endloop
  endfacet
  facet normal -0.119728 0.337912 0.933531
    outer loop
      vertex 4.29662 37.6264 13.7657
      vertex 4.32866 38.85 13.3269
      vertex 3.89904 38.85 13.2718
    endloop
  endfacet
  facet normal -0.362772 0.344254 0.86596
    outer loop
      vertex 13.4238 37.4262 16.3541
      vertex 14.1079 38.1471 16.3541
      vertex 12.2589 38.5911 15.403
    endloop
  endfacet
  facet normal -0.395149 0.374978 0.8386
    outer loop
      vertex 13.4238 37.4262 16.3541
      vertex 14.3847 36.9943 17
      vertex 14.1079 38.1471 16.3541
    endloop
  endfacet
  facet normal -0.39512 0.375029 0.83859
    outer loop
      vertex 14.3847 36.9943 17
      vertex 13.4238 37.4262 16.3541
      vertex 14.1271 36.7229 17
    endloop
  endfacet
  facet normal -0.432229 0.331632 0.838569
    outer loop
      vertex 15.6564 38.85 16.8404
      vertex 15.5264 38.277 17
      vertex 15.7542 38.5739 17
    endloop
  endfacet
  facet normal -0.432206 0.331631 0.838582
    outer loop
      vertex 15.5264 38.277 17
      vertex 15.6564 38.85 16.8404
      vertex 14.8188 38.85 16.4087
    endloop
  endfacet
  facet normal -0.230395 0.335311 0.913501
    outer loop
      vertex 8.51919 37.7316 14.5394
      vertex 8.31191 38.85 14.0766
      vertex 7.7929 38.85 13.9457
    endloop
  endfacet
  facet normal -0.247632 0.322672 0.913543
    outer loop
      vertex 9.55639 38.85 14.4064
      vertex 9.19408 38.1954 14.5394
      vertex 9.84377 38.694 14.5394
    endloop
  endfacet
  facet normal -0.247711 0.322708 0.913509
    outer loop
      vertex 9.19408 38.1954 14.5394
      vertex 9.55639 38.85 14.4064
      vertex 8.71852 38.85 14.1792
    endloop
  endfacet
  facet normal -0.264441 0.309287 0.913462
    outer loop
      vertex 9.84377 38.694 14.5394
      vertex 9.79755 38.85 14.4732
      vertex 9.71741 38.85 14.45
    endloop
  endfacet
  facet normal -0.276444 0.360302 0.890933
    outer loop
      vertex 10.1903 36.8243 15.403
      vertex 10.9104 37.3768 15.403
      vertex 9.19408 38.1954 14.5394
    endloop
  endfacet
  facet normal -0.276473 0.360252 0.890944
    outer loop
      vertex 10.9104 37.3768 15.403
      vertex 9.84377 38.694 14.5394
      vertex 9.19408 38.1954 14.5394
    endloop
  endfacet
  facet normal -0.380277 0.324907 0.865924
    outer loop
      vertex 14.1079 38.1471 16.3541
      vertex 13.8591 38.85 15.9811
      vertex 13.3274 38.85 15.7476
    endloop
  endfacet
  facet normal -0.234533 0.491701 0.838585
    outer loop
      vertex 8.12609 32.5985 17
      vertex 8.7324 32.8877 17
      vertex 7.72153 33.5071 16.3541
    endloop
  endfacet
  facet normal -0.304471 0.396754 0.865958
    outer loop
      vertex 11.1586 35.4915 16.3541
      vertex 11.9471 36.0966 16.3541
      vertex 10.1903 36.8243 15.403
    endloop
  endfacet
  facet normal 0.362713 0.34436 0.865942
    outer loop
      vertex -13.3274 38.85 15.7476
      vertex -12.2589 38.5911 15.403
      vertex -12.5047 38.85 15.403
    endloop
  endfacet
  facet normal 0.362717 0.344404 0.865923
    outer loop
      vertex -12.2589 38.5911 15.403
      vertex -13.3274 38.85 15.7476
      vertex -14.1079 38.1471 16.3541
    endloop
  endfacet
  facet normal 0.380277 0.324907 0.865924
    outer loop
      vertex -13.3274 38.85 15.7476
      vertex -13.8591 38.85 15.9811
      vertex -14.1079 38.1471 16.3541
    endloop
  endfacet
  facet normal 0.432206 0.331631 0.838582
    outer loop
      vertex -15.6564 38.85 16.8404
      vertex -15.5264 38.277 17
      vertex -14.8188 38.85 16.4087
    endloop
  endfacet
  facet normal 0.432229 0.331632 0.838569
    outer loop
      vertex -15.5264 38.277 17
      vertex -15.6564 38.85 16.8404
      vertex -15.7542 38.5739 17
    endloop
  endfacet
  facet normal 0.0356231 0.45272 0.890941
    outer loop
      vertex -0.907336 33.537 15.403
      vertex -1.63502 35.2938 14.5394
      vertex -1.81219 33.6082 15.403
    endloop
  endfacet
  facet normal 0.0356579 0.452731 0.890934
    outer loop
      vertex -0.907336 33.537 15.403
      vertex -0.818633 35.2295 14.5394
      vertex -1.63502 35.2938 14.5394
    endloop
  endfacet
  facet normal 0.0711209 0.540089 0.838598
    outer loop
      vertex -2.08835 30.9807 17
      vertex -1.98438 31.9699 16.3541
      vertex -2.75434 31.0684 17
    endloop
  endfacet
  facet normal 0.0710906 0.540108 0.838588
    outer loop
      vertex -2.96977 32.0996 16.3541
      vertex -2.75434 31.0684 17
      vertex -1.98438 31.9699 16.3541
    endloop
  endfacet
  facet normal 0.0710373 0.540102 0.838596
    outer loop
      vertex -2.75434 31.0684 17
      vertex -2.96977 32.0996 16.3541
      vertex -3.12537 31.1172 17
    endloop
  endfacet
  facet normal 0.091129 0.49175 0.865955
    outer loop
      vertex -2.96977 32.0996 16.3541
      vertex -2.71207 33.7267 15.403
      vertex -3.94702 32.2807 16.3541
    endloop
  endfacet
  facet normal 0.116792 0.486305 0.865949
    outer loop
      vertex -3.94702 32.2807 16.3541
      vertex -4.48709 34.104 15.403
      vertex -4.91345 32.5128 16.3541
    endloop
  endfacet
  facet normal 0.216693 0.399089 0.890939
    outer loop
      vertex -7.87073 35.4028 15.403
      vertex -7.82095 37.3037 14.5394
      vertex -8.66838 35.8359 15.403
    endloop
  endfacet
  facet normal 0.238646 0.43952 0.865951
    outer loop
      vertex -8.61861 33.935 16.3541
      vertex -7.87073 35.4028 15.403
      vertex -8.66838 35.8359 15.403
    endloop
  endfacet
  facet normal 0.166962 0.471444 0.865947
    outer loop
      vertex -5.86641 32.795 16.3541
      vertex -6.21294 34.6647 15.403
      vertex -6.8033 33.1268 16.3541
    endloop
  endfacet
  facet normal 0.191421 0.462055 0.865946
    outer loop
      vertex -6.8033 33.1268 16.3541
      vertex -6.21294 34.6647 15.403
      vertex -7.0515 35.0121 15.403
    endloop
  endfacet
  facet normal 0.115581 0.390091 0.913493
    outer loop
      vertex -3.59866 37.4196 13.7657
      vertex -4.29662 37.6264 13.7657
      vertex -4.83361 35.9737 14.5394
    endloop
  endfacet
  facet normal 0.115562 0.390105 0.91349
    outer loop
      vertex -4.04842 35.7411 14.5394
      vertex -3.59866 37.4196 13.7657
      vertex -4.83361 35.9737 14.5394
    endloop
  endfacet
  facet normal -0.00804836 0.308675 0.951133
    outer loop
      vertex 0.0380063 38.85 13.0427
      vertex 0.634747 38.7383 13.084
      vertex 0.628893 38.85 13.0477
    endloop
  endfacet
  facet normal -0.00806984 0.308573 0.951167
    outer loop
      vertex 0.634747 38.7383 13.084
      vertex 0.0380063 38.85 13.0427
      vertex 0 38.7217 13.084
    endloop
  endfacet
  facet normal -0.0242326 0.308018 0.951072
    outer loop
      vertex 1.24213 38.85 13.0633
      vertex 0.634747 38.7383 13.084
      vertex 1.26775 38.7881 13.084
    endloop
  endfacet
  facet normal -0.0241957 0.307829 0.951134
    outer loop
      vertex 0.634747 38.7383 13.084
      vertex 1.24213 38.85 13.0633
      vertex 0.628893 38.85 13.0477
    endloop
  endfacet
  facet normal 0.0403266 0.30615 0.951129
    outer loop
      vertex -1.26775 38.7881 13.084
      vertex -1.26125 38.85 13.0638
      vertex -1.73768 38.85 13.084
    endloop
  endfacet
  facet normal 0.046816 0.355416 0.933535
    outer loop
      vertex -1.73768 38.85 13.084
      vertex -1.45338 37.022 13.7657
      vertex -1.26775 38.7881 13.084
    endloop
  endfacet
  facet normal 0.0471102 0.355451 0.933507
    outer loop
      vertex -1.45338 37.022 13.7657
      vertex -1.73768 38.85 13.084
      vertex -1.89224 38.85 13.0918
    endloop
  endfacet
  facet normal 0.119728 0.337912 0.933531
    outer loop
      vertex -4.29662 37.6264 13.7657
      vertex -3.89904 38.85 13.2718
      vertex -4.32866 38.85 13.3269
    endloop
  endfacet
  facet normal 0.065295 0.352468 0.933543
    outer loop
      vertex -1.91016 38.85 13.0929
      vertex -2.55068 38.85 13.1377
      vertex -2.89084 37.2497 13.7657
    endloop
  endfacet
  facet normal 0.00804836 0.308675 0.951133
    outer loop
      vertex -0.634747 38.7383 13.084
      vertex -0.0380063 38.85 13.0427
      vertex -0.628893 38.85 13.0477
    endloop
  endfacet
  facet normal 0.00806984 0.308573 0.951167
    outer loop
      vertex -0.0380063 38.85 13.0427
      vertex -0.634747 38.7383 13.084
      vertex 0 38.7217 13.084
    endloop
  endfacet
  facet normal 0.212853 0.346856 0.913447
    outer loop
      vertex -7.7929 38.85 13.9457
      vertex -7.82095 37.3037 14.5394
      vertex -7.61738 38.85 13.9048
    endloop
  endfacet
  facet normal 0.212578 0.346881 0.913501
    outer loop
      vertex -7.82095 37.3037 14.5394
      vertex -7.7929 38.85 13.9457
      vertex -8.51919 37.7316 14.5394
    endloop
  endfacet
  facet normal 0.230395 0.335311 0.913501
    outer loop
      vertex -7.7929 38.85 13.9457
      vertex -8.31191 38.85 14.0766
      vertex -8.51919 37.7316 14.5394
    endloop
  endfacet
  facet normal 0.154457 0.323364 0.933584
    outer loop
      vertex -5.90276 38.85 13.5633
      vertex -6.11431 38.85 13.5983
      vertex -6.31236 38.4613 13.7657
    endloop
  endfacet
  facet normal -0.0130836 0.499969 0.865944
    outer loop
      vertex 0.993551 31.8919 16.3541
      vertex 0 33.5132 15.403
      vertex 0 31.8659 16.3541
    endloop
  endfacet
  facet normal -0.0131141 0.499955 0.865952
    outer loop
      vertex 0.993551 31.8919 16.3541
      vertex 0.907336 33.537 15.403
      vertex 0 33.5132 15.403
    endloop
  endfacet
  facet normal -0.234524 0.4917 0.838588
    outer loop
      vertex 8.61861 33.935 16.3541
      vertex 8.7324 32.8877 17
      vertex 9.07016 33.0488 17
    endloop
  endfacet
  facet normal -0.234536 0.491698 0.838586
    outer loop
      vertex 8.7324 32.8877 17
      vertex 8.61861 33.935 16.3541
      vertex 7.72153 33.5071 16.3541
    endloop
  endfacet
  facet normal -0.215288 0.451421 0.86595
    outer loop
      vertex 8.61861 33.935 16.3541
      vertex 7.87073 35.4028 15.403
      vertex 7.0515 35.0121 15.403
    endloop
  endfacet
  facet normal -0.101743 0.343756 0.933531
    outer loop
      vertex 4.29662 37.6264 13.7657
      vertex 3.89904 38.85 13.2718
      vertex 3.35769 38.85 13.2128
    endloop
  endfacet
  facet normal -0.23041 0.335277 0.91351
    outer loop
      vertex 8.71852 38.85 14.1792
      vertex 8.51919 37.7316 14.5394
      vertex 9.19408 38.1954 14.5394
    endloop
  endfacet
  facet normal -0.2305 0.335285 0.913484
    outer loop
      vertex 8.51919 37.7316 14.5394
      vertex 8.71852 38.85 14.1792
      vertex 8.31191 38.85 14.0766
    endloop
  endfacet
  facet normal -0.257207 0.37427 0.890936
    outer loop
      vertex 9.44228 36.3102 15.403
      vertex 9.19408 38.1954 14.5394
      vertex 8.51919 37.7316 14.5394
    endloop
  endfacet
  facet normal -0.247341 0.323136 0.913458
    outer loop
      vertex 9.84377 38.694 14.5394
      vertex 9.71741 38.85 14.45
      vertex 9.55639 38.85 14.4064
    endloop
  endfacet
  facet normal -0.312673 0.329437 0.890902
    outer loop
      vertex 12 38.85 15.2164
      vertex 11.6006 37.9663 15.403
      vertex 12.2589 38.5911 15.403
    endloop
  endfacet
  facet normal -0.312608 0.329415 0.890933
    outer loop
      vertex 11.6006 37.9663 15.403
      vertex 12 38.85 15.2164
      vertex 11.3388 38.85 14.9844
    endloop
  endfacet
  facet normal -0.374993 0.395165 0.838585
    outer loop
      vertex 12.7029 36.7421 16.3541
      vertex 13.6398 36.2605 17
      vertex 13.4238 37.4262 16.3541
    endloop
  endfacet
  facet normal -0.375025 0.395115 0.838594
    outer loop
      vertex 13.6398 36.2605 17
      vertex 12.7029 36.7421 16.3541
      vertex 13.3684 36.0029 17
    endloop
  endfacet
  facet normal -0.374978 0.39517 0.838589
    outer loop
      vertex 13.6398 36.2605 17
      vertex 14.1271 36.7229 17
      vertex 13.4238 37.4262 16.3541
    endloop
  endfacet
  facet normal -0.353777 0.414228 0.838604
    outer loop
      vertex 11.9471 36.0966 16.3541
      vertex 12.8576 35.5666 17
      vertex 12.7029 36.7421 16.3541
    endloop
  endfacet
  facet normal -0.353733 0.414289 0.838593
    outer loop
      vertex 12.8576 35.5666 17
      vertex 11.9471 36.0966 16.3541
      vertex 12.573 35.3236 17
    endloop
  endfacet
  facet normal -0.331624 0.43219 0.838592
    outer loop
      vertex 12.0401 34.9147 17
      vertex 12.573 35.3236 17
      vertex 11.9471 36.0966 16.3541
    endloop
  endfacet
  facet normal 0.0142652 0.544545 0.838611
    outer loop
      vertex 0 31.8659 16.3541
      vertex -0.374095 30.881 17
      vertex 0 30.8712 17
    endloop
  endfacet
  facet normal 0.0142502 0.544549 0.838608
    outer loop
      vertex -0.374095 30.881 17
      vertex 0 31.8659 16.3541
      vertex -0.993551 31.8919 16.3541
    endloop
  endfacet
  facet normal 0.0142725 0.544558 0.838602
    outer loop
      vertex -0.374095 30.881 17
      vertex -0.993551 31.8919 16.3541
      vertex -1.04561 30.8986 17
    endloop
  endfacet
  facet normal 0.127207 0.52967 0.838611
    outer loop
      vertex -4.91345 32.5128 16.3541
      vertex -4.807 31.4646 17
      vertex -3.94702 32.2807 16.3541
    endloop
  endfacet
  facet normal 0.127221 0.52967 0.838609
    outer loop
      vertex -4.807 31.4646 17
      vertex -4.91345 32.5128 16.3541
      vertex -5.17088 31.552 17
    endloop
  endfacet
  facet normal 0.15473 0.522299 0.838608
    outer loop
      vertex -4.91345 32.5128 16.3541
      vertex -5.5297 31.6583 17
      vertex -5.17088 31.552 17
    endloop
  endfacet
  facet normal 0.154677 0.52233 0.838598
    outer loop
      vertex -5.5297 31.6583 17
      vertex -4.91345 32.5128 16.3541
      vertex -5.86641 32.795 16.3541
    endloop
  endfacet
  facet normal 0.059289 0.450236 0.890939
    outer loop
      vertex -1.81219 33.6082 15.403
      vertex -2.44693 35.4007 14.5394
      vertex -2.71207 33.7267 15.403
    endloop
  endfacet
  facet normal 0.0652945 0.495841 0.865955
    outer loop
      vertex -1.81219 33.6082 15.403
      vertex -2.71207 33.7267 15.403
      vertex -2.96977 32.0996 16.3541
    endloop
  endfacet
  facet normal 0.195521 0.409863 0.890946
    outer loop
      vertex -6.36213 36.5604 14.5394
      vertex -7.10127 36.913 14.5394
      vertex -7.87073 35.4028 15.403
    endloop
  endfacet
  facet normal 0.195486 0.409901 0.890936
    outer loop
      vertex -7.0515 35.0121 15.403
      vertex -6.36213 36.5604 14.5394
      vertex -7.87073 35.4028 15.403
    endloop
  endfacet
  facet normal 0.0100087 0.309087 0.950981
    outer loop
      vertex 0 38.7217 13.084
      vertex 0 38.85 13.0423
      vertex -0.0380063 38.85 13.0427
    endloop
  endfacet
  facet normal 0.247341 0.323136 0.913458
    outer loop
      vertex -9.55639 38.85 14.4064
      vertex -9.71741 38.85 14.45
      vertex -9.84377 38.694 14.5394
    endloop
  endfacet
  facet normal 0.171241 0.31405 0.933836
    outer loop
      vertex -6.90367 38.85 13.7429
      vertex -6.92821 38.85 13.7474
      vertex -6.95208 38.8086 13.7657
    endloop
  endfacet
  facet normal 0.18435 0.306498 0.933849
    outer loop
      vertex -6.92821 38.85 13.7474
      vertex -6.94442 38.85 13.7506
      vertex -6.95208 38.8086 13.7657
    endloop
  endfacet
  facet normal -0.0710373 0.540102 0.838596
    outer loop
      vertex 2.96977 32.0996 16.3541
      vertex 2.75434 31.0684 17
      vertex 3.12537 31.1172 17
    endloop
  endfacet
  facet normal -0.0710906 0.540108 0.838588
    outer loop
      vertex 2.75434 31.0684 17
      vertex 2.96977 32.0996 16.3541
      vertex 1.98438 31.9699 16.3541
    endloop
  endfacet
  facet normal -0.0992621 0.535637 0.838594
    outer loop
      vertex 2.96977 32.0996 16.3541
      vertex 3.49332 31.1854 17
      vertex 3.94702 32.2807 16.3541
    endloop
  endfacet
  facet normal -0.0992795 0.535629 0.838597
    outer loop
      vertex 3.49332 31.1854 17
      vertex 2.96977 32.0996 16.3541
      vertex 3.12537 31.1172 17
    endloop
  endfacet
  facet normal -0.208499 0.503293 0.838585
    outer loop
      vertex 8.12609 32.5985 17
      vertex 7.72153 33.5071 16.3541
      vertex 7.50548 32.3414 17
    endloop
  endfacet
  facet normal -0.208446 0.503291 0.838599
    outer loop
      vertex 6.8033 33.1268 16.3541
      vertex 7.50548 32.3414 17
      vertex 7.72153 33.5071 16.3541
    endloop
  endfacet
  facet normal -0.208453 0.503286 0.838601
    outer loop
      vertex 7.50548 32.3414 17
      vertex 6.8033 33.1268 16.3541
      vertex 7.15974 32.1982 17
    endloop
  endfacet
  facet normal -0.312556 0.329435 0.890944
    outer loop
      vertex 11.6006 37.9663 15.403
      vertex 11.3388 38.85 14.9844
      vertex 10.8049 38.85 14.7971
    endloop
  endfacet
  facet normal -0.294937 0.345473 0.890876
    outer loop
      vertex 9.84377 38.694 14.5394
      vertex 10.8049 38.85 14.7971
      vertex 10.0265 38.85 14.5394
    endloop
  endfacet
  facet normal -0.294928 0.345308 0.890943
    outer loop
      vertex 10.8049 38.85 14.7971
      vertex 9.84377 38.694 14.5394
      vertex 11.6006 37.9663 15.403
    endloop
  endfacet
  facet normal 0.128987 0.435423 0.890937
    outer loop
      vertex -4.48709 34.104 15.403
      vertex -4.04842 35.7411 14.5394
      vertex -4.83361 35.9737 14.5394
    endloop
  endfacet
  facet normal 0.0911363 0.491745 0.865957
    outer loop
      vertex -2.71207 33.7267 15.403
      vertex -3.60452 33.8921 15.403
      vertex -3.94702 32.2807 16.3541
    endloop
  endfacet
  facet normal 0.10602 0.441577 0.890937
    outer loop
      vertex -3.60452 33.8921 15.403
      vertex -4.04842 35.7411 14.5394
      vertex -4.48709 34.104 15.403
    endloop
  endfacet
  facet normal 0.106029 0.441578 0.890936
    outer loop
      vertex -3.60452 33.8921 15.403
      vertex -3.25213 35.5499 14.5394
      vertex -4.04842 35.7411 14.5394
    endloop
  endfacet
  facet normal 0 1 -0
    outer loop
      vertex 16 18.85 7.4
      vertex -16 18.85 11
      vertex 16 18.85 11
    endloop
  endfacet
  facet normal 0 1 0
    outer loop
      vertex -16 18.85 11
      vertex 16 18.85 7.4
      vertex -16 18.85 7.4
    endloop
  endfacet
  facet normal -0 0 1
    outer loop
      vertex -16 18.85 11
      vertex 16 15.45 11
      vertex 16 18.85 11
    endloop
  endfacet
  facet normal 0 0 1
    outer loop
      vertex 16 15.45 11
      vertex -16 18.85 11
      vertex -16 15.45 11
    endloop
  endfacet
  facet normal 0 -0.378633 0.925547
    outer loop
      vertex -16 15.45 11
      vertex 16 6.65 7.4
      vertex 16 15.45 11
    endloop
  endfacet
  facet normal 0 -0.378633 0.925547
    outer loop
      vertex 16 6.65 7.4
      vertex -16 15.45 11
      vertex -16 6.65 7.4
    endloop
  endfacet
endsolid OpenSCAD_Model
